Trespass Men's Grey Puffer Jacket	59.99	http://argos.scene7.com/is/image/Argos/3857724_R_SET?$Listers$	4	[{"author":"nickname","text":"This Trespass Men's Grey Puffer Jacket was fantastic. I have never been so happy with a product before in my life as I was with the Trespass Men's Grey Puffer Jacket","rating":3.2,"date":1458316650682},{"author":"nickname","text":"This Trespass Men's Grey Puffer Jacket was fantastic. I have never been so happy with a product before in my life as I was with the Trespass Men's Grey Puffer Jacket","rating":4.9,"date":1458316650682},{"author":"nickname","text":"This Trespass Men's Grey Puffer Jacket was fantastic. I have never been so happy with a product before in my life as I was with the Trespass Men's Grey Puffer Jacket","rating":3.5,"date":1458316650682}]	Perfect for individuals OR families, this product , a Trespass Men's Grey Puffer Jacket, is an absolute bargain at £59.99. It is extremely reliable, made with high quality materials, and comes with a 5-year quality guarantee.
Trespass Men's Cobalt Jacket	49.99	http://argos.scene7.com/is/image/Argos/3918522_R_SET?$Listers$	4	[{"author":"nickname","text":"This Trespass Men's Cobalt Jacket was fantastic. I have never been so happy with a product before in my life as I was with the Trespass Men's Cobalt Jacket","rating":3.3,"date":1458316650682},{"author":"nickname","text":"This Trespass Men's Cobalt Jacket was fantastic. I have never been so happy with a product before in my life as I was with the Trespass Men's Cobalt Jacket","rating":4.1,"date":1458316650682},{"author":"nickname","text":"This Trespass Men's Cobalt Jacket was fantastic. I have never been so happy with a product before in my life as I was with the Trespass Men's Cobalt Jacket","rating":4.6,"date":1458316650682}]	Perfect for individuals OR families, this product , a Trespass Men's Cobalt Jacket, is an absolute bargain at £49.99. It is extremely reliable, made with high quality materials, and comes with a 5-year quality guarantee.
Cherokee Men's Jeans	20	http://argos.scene7.com/is/image/Argos/4042088_R_SET?$Listers$	4	[{"author":"nickname","text":"This Cherokee Men's Jeans was fantastic. I have never been so happy with a product before in my life as I was with the Cherokee Men's Jeans","rating":4.3,"date":1458316650682},{"author":"nickname","text":"This Cherokee Men's Jeans was fantastic. I have never been so happy with a product before in my life as I was with the Cherokee Men's Jeans","rating":3.7,"date":1458316650682},{"author":"nickname","text":"This Cherokee Men's Jeans was fantastic. I have never been so happy with a product before in my life as I was with the Cherokee Men's Jeans","rating":4.9,"date":1458316650682}]	Perfect for individuals OR families, this product , a Cherokee Men's Jeans, is an absolute bargain at £20. It is extremely reliable, made with high quality materials, and comes with a 5-year quality guarantee.
Cherokee Men's Navy Cable Knit Jumper	9	http://argos.scene7.com/is/image/Argos/4111964_R_SET?$Listers$	4	[{"author":"nickname","text":"This Cherokee Men's Navy Cable Knit Jumper was fantastic. I have never been so happy with a product before in my life as I was with the Cherokee Men's Navy Cable Knit Jumper","rating":4.4,"date":1458316650682},{"author":"nickname","text":"This Cherokee Men's Navy Cable Knit Jumper was fantastic. I have never been so happy with a product before in my life as I was with the Cherokee Men's Navy Cable Knit Jumper","rating":3.3,"date":1458316650682},{"author":"nickname","text":"This Cherokee Men's Navy Cable Knit Jumper was fantastic. I have never been so happy with a product before in my life as I was with the Cherokee Men's Navy Cable Knit Jumper","rating":4.8,"date":1458316650682}]	Perfect for individuals OR families, this product , a Cherokee Men's Navy Cable Knit Jumper, is an absolute bargain at £9. It is extremely reliable, made with high quality materials, and comes with a 5-year quality guarantee.
Cherokee Men's Navy Coat	20	http://argos.scene7.com/is/image/Argos/4119430_R_SET?$Listers$	4	[{"author":"nickname","text":"This Cherokee Men's Navy Coat was fantastic. I have never been so happy with a product before in my life as I was with the Cherokee Men's Navy Coat","rating":4.1,"date":1458316650682},{"author":"nickname","text":"This Cherokee Men's Navy Coat was fantastic. I have never been so happy with a product before in my life as I was with the Cherokee Men's Navy Coat","rating":3.9,"date":1458316650682},{"author":"nickname","text":"This Cherokee Men's Navy Coat was fantastic. I have never been so happy with a product before in my life as I was with the Cherokee Men's Navy Coat","rating":4.9,"date":1458316650682}]	Perfect for individuals OR families, this product , a Cherokee Men's Navy Coat, is an absolute bargain at £20. It is extremely reliable, made with high quality materials, and comes with a 5-year quality guarantee.
Cherokee Women's Black Feather and Down Padded Jacket. 	20	http://argos.scene7.com/is/image/Argos/4125345_R_SET?$Listers$	4	[{"author":"nickname","text":"This Cherokee Women's Black Feather and Down Padded Jacket.  was fantastic. I have never been so happy with a product before in my life as I was with the Cherokee Women's Black Feather and Down Padded Jacket. ","rating":4.6,"date":1458316650682},{"author":"nickname","text":"This Cherokee Women's Black Feather and Down Padded Jacket.  was fantastic. I have never been so happy with a product before in my life as I was with the Cherokee Women's Black Feather and Down Padded Jacket. ","rating":5,"date":1458316650683},{"author":"nickname","text":"This Cherokee Women's Black Feather and Down Padded Jacket.  was fantastic. I have never been so happy with a product before in my life as I was with the Cherokee Women's Black Feather and Down Padded Jacket. ","rating":3.4,"date":1458316650683}]	Perfect for individuals OR families, this product , a Cherokee Women's Black Feather and Down Padded Jacket. , is an absolute bargain at £20. It is extremely reliable, made with high quality materials, and comes with a 5-year quality guarantee.
Cherokee Men's Red Check Shirt	12.8	http://argos.scene7.com/is/image/Argos/4134305_R_SET?$Listers$	4	[{"author":"nickname","text":"This Cherokee Men's Red Check Shirt was fantastic. I have never been so happy with a product before in my life as I was with the Cherokee Men's Red Check Shirt","rating":3.1,"date":1458316650683},{"author":"nickname","text":"This Cherokee Men's Red Check Shirt was fantastic. I have never been so happy with a product before in my life as I was with the Cherokee Men's Red Check Shirt","rating":4.8,"date":1458316650683},{"author":"nickname","text":"This Cherokee Men's Red Check Shirt was fantastic. I have never been so happy with a product before in my life as I was with the Cherokee Men's Red Check Shirt","rating":4.7,"date":1458316650683}]	Perfect for individuals OR families, this product , a Cherokee Men's Red Check Shirt, is an absolute bargain at £12.8. It is extremely reliable, made with high quality materials, and comes with a 5-year quality guarantee.
Trespass Nana 3 in 1 Purple Jacket	34.99	http://argos.scene7.com/is/image/Argos/4827801_R_SET?$Listers$	4	[{"author":"nickname","text":"This Trespass Nana 3 in 1 Purple Jacket was fantastic. I have never been so happy with a product before in my life as I was with the Trespass Nana 3 in 1 Purple Jacket","rating":4.6,"date":1458316650683},{"author":"nickname","text":"This Trespass Nana 3 in 1 Purple Jacket was fantastic. I have never been so happy with a product before in my life as I was with the Trespass Nana 3 in 1 Purple Jacket","rating":3.7,"date":1458316650683},{"author":"nickname","text":"This Trespass Nana 3 in 1 Purple Jacket was fantastic. I have never been so happy with a product before in my life as I was with the Trespass Nana 3 in 1 Purple Jacket","rating":4.3,"date":1458316650683}]	Perfect for individuals OR families, this product , a Trespass Nana 3 in 1 Purple Jacket, is an absolute bargain at £34.99. It is extremely reliable, made with high quality materials, and comes with a 5-year quality guarantee.
Trespass Nana 3 in 1 Blue Jacket	34.99	http://argos.scene7.com/is/image/Argos/4571542_R_SET?$Listers$	4	[{"author":"nickname","text":"This Trespass Nana 3 in 1 Blue Jacket was fantastic. I have never been so happy with a product before in my life as I was with the Trespass Nana 3 in 1 Blue Jacket","rating":4,"date":1458316650683},{"author":"nickname","text":"This Trespass Nana 3 in 1 Blue Jacket was fantastic. I have never been so happy with a product before in my life as I was with the Trespass Nana 3 in 1 Blue Jacket","rating":3,"date":1458316650683},{"author":"nickname","text":"This Trespass Nana 3 in 1 Blue Jacket was fantastic. I have never been so happy with a product before in my life as I was with the Trespass Nana 3 in 1 Blue Jacket","rating":3.2,"date":1458316650683}]	Perfect for individuals OR families, this product , a Trespass Nana 3 in 1 Blue Jacket, is an absolute bargain at £34.99. It is extremely reliable, made with high quality materials, and comes with a 5-year quality guarantee.
Cherokee Mens Navy Chino	10	http://argos.scene7.com/is/image/Argos/4475978_R_SET?$Listers$	4	[{"author":"nickname","text":"This Cherokee Mens Navy Chino was fantastic. I have never been so happy with a product before in my life as I was with the Cherokee Mens Navy Chino","rating":3.2,"date":1458316650683},{"author":"nickname","text":"This Cherokee Mens Navy Chino was fantastic. I have never been so happy with a product before in my life as I was with the Cherokee Mens Navy Chino","rating":4.6,"date":1458316650683},{"author":"nickname","text":"This Cherokee Mens Navy Chino was fantastic. I have never been so happy with a product before in my life as I was with the Cherokee Mens Navy Chino","rating":3.1,"date":1458316650683}]	Perfect for individuals OR families, this product , a Cherokee Mens Navy Chino, is an absolute bargain at £10. It is extremely reliable, made with high quality materials, and comes with a 5-year quality guarantee.
Cherokee Mens Fashion Indigo Jean 	20	http://argos.scene7.com/is/image/Argos/4505611_R_SET?$Listers$	5	[{"author":"nickname","text":"This Cherokee Mens Fashion Indigo Jean  was fantastic. I have never been so happy with a product before in my life as I was with the Cherokee Mens Fashion Indigo Jean ","rating":4.5,"date":1458316650683},{"author":"nickname","text":"This Cherokee Mens Fashion Indigo Jean  was fantastic. I have never been so happy with a product before in my life as I was with the Cherokee Mens Fashion Indigo Jean ","rating":3.5,"date":1458316650683},{"author":"nickname","text":"This Cherokee Mens Fashion Indigo Jean  was fantastic. I have never been so happy with a product before in my life as I was with the Cherokee Mens Fashion Indigo Jean ","rating":3.1,"date":1458316650683}]	Perfect for individuals OR families, this product , a Cherokee Mens Fashion Indigo Jean , is an absolute bargain at £20. It is extremely reliable, made with high quality materials, and comes with a 5-year quality guarantee.
Cherokee Mens Green Check Shir	8	http://argos.scene7.com/is/image/Argos/4518550_R_SET?$Listers$	4	[{"author":"nickname","text":"This Cherokee Mens Green Check Shir was fantastic. I have never been so happy with a product before in my life as I was with the Cherokee Mens Green Check Shir","rating":3.3,"date":1458316650683},{"author":"nickname","text":"This Cherokee Mens Green Check Shir was fantastic. I have never been so happy with a product before in my life as I was with the Cherokee Mens Green Check Shir","rating":3.6,"date":1458316650683},{"author":"nickname","text":"This Cherokee Mens Green Check Shir was fantastic. I have never been so happy with a product before in my life as I was with the Cherokee Mens Green Check Shir","rating":3.6,"date":1458316650683}]	Perfect for individuals OR families, this product , a Cherokee Mens Green Check Shir, is an absolute bargain at £8. It is extremely reliable, made with high quality materials, and comes with a 5-year quality guarantee.
Cherokee Mens Red Nautical T‑Shirt	10	http://argos.scene7.com/is/image/Argos/4532543_R_SET?$Listers$	3	[{"author":"nickname","text":"This Cherokee Mens Red Nautical T‑Shirt was fantastic. I have never been so happy with a product before in my life as I was with the Cherokee Mens Red Nautical T‑Shirt","rating":4.5,"date":1458316650683},{"author":"nickname","text":"This Cherokee Mens Red Nautical T‑Shirt was fantastic. I have never been so happy with a product before in my life as I was with the Cherokee Mens Red Nautical T‑Shirt","rating":4.7,"date":1458316650683},{"author":"nickname","text":"This Cherokee Mens Red Nautical T‑Shirt was fantastic. I have never been so happy with a product before in my life as I was with the Cherokee Mens Red Nautical T‑Shirt","rating":4,"date":1458316650683}]	Perfect for individuals OR families, this product , a Cherokee Mens Red Nautical T‑Shirt, is an absolute bargain at £10. It is extremely reliable, made with high quality materials, and comes with a 5-year quality guarantee.
Cherokee Mens Grey Cargo Short	8	http://argos.scene7.com/is/image/Argos/4533762_R_SET?$Listers$	4	[{"author":"nickname","text":"This Cherokee Mens Grey Cargo Short was fantastic. I have never been so happy with a product before in my life as I was with the Cherokee Mens Grey Cargo Short","rating":3.7,"date":1458316650683},{"author":"nickname","text":"This Cherokee Mens Grey Cargo Short was fantastic. I have never been so happy with a product before in my life as I was with the Cherokee Mens Grey Cargo Short","rating":4.7,"date":1458316650683},{"author":"nickname","text":"This Cherokee Mens Grey Cargo Short was fantastic. I have never been so happy with a product before in my life as I was with the Cherokee Mens Grey Cargo Short","rating":4.3,"date":1458316650683}]	Perfect for individuals OR families, this product , a Cherokee Mens Grey Cargo Short, is an absolute bargain at £8. It is extremely reliable, made with high quality materials, and comes with a 5-year quality guarantee.
Cherokee Mens Vintage Check Shirt	10.66	http://argos.scene7.com/is/image/Argos/4536642_R_SET?$Listers$	4	[{"author":"nickname","text":"This Cherokee Mens Vintage Check Shirt was fantastic. I have never been so happy with a product before in my life as I was with the Cherokee Mens Vintage Check Shirt","rating":3.9,"date":1458316650683},{"author":"nickname","text":"This Cherokee Mens Vintage Check Shirt was fantastic. I have never been so happy with a product before in my life as I was with the Cherokee Mens Vintage Check Shirt","rating":4.7,"date":1458316650683},{"author":"nickname","text":"This Cherokee Mens Vintage Check Shirt was fantastic. I have never been so happy with a product before in my life as I was with the Cherokee Mens Vintage Check Shirt","rating":3.9,"date":1458316650683}]	Perfect for individuals OR families, this product , a Cherokee Mens Vintage Check Shirt, is an absolute bargain at £10.66. It is extremely reliable, made with high quality materials, and comes with a 5-year quality guarantee.
Cherokee Mens Surf Graphic T‑Shirt	10	http://argos.scene7.com/is/image/Argos/4551926_R_SET?$Listers$	4	[{"author":"nickname","text":"This Cherokee Mens Surf Graphic T‑Shirt was fantastic. I have never been so happy with a product before in my life as I was with the Cherokee Mens Surf Graphic T‑Shirt","rating":3.9,"date":1458316650683},{"author":"nickname","text":"This Cherokee Mens Surf Graphic T‑Shirt was fantastic. I have never been so happy with a product before in my life as I was with the Cherokee Mens Surf Graphic T‑Shirt","rating":3.2,"date":1458316650683},{"author":"nickname","text":"This Cherokee Mens Surf Graphic T‑Shirt was fantastic. I have never been so happy with a product before in my life as I was with the Cherokee Mens Surf Graphic T‑Shirt","rating":4.8,"date":1458316650683}]	Perfect for individuals OR families, this product , a Cherokee Mens Surf Graphic T‑Shirt, is an absolute bargain at £10. It is extremely reliable, made with high quality materials, and comes with a 5-year quality guarantee.
Cherokee Mens Fashion Crew Sweat	16	http://argos.scene7.com/is/image/Argos/4606943_R_SET?$Listers$	4	[{"author":"nickname","text":"This Cherokee Mens Fashion Crew Sweat was fantastic. I have never been so happy with a product before in my life as I was with the Cherokee Mens Fashion Crew Sweat","rating":4.2,"date":1458316650683},{"author":"nickname","text":"This Cherokee Mens Fashion Crew Sweat was fantastic. I have never been so happy with a product before in my life as I was with the Cherokee Mens Fashion Crew Sweat","rating":3.9,"date":1458316650683},{"author":"nickname","text":"This Cherokee Mens Fashion Crew Sweat was fantastic. I have never been so happy with a product before in my life as I was with the Cherokee Mens Fashion Crew Sweat","rating":3.1,"date":1458316650683}]	Perfect for individuals OR families, this product , a Cherokee Mens Fashion Crew Sweat, is an absolute bargain at £16. It is extremely reliable, made with high quality materials, and comes with a 5-year quality guarantee.
Cherokee Mens Dark Denim Shirt	12	http://argos.scene7.com/is/image/Argos/4759120_R_SET?$Listers$	4	[{"author":"nickname","text":"This Cherokee Mens Dark Denim Shirt was fantastic. I have never been so happy with a product before in my life as I was with the Cherokee Mens Dark Denim Shirt","rating":3.9,"date":1458316650683},{"author":"nickname","text":"This Cherokee Mens Dark Denim Shirt was fantastic. I have never been so happy with a product before in my life as I was with the Cherokee Mens Dark Denim Shirt","rating":3.8,"date":1458316650683},{"author":"nickname","text":"This Cherokee Mens Dark Denim Shirt was fantastic. I have never been so happy with a product before in my life as I was with the Cherokee Mens Dark Denim Shirt","rating":4.9,"date":1458316650683}]	Perfect for individuals OR families, this product , a Cherokee Mens Dark Denim Shirt, is an absolute bargain at £12. It is extremely reliable, made with high quality materials, and comes with a 5-year quality guarantee.
Cherokee Mens Navy Slogan T‑Shirt	10	http://argos.scene7.com/is/image/Argos/4813626_R_SET?$Listers$	4	[{"author":"nickname","text":"This Cherokee Mens Navy Slogan T‑Shirt was fantastic. I have never been so happy with a product before in my life as I was with the Cherokee Mens Navy Slogan T‑Shirt","rating":3.6,"date":1458316650683},{"author":"nickname","text":"This Cherokee Mens Navy Slogan T‑Shirt was fantastic. I have never been so happy with a product before in my life as I was with the Cherokee Mens Navy Slogan T‑Shirt","rating":4.9,"date":1458316650683},{"author":"nickname","text":"This Cherokee Mens Navy Slogan T‑Shirt was fantastic. I have never been so happy with a product before in my life as I was with the Cherokee Mens Navy Slogan T‑Shirt","rating":4.5,"date":1458316650683}]	Perfect for individuals OR families, this product , a Cherokee Mens Navy Slogan T‑Shirt, is an absolute bargain at £10. It is extremely reliable, made with high quality materials, and comes with a 5-year quality guarantee.
Cherokee Mens Long Sleeve Rugby Top	16	http://argos.scene7.com/is/image/Argos/4817608_R_SET?$Listers$	4	[{"author":"nickname","text":"This Cherokee Mens Long Sleeve Rugby Top was fantastic. I have never been so happy with a product before in my life as I was with the Cherokee Mens Long Sleeve Rugby Top","rating":3.7,"date":1458316650683},{"author":"nickname","text":"This Cherokee Mens Long Sleeve Rugby Top was fantastic. I have never been so happy with a product before in my life as I was with the Cherokee Mens Long Sleeve Rugby Top","rating":3.4,"date":1458316650683},{"author":"nickname","text":"This Cherokee Mens Long Sleeve Rugby Top was fantastic. I have never been so happy with a product before in my life as I was with the Cherokee Mens Long Sleeve Rugby Top","rating":4,"date":1458316650683}]	Perfect for individuals OR families, this product , a Cherokee Mens Long Sleeve Rugby Top, is an absolute bargain at £16. It is extremely reliable, made with high quality materials, and comes with a 5-year quality guarantee.
Cherokee Womens Faux Leather Jacket	32	http://argos.scene7.com/is/image/Argos/4818339_R_SET?$Listers$	4	[{"author":"nickname","text":"This Cherokee Womens Faux Leather Jacket was fantastic. I have never been so happy with a product before in my life as I was with the Cherokee Womens Faux Leather Jacket","rating":4.1,"date":1458316650683},{"author":"nickname","text":"This Cherokee Womens Faux Leather Jacket was fantastic. I have never been so happy with a product before in my life as I was with the Cherokee Womens Faux Leather Jacket","rating":4.9,"date":1458316650683},{"author":"nickname","text":"This Cherokee Womens Faux Leather Jacket was fantastic. I have never been so happy with a product before in my life as I was with the Cherokee Womens Faux Leather Jacket","rating":4.1,"date":1458316650683}]	Perfect for individuals OR families, this product , a Cherokee Womens Faux Leather Jacket, is an absolute bargain at £32. It is extremely reliable, made with high quality materials, and comes with a 5-year quality guarantee.
Cherokee Men's Cali T‑Shirt	10	http://www.argos.co.uk/wcsstore/argos/images/674-4575641-ATY901T.jpg	4	[{"author":"nickname","text":"This Cherokee Men's Cali T‑Shirt was fantastic. I have never been so happy with a product before in my life as I was with the Cherokee Men's Cali T‑Shirt","rating":4.1,"date":1458316650683},{"author":"nickname","text":"This Cherokee Men's Cali T‑Shirt was fantastic. I have never been so happy with a product before in my life as I was with the Cherokee Men's Cali T‑Shirt","rating":4.6,"date":1458316650683},{"author":"nickname","text":"This Cherokee Men's Cali T‑Shirt was fantastic. I have never been so happy with a product before in my life as I was with the Cherokee Men's Cali T‑Shirt","rating":4.3,"date":1458316650683}]	Perfect for individuals OR families, this product , a Cherokee Men's Cali T‑Shirt, is an absolute bargain at £10. It is extremely reliable, made with high quality materials, and comes with a 5-year quality guarantee.
Cherokee Men's Cotton Stone Jumper	12	http://argos.scene7.com/is/image/Argos/4087218_R_SET?$Listers$	4	[{"author":"nickname","text":"This Cherokee Men's Cotton Stone Jumper was fantastic. I have never been so happy with a product before in my life as I was with the Cherokee Men's Cotton Stone Jumper","rating":3.6,"date":1458316650683},{"author":"nickname","text":"This Cherokee Men's Cotton Stone Jumper was fantastic. I have never been so happy with a product before in my life as I was with the Cherokee Men's Cotton Stone Jumper","rating":4.1,"date":1458316650683},{"author":"nickname","text":"This Cherokee Men's Cotton Stone Jumper was fantastic. I have never been so happy with a product before in my life as I was with the Cherokee Men's Cotton Stone Jumper","rating":4.9,"date":1458316650683}]	Perfect for individuals OR families, this product , a Cherokee Men's Cotton Stone Jumper, is an absolute bargain at £12. It is extremely reliable, made with high quality materials, and comes with a 5-year quality guarantee.
Cherokee Men's Lounge Joggers	12	http://argos.scene7.com/is/image/Argos/4130550_R_SET?$Listers$	4	[{"author":"nickname","text":"This Cherokee Men's Lounge Joggers was fantastic. I have never been so happy with a product before in my life as I was with the Cherokee Men's Lounge Joggers","rating":3.8,"date":1458316650683},{"author":"nickname","text":"This Cherokee Men's Lounge Joggers was fantastic. I have never been so happy with a product before in my life as I was with the Cherokee Men's Lounge Joggers","rating":3.5,"date":1458316650683},{"author":"nickname","text":"This Cherokee Men's Lounge Joggers was fantastic. I have never been so happy with a product before in my life as I was with the Cherokee Men's Lounge Joggers","rating":3.4,"date":1458316650683}]	Perfect for individuals OR families, this product , a Cherokee Men's Lounge Joggers, is an absolute bargain at £12. It is extremely reliable, made with high quality materials, and comes with a 5-year quality guarantee.
Cherokee Men's Stone Slim Chinos	8	http://argos.scene7.com/is/image/Argos/3852121_R_SET?$Listers$	3	[{"author":"nickname","text":"This Cherokee Men's Stone Slim Chinos was fantastic. I have never been so happy with a product before in my life as I was with the Cherokee Men's Stone Slim Chinos","rating":4.2,"date":1458316650683},{"author":"nickname","text":"This Cherokee Men's Stone Slim Chinos was fantastic. I have never been so happy with a product before in my life as I was with the Cherokee Men's Stone Slim Chinos","rating":4.2,"date":1458316650683},{"author":"nickname","text":"This Cherokee Men's Stone Slim Chinos was fantastic. I have never been so happy with a product before in my life as I was with the Cherokee Men's Stone Slim Chinos","rating":4.4,"date":1458316650683}]	Perfect for individuals OR families, this product , a Cherokee Men's Stone Slim Chinos, is an absolute bargain at £8. It is extremely reliable, made with high quality materials, and comes with a 5-year quality guarantee.
Cherokee Men's Zip Up Hooded Top	16	http://argos.scene7.com/is/image/Argos/3917114_R_SET?$Listers$	3	[{"author":"nickname","text":"This Cherokee Men's Zip Up Hooded Top was fantastic. I have never been so happy with a product before in my life as I was with the Cherokee Men's Zip Up Hooded Top","rating":4.9,"date":1458316650683},{"author":"nickname","text":"This Cherokee Men's Zip Up Hooded Top was fantastic. I have never been so happy with a product before in my life as I was with the Cherokee Men's Zip Up Hooded Top","rating":3.5,"date":1458316650683},{"author":"nickname","text":"This Cherokee Men's Zip Up Hooded Top was fantastic. I have never been so happy with a product before in my life as I was with the Cherokee Men's Zip Up Hooded Top","rating":4.5,"date":1458316650683}]	Perfect for individuals OR families, this product , a Cherokee Men's Zip Up Hooded Top, is an absolute bargain at £16. It is extremely reliable, made with high quality materials, and comes with a 5-year quality guarantee.
Cherokee Men's Victory Cycle T‑Shirt	7.5	http://argos.scene7.com/is/image/Argos/3954696_R_SET?$Listers$	4	[{"author":"nickname","text":"This Cherokee Men's Victory Cycle T‑Shirt was fantastic. I have never been so happy with a product before in my life as I was with the Cherokee Men's Victory Cycle T‑Shirt","rating":4.4,"date":1458316650683},{"author":"nickname","text":"This Cherokee Men's Victory Cycle T‑Shirt was fantastic. I have never been so happy with a product before in my life as I was with the Cherokee Men's Victory Cycle T‑Shirt","rating":3.1,"date":1458316650683},{"author":"nickname","text":"This Cherokee Men's Victory Cycle T‑Shirt was fantastic. I have never been so happy with a product before in my life as I was with the Cherokee Men's Victory Cycle T‑Shirt","rating":4.4,"date":1458316650683}]	Perfect for individuals OR families, this product , a Cherokee Men's Victory Cycle T‑Shirt, is an absolute bargain at £7.5. It is extremely reliable, made with high quality materials, and comes with a 5-year quality guarantee.
Cherokee Men's Navy Stripe Shirt	12.8	http://argos.scene7.com/is/image/Argos/3957404_R_SET?$Listers$	4	[{"author":"nickname","text":"This Cherokee Men's Navy Stripe Shirt was fantastic. I have never been so happy with a product before in my life as I was with the Cherokee Men's Navy Stripe Shirt","rating":4.9,"date":1458316650683},{"author":"nickname","text":"This Cherokee Men's Navy Stripe Shirt was fantastic. I have never been so happy with a product before in my life as I was with the Cherokee Men's Navy Stripe Shirt","rating":3.2,"date":1458316650683},{"author":"nickname","text":"This Cherokee Men's Navy Stripe Shirt was fantastic. I have never been so happy with a product before in my life as I was with the Cherokee Men's Navy Stripe Shirt","rating":4.2,"date":1458316650683}]	Perfect for individuals OR families, this product , a Cherokee Men's Navy Stripe Shirt, is an absolute bargain at £12.8. It is extremely reliable, made with high quality materials, and comes with a 5-year quality guarantee.
Trespass Men's Black 3‑in1 Jacket	34.99	http://argos.scene7.com/is/image/Argos/2464503_R_SET?$Listers$	4	[{"author":"nickname","text":"This Trespass Men's Black 3‑in1 Jacket was fantastic. I have never been so happy with a product before in my life as I was with the Trespass Men's Black 3‑in1 Jacket","rating":5,"date":1458316650683},{"author":"nickname","text":"This Trespass Men's Black 3‑in1 Jacket was fantastic. I have never been so happy with a product before in my life as I was with the Trespass Men's Black 3‑in1 Jacket","rating":4.8,"date":1458316650683},{"author":"nickname","text":"This Trespass Men's Black 3‑in1 Jacket was fantastic. I have never been so happy with a product before in my life as I was with the Trespass Men's Black 3‑in1 Jacket","rating":4.4,"date":1458316650683}]	Perfect for individuals OR families, this product , a Trespass Men's Black 3‑in1 Jacket, is an absolute bargain at £34.99. It is extremely reliable, made with high quality materials, and comes with a 5-year quality guarantee.
Cherokee Men's Motorbike T‑Shirt	10	http://argos.scene7.com/is/image/Argos/4508618_R_SET?$Listers$	3	[{"author":"nickname","text":"This Cherokee Men's Motorbike T‑Shirt was fantastic. I have never been so happy with a product before in my life as I was with the Cherokee Men's Motorbike T‑Shirt","rating":4.4,"date":1458316650683},{"author":"nickname","text":"This Cherokee Men's Motorbike T‑Shirt was fantastic. I have never been so happy with a product before in my life as I was with the Cherokee Men's Motorbike T‑Shirt","rating":3.7,"date":1458316650683},{"author":"nickname","text":"This Cherokee Men's Motorbike T‑Shirt was fantastic. I have never been so happy with a product before in my life as I was with the Cherokee Men's Motorbike T‑Shirt","rating":3.2,"date":1458316650683}]	Perfect for individuals OR families, this product , a Cherokee Men's Motorbike T‑Shirt, is an absolute bargain at £10. It is extremely reliable, made with high quality materials, and comes with a 5-year quality guarantee.
Cherokee Men's BBQ T‑Shirt	10	http://argos.scene7.com/is/image/Argos/4604134_R_SET?$Listers$	4	[{"author":"nickname","text":"This Cherokee Men's BBQ T‑Shirt was fantastic. I have never been so happy with a product before in my life as I was with the Cherokee Men's BBQ T‑Shirt","rating":4.6,"date":1458316650683},{"author":"nickname","text":"This Cherokee Men's BBQ T‑Shirt was fantastic. I have never been so happy with a product before in my life as I was with the Cherokee Men's BBQ T‑Shirt","rating":4.9,"date":1458316650683},{"author":"nickname","text":"This Cherokee Men's BBQ T‑Shirt was fantastic. I have never been so happy with a product before in my life as I was with the Cherokee Men's BBQ T‑Shirt","rating":3.4,"date":1458316650683}]	Perfect for individuals OR families, this product , a Cherokee Men's BBQ T‑Shirt, is an absolute bargain at £10. It is extremely reliable, made with high quality materials, and comes with a 5-year quality guarantee.
Cherokee Men's Hibiscus Shorts	10	http://www.argos.co.uk/wcsstore/argos/images/674-4579551-ATY910T.jpg	4	[{"author":"nickname","text":"This Cherokee Men's Hibiscus Shorts was fantastic. I have never been so happy with a product before in my life as I was with the Cherokee Men's Hibiscus Shorts","rating":3.5,"date":1458316650683},{"author":"nickname","text":"This Cherokee Men's Hibiscus Shorts was fantastic. I have never been so happy with a product before in my life as I was with the Cherokee Men's Hibiscus Shorts","rating":4,"date":1458316650683},{"author":"nickname","text":"This Cherokee Men's Hibiscus Shorts was fantastic. I have never been so happy with a product before in my life as I was with the Cherokee Men's Hibiscus Shorts","rating":3.4,"date":1458316650683}]	Perfect for individuals OR families, this product , a Cherokee Men's Hibiscus Shorts, is an absolute bargain at £10. It is extremely reliable, made with high quality materials, and comes with a 5-year quality guarantee.
Cherokee Men's Ea	 Repeat T‑Shirt.	 Sleep	4	[{"author":"nickname","text":"This Cherokee Men's Ea was fantastic. I have never been so happy with a product before in my life as I was with the Cherokee Men's Ea","rating":5,"date":1458316650683},{"author":"nickname","text":"This Cherokee Men's Ea was fantastic. I have never been so happy with a product before in my life as I was with the Cherokee Men's Ea","rating":4.8,"date":1458316650683},{"author":"nickname","text":"This Cherokee Men's Ea was fantastic. I have never been so happy with a product before in my life as I was with the Cherokee Men's Ea","rating":4.1,"date":1458316650683}]	Perfect for individuals OR families, this product , a Cherokee Men's Ea, is an absolute bargain at £ Repeat T‑Shirt.. It is extremely reliable, made with high quality materials, and comes with a 5-year quality guarantee.
Cherokee Men's Novelty Bear T‑Shirt	10	http://argos.scene7.com/is/image/Argos/4590822_R_SET?$Listers$	5	[{"author":"nickname","text":"This Cherokee Men's Novelty Bear T‑Shirt was fantastic. I have never been so happy with a product before in my life as I was with the Cherokee Men's Novelty Bear T‑Shirt","rating":3.6,"date":1458316650683},{"author":"nickname","text":"This Cherokee Men's Novelty Bear T‑Shirt was fantastic. I have never been so happy with a product before in my life as I was with the Cherokee Men's Novelty Bear T‑Shirt","rating":5,"date":1458316650683},{"author":"nickname","text":"This Cherokee Men's Novelty Bear T‑Shirt was fantastic. I have never been so happy with a product before in my life as I was with the Cherokee Men's Novelty Bear T‑Shirt","rating":4.7,"date":1458316650683}]	Perfect for individuals OR families, this product , a Cherokee Men's Novelty Bear T‑Shirt, is an absolute bargain at £10. It is extremely reliable, made with high quality materials, and comes with a 5-year quality guarantee.
Tone Tee Men's T-Shirt Black - XL	9.99	http://argos.scene7.com/is/image/Argos/4115829_R_SET?$Listers$	4	[{"author":"nickname","text":"This Tone Tee Men's T-Shirt Black - XL was fantastic. I have never been so happy with a product before in my life as I was with the Tone Tee Men's T-Shirt Black - XL","rating":3.9,"date":1458316650683},{"author":"nickname","text":"This Tone Tee Men's T-Shirt Black - XL was fantastic. I have never been so happy with a product before in my life as I was with the Tone Tee Men's T-Shirt Black - XL","rating":3.1,"date":1458316650683},{"author":"nickname","text":"This Tone Tee Men's T-Shirt Black - XL was fantastic. I have never been so happy with a product before in my life as I was with the Tone Tee Men's T-Shirt Black - XL","rating":4.6,"date":1458316650683}]	Perfect for individuals OR families, this product , a Tone Tee Men's T-Shirt Black - XL, is an absolute bargain at £9.99. It is extremely reliable, made with high quality materials, and comes with a 5-year quality guarantee.
Speedo Essential Classic Aquashort Swimsuit ‑ Black	19.99	http://argos.scene7.com/is/image/Argos/4177094_R_SET?$Listers$	4	[{"author":"nickname","text":"This Speedo Essential Classic Aquashort Swimsuit ‑ Black was fantastic. I have never been so happy with a product before in my life as I was with the Speedo Essential Classic Aquashort Swimsuit ‑ Black","rating":4.5,"date":1458316650683},{"author":"nickname","text":"This Speedo Essential Classic Aquashort Swimsuit ‑ Black was fantastic. I have never been so happy with a product before in my life as I was with the Speedo Essential Classic Aquashort Swimsuit ‑ Black","rating":3.2,"date":1458316650683},{"author":"nickname","text":"This Speedo Essential Classic Aquashort Swimsuit ‑ Black was fantastic. I have never been so happy with a product before in my life as I was with the Speedo Essential Classic Aquashort Swimsuit ‑ Black","rating":4.4,"date":1458316650683}]	Perfect for individuals OR families, this product , a Speedo Essential Classic Aquashort Swimsuit ‑ Black, is an absolute bargain at £19.99. It is extremely reliable, made with high quality materials, and comes with a 5-year quality guarantee.
Speedo Essential Endurance Jammer Swimsuit ‑ Black	20.99	http://argos.scene7.com/is/image/Argos/4138387_R_SET?$Listers$	4	[{"author":"nickname","text":"This Speedo Essential Endurance Jammer Swimsuit ‑ Black was fantastic. I have never been so happy with a product before in my life as I was with the Speedo Essential Endurance Jammer Swimsuit ‑ Black","rating":4.7,"date":1458316650683},{"author":"nickname","text":"This Speedo Essential Endurance Jammer Swimsuit ‑ Black was fantastic. I have never been so happy with a product before in my life as I was with the Speedo Essential Endurance Jammer Swimsuit ‑ Black","rating":4,"date":1458316650683},{"author":"nickname","text":"This Speedo Essential Endurance Jammer Swimsuit ‑ Black was fantastic. I have never been so happy with a product before in my life as I was with the Speedo Essential Endurance Jammer Swimsuit ‑ Black","rating":4.9,"date":1458316650683}]	Perfect for individuals OR families, this product , a Speedo Essential Endurance Jammer Swimsuit ‑ Black, is an absolute bargain at £20.99. It is extremely reliable, made with high quality materials, and comes with a 5-year quality guarantee.
Stanley Utah Mens' Grey T‑Shirt	11.99	http://argos.scene7.com/is/image/Argos/4368229_R_SET?$Listers$	5	[{"author":"nickname","text":"This Stanley Utah Mens' Grey T‑Shirt was fantastic. I have never been so happy with a product before in my life as I was with the Stanley Utah Mens' Grey T‑Shirt","rating":3.5,"date":1458316650683},{"author":"nickname","text":"This Stanley Utah Mens' Grey T‑Shirt was fantastic. I have never been so happy with a product before in my life as I was with the Stanley Utah Mens' Grey T‑Shirt","rating":4.4,"date":1458316650683},{"author":"nickname","text":"This Stanley Utah Mens' Grey T‑Shirt was fantastic. I have never been so happy with a product before in my life as I was with the Stanley Utah Mens' Grey T‑Shirt","rating":4.6,"date":1458316650683}]	Perfect for individuals OR families, this product , a Stanley Utah Mens' Grey T‑Shirt, is an absolute bargain at £11.99. It is extremely reliable, made with high quality materials, and comes with a 5-year quality guarantee.
Stanley Maine Mens' Sweatshirt	39.99	http://argos.scene7.com/is/image/Argos/4368793_R_SET?$Listers$	4	[{"author":"nickname","text":"This Stanley Maine Mens' Sweatshirt was fantastic. I have never been so happy with a product before in my life as I was with the Stanley Maine Mens' Sweatshirt","rating":4.8,"date":1458316650683},{"author":"nickname","text":"This Stanley Maine Mens' Sweatshirt was fantastic. I have never been so happy with a product before in my life as I was with the Stanley Maine Mens' Sweatshirt","rating":3.5,"date":1458316650683},{"author":"nickname","text":"This Stanley Maine Mens' Sweatshirt was fantastic. I have never been so happy with a product before in my life as I was with the Stanley Maine Mens' Sweatshirt","rating":3.5,"date":1458316650683}]	Perfect for individuals OR families, this product , a Stanley Maine Mens' Sweatshirt, is an absolute bargain at £39.99. It is extremely reliable, made with high quality materials, and comes with a 5-year quality guarantee.
Stanley Oregon Mens' Hooded Sweatshirt	39.99	http://argos.scene7.com/is/image/Argos/4284080_R_SET?$Listers$	5	[{"author":"nickname","text":"This Stanley Oregon Mens' Hooded Sweatshirt was fantastic. I have never been so happy with a product before in my life as I was with the Stanley Oregon Mens' Hooded Sweatshirt","rating":4.1,"date":1458316650683},{"author":"nickname","text":"This Stanley Oregon Mens' Hooded Sweatshirt was fantastic. I have never been so happy with a product before in my life as I was with the Stanley Oregon Mens' Hooded Sweatshirt","rating":3.8,"date":1458316650683},{"author":"nickname","text":"This Stanley Oregon Mens' Hooded Sweatshirt was fantastic. I have never been so happy with a product before in my life as I was with the Stanley Oregon Mens' Hooded Sweatshirt","rating":3.1,"date":1458316650683}]	Perfect for individuals OR families, this product , a Stanley Oregon Mens' Hooded Sweatshirt, is an absolute bargain at £39.99. It is extremely reliable, made with high quality materials, and comes with a 5-year quality guarantee.
Stanley Utah Mens' Black T‑Shirt	11.99	http://argos.scene7.com/is/image/Argos/4347673_R_SET?$Listers$	4	[{"author":"nickname","text":"This Stanley Utah Mens' Black T‑Shirt was fantastic. I have never been so happy with a product before in my life as I was with the Stanley Utah Mens' Black T‑Shirt","rating":3.1,"date":1458316650683},{"author":"nickname","text":"This Stanley Utah Mens' Black T‑Shirt was fantastic. I have never been so happy with a product before in my life as I was with the Stanley Utah Mens' Black T‑Shirt","rating":4.4,"date":1458316650683},{"author":"nickname","text":"This Stanley Utah Mens' Black T‑Shirt was fantastic. I have never been so happy with a product before in my life as I was with the Stanley Utah Mens' Black T‑Shirt","rating":4.5,"date":1458316650683}]	Perfect for individuals OR families, this product , a Stanley Utah Mens' Black T‑Shirt, is an absolute bargain at £11.99. It is extremely reliable, made with high quality materials, and comes with a 5-year quality guarantee.
Stanley Westport Mens' Black Cargo Shorts	21.99	http://argos.scene7.com/is/image/Argos/4285364_R_SET?$Listers$	4	[{"author":"nickname","text":"This Stanley Westport Mens' Black Cargo Shorts was fantastic. I have never been so happy with a product before in my life as I was with the Stanley Westport Mens' Black Cargo Shorts","rating":3.9,"date":1458316650683},{"author":"nickname","text":"This Stanley Westport Mens' Black Cargo Shorts was fantastic. I have never been so happy with a product before in my life as I was with the Stanley Westport Mens' Black Cargo Shorts","rating":4.8,"date":1458316650683},{"author":"nickname","text":"This Stanley Westport Mens' Black Cargo Shorts was fantastic. I have never been so happy with a product before in my life as I was with the Stanley Westport Mens' Black Cargo Shorts","rating":4.6,"date":1458316650683}]	Perfect for individuals OR families, this product , a Stanley Westport Mens' Black Cargo Shorts, is an absolute bargain at £21.99. It is extremely reliable, made with high quality materials, and comes with a 5-year quality guarantee.
Stanley Austin Mens' Softshell Jacket	49.99	http://argos.scene7.com/is/image/Argos/4369754_R_SET?$Listers$	4	[{"author":"nickname","text":"This Stanley Austin Mens' Softshell Jacket was fantastic. I have never been so happy with a product before in my life as I was with the Stanley Austin Mens' Softshell Jacket","rating":3.7,"date":1458316650683},{"author":"nickname","text":"This Stanley Austin Mens' Softshell Jacket was fantastic. I have never been so happy with a product before in my life as I was with the Stanley Austin Mens' Softshell Jacket","rating":3.4,"date":1458316650683},{"author":"nickname","text":"This Stanley Austin Mens' Softshell Jacket was fantastic. I have never been so happy with a product before in my life as I was with the Stanley Austin Mens' Softshell Jacket","rating":4.1,"date":1458316650683}]	Perfect for individuals OR families, this product , a Stanley Austin Mens' Softshell Jacket, is an absolute bargain at £49.99. It is extremely reliable, made with high quality materials, and comes with a 5-year quality guarantee.
Stanley Lyons Mens' Black T‑Shirt	11.99	http://argos.scene7.com/is/image/Argos/4345077_R_SET?$Listers$	4	[{"author":"nickname","text":"This Stanley Lyons Mens' Black T‑Shirt was fantastic. I have never been so happy with a product before in my life as I was with the Stanley Lyons Mens' Black T‑Shirt","rating":4.4,"date":1458316650683},{"author":"nickname","text":"This Stanley Lyons Mens' Black T‑Shirt was fantastic. I have never been so happy with a product before in my life as I was with the Stanley Lyons Mens' Black T‑Shirt","rating":3.8,"date":1458316650683},{"author":"nickname","text":"This Stanley Lyons Mens' Black T‑Shirt was fantastic. I have never been so happy with a product before in my life as I was with the Stanley Lyons Mens' Black T‑Shirt","rating":4.8,"date":1458316650683}]	Perfect for individuals OR families, this product , a Stanley Lyons Mens' Black T‑Shirt, is an absolute bargain at £11.99. It is extremely reliable, made with high quality materials, and comes with a 5-year quality guarantee.
Stanley Warren Mens' Black Holster Shorts	34.99	http://argos.scene7.com/is/image/Argos/4361958_R_SET?$Listers$	4	[{"author":"nickname","text":"This Stanley Warren Mens' Black Holster Shorts was fantastic. I have never been so happy with a product before in my life as I was with the Stanley Warren Mens' Black Holster Shorts","rating":3.1,"date":1458316650683},{"author":"nickname","text":"This Stanley Warren Mens' Black Holster Shorts was fantastic. I have never been so happy with a product before in my life as I was with the Stanley Warren Mens' Black Holster Shorts","rating":4,"date":1458316650683},{"author":"nickname","text":"This Stanley Warren Mens' Black Holster Shorts was fantastic. I have never been so happy with a product before in my life as I was with the Stanley Warren Mens' Black Holster Shorts","rating":3.5,"date":1458316650683}]	Perfect for individuals OR families, this product , a Stanley Warren Mens' Black Holster Shorts, is an absolute bargain at £34.99. It is extremely reliable, made with high quality materials, and comes with a 5-year quality guarantee.
Stanley Phoenix Mens' Black Trouser - 33 to 36 Inch	42.99	http://argos.scene7.com/is/image/Argos/4362342_R_SET?$Listers$	5	[{"author":"nickname","text":"This Stanley Phoenix Mens' Black Trouser - 33 to 36 Inch was fantastic. I have never been so happy with a product before in my life as I was with the Stanley Phoenix Mens' Black Trouser - 33 to 36 Inch","rating":4.7,"date":1458316650683},{"author":"nickname","text":"This Stanley Phoenix Mens' Black Trouser - 33 to 36 Inch was fantastic. I have never been so happy with a product before in my life as I was with the Stanley Phoenix Mens' Black Trouser - 33 to 36 Inch","rating":3.6,"date":1458316650683},{"author":"nickname","text":"This Stanley Phoenix Mens' Black Trouser - 33 to 36 Inch was fantastic. I have never been so happy with a product before in my life as I was with the Stanley Phoenix Mens' Black Trouser - 33 to 36 Inch","rating":3.4,"date":1458316650683}]	Perfect for individuals OR families, this product , a Stanley Phoenix Mens' Black Trouser - 33 to 36 Inch, is an absolute bargain at £42.99. It is extremely reliable, made with high quality materials, and comes with a 5-year quality guarantee.
Stanley Memphis Mens' Grey Fleece	15.99	http://argos.scene7.com/is/image/Argos/4346461_R_SET?$Listers$	4	[{"author":"nickname","text":"This Stanley Memphis Mens' Grey Fleece was fantastic. I have never been so happy with a product before in my life as I was with the Stanley Memphis Mens' Grey Fleece","rating":4,"date":1458316650683},{"author":"nickname","text":"This Stanley Memphis Mens' Grey Fleece was fantastic. I have never been so happy with a product before in my life as I was with the Stanley Memphis Mens' Grey Fleece","rating":4.9,"date":1458316650683},{"author":"nickname","text":"This Stanley Memphis Mens' Grey Fleece was fantastic. I have never been so happy with a product before in my life as I was with the Stanley Memphis Mens' Grey Fleece","rating":4.8,"date":1458316650683}]	Perfect for individuals OR families, this product , a Stanley Memphis Mens' Grey Fleece, is an absolute bargain at £15.99. It is extremely reliable, made with high quality materials, and comes with a 5-year quality guarantee.
Stanley Memphis Mens' Black Fleece	15.99	http://argos.scene7.com/is/image/Argos/4347477_R_SET?$Listers$	4	[{"author":"nickname","text":"This Stanley Memphis Mens' Black Fleece was fantastic. I have never been so happy with a product before in my life as I was with the Stanley Memphis Mens' Black Fleece","rating":4.6,"date":1458316650683},{"author":"nickname","text":"This Stanley Memphis Mens' Black Fleece was fantastic. I have never been so happy with a product before in my life as I was with the Stanley Memphis Mens' Black Fleece","rating":4.1,"date":1458316650683},{"author":"nickname","text":"This Stanley Memphis Mens' Black Fleece was fantastic. I have never been so happy with a product before in my life as I was with the Stanley Memphis Mens' Black Fleece","rating":3.6,"date":1458316650683}]	Perfect for individuals OR families, this product , a Stanley Memphis Mens' Black Fleece, is an absolute bargain at £15.99. It is extremely reliable, made with high quality materials, and comes with a 5-year quality guarantee.
Stanley Lyons Mens' Grey T‑Shirt	11.99	http://argos.scene7.com/is/image/Argos/4366616_R_SET?$Listers$	4	[{"author":"nickname","text":"This Stanley Lyons Mens' Grey T‑Shirt was fantastic. I have never been so happy with a product before in my life as I was with the Stanley Lyons Mens' Grey T‑Shirt","rating":4.9,"date":1458316650684},{"author":"nickname","text":"This Stanley Lyons Mens' Grey T‑Shirt was fantastic. I have never been so happy with a product before in my life as I was with the Stanley Lyons Mens' Grey T‑Shirt","rating":3.6,"date":1458316650684},{"author":"nickname","text":"This Stanley Lyons Mens' Grey T‑Shirt was fantastic. I have never been so happy with a product before in my life as I was with the Stanley Lyons Mens' Grey T‑Shirt","rating":4,"date":1458316650684}]	Perfect for individuals OR families, this product , a Stanley Lyons Mens' Grey T‑Shirt, is an absolute bargain at £11.99. It is extremely reliable, made with high quality materials, and comes with a 5-year quality guarantee.
Stanley Texas Mens' Black Polo Shirt	17.99	http://argos.scene7.com/is/image/Argos/4294386_R_SET?$Listers$	4	[{"author":"nickname","text":"This Stanley Texas Mens' Black Polo Shirt was fantastic. I have never been so happy with a product before in my life as I was with the Stanley Texas Mens' Black Polo Shirt","rating":3,"date":1458316650684},{"author":"nickname","text":"This Stanley Texas Mens' Black Polo Shirt was fantastic. I have never been so happy with a product before in my life as I was with the Stanley Texas Mens' Black Polo Shirt","rating":4.1,"date":1458316650684},{"author":"nickname","text":"This Stanley Texas Mens' Black Polo Shirt was fantastic. I have never been so happy with a product before in my life as I was with the Stanley Texas Mens' Black Polo Shirt","rating":4.5,"date":1458316650684}]	Perfect for individuals OR families, this product , a Stanley Texas Mens' Black Polo Shirt, is an absolute bargain at £17.99. It is extremely reliable, made with high quality materials, and comes with a 5-year quality guarantee.