Fitbit Blaze Smartwatch Blue - Larg	159.99	http://argos.scene7.com/is/image/Argos/5226171_R_SET?$Listers$	2	[{"author":"nickname","text":"This Fitbit Blaze Smartwatch Blue - Larg was fantastic. I have never been so happy with a product before in my life as I was with the Fitbit Blaze Smartwatch Blue - Larg","rating":1.1,"date":1458660721017},{"author":"nickname","text":"This Fitbit Blaze Smartwatch Blue - Larg was fantastic. I have never been so happy with a product before in my life as I was with the Fitbit Blaze Smartwatch Blue - Larg","rating":1.2,"date":1458660721017},{"author":"nickname","text":"This Fitbit Blaze Smartwatch Blue - Larg was fantastic. I have never been so happy with a product before in my life as I was with the Fitbit Blaze Smartwatch Blue - Larg","rating":4.3,"date":1458660721017}]	Perfect for individuals OR families, this product , a Fitbit Blaze Smartwatch Blue - Larg, is an absolute bargain at £159.99. It is extremely reliable, made with high quality materials, and comes with a 5-year quality guarantee.	3
Fitbit Blaze Large Smartwatch - Plu	159.99	http://argos.scene7.com/is/image/Argos/5226638_R_SET?$Listers$	3	[{"author":"nickname","text":"This Fitbit Blaze Large Smartwatch - Plu was fantastic. I have never been so happy with a product before in my life as I was with the Fitbit Blaze Large Smartwatch - Plu","rating":2.9,"date":1458660721017},{"author":"nickname","text":"This Fitbit Blaze Large Smartwatch - Plu was fantastic. I have never been so happy with a product before in my life as I was with the Fitbit Blaze Large Smartwatch - Plu","rating":1,"date":1458660721017},{"author":"nickname","text":"This Fitbit Blaze Large Smartwatch - Plu was fantastic. I have never been so happy with a product before in my life as I was with the Fitbit Blaze Large Smartwatch - Plu","rating":4.1,"date":1458660721017}]	Perfect for individuals OR families, this product , a Fitbit Blaze Large Smartwatch - Plu, is an absolute bargain at £159.99. It is extremely reliable, made with high quality materials, and comes with a 5-year quality guarantee.	1
Fitbit Blaze Smartwatch Black - Larg	159.99	http://argos.scene7.com/is/image/Argos/5195013_R_SET?$Listers$	3	[{"author":"nickname","text":"This Fitbit Blaze Smartwatch Black - Larg was fantastic. I have never been so happy with a product before in my life as I was with the Fitbit Blaze Smartwatch Black - Larg","rating":3.3,"date":1458660721017},{"author":"nickname","text":"This Fitbit Blaze Smartwatch Black - Larg was fantastic. I have never been so happy with a product before in my life as I was with the Fitbit Blaze Smartwatch Black - Larg","rating":4.3,"date":1458660721017},{"author":"nickname","text":"This Fitbit Blaze Smartwatch Black - Larg was fantastic. I have never been so happy with a product before in my life as I was with the Fitbit Blaze Smartwatch Black - Larg","rating":2.4,"date":1458660721017}]	Perfect for individuals OR families, this product , a Fitbit Blaze Smartwatch Black - Larg, is an absolute bargain at £159.99. It is extremely reliable, made with high quality materials, and comes with a 5-year quality guarantee.	3
Fitbit Blaze Small Smartwatch - Blu	159.99	http://argos.scene7.com/is/image/Argos/5226614_R_SET?$Listers$	3	[{"author":"nickname","text":"This Fitbit Blaze Small Smartwatch - Blu was fantastic. I have never been so happy with a product before in my life as I was with the Fitbit Blaze Small Smartwatch - Blu","rating":3.2,"date":1458660721017},{"author":"nickname","text":"This Fitbit Blaze Small Smartwatch - Blu was fantastic. I have never been so happy with a product before in my life as I was with the Fitbit Blaze Small Smartwatch - Blu","rating":3.5,"date":1458660721017},{"author":"nickname","text":"This Fitbit Blaze Small Smartwatch - Blu was fantastic. I have never been so happy with a product before in my life as I was with the Fitbit Blaze Small Smartwatch - Blu","rating":3.6,"date":1458660721017}]	Perfect for individuals OR families, this product , a Fitbit Blaze Small Smartwatch - Blu, is an absolute bargain at £159.99. It is extremely reliable, made with high quality materials, and comes with a 5-year quality guarantee.	0
Fitbit Blaze Small Smartwatch - Plu	159.99	http://argos.scene7.com/is/image/Argos/5218330_R_SET?$Listers$	2	[{"author":"nickname","text":"This Fitbit Blaze Small Smartwatch - Plu was fantastic. I have never been so happy with a product before in my life as I was with the Fitbit Blaze Small Smartwatch - Plu","rating":1,"date":1458660721017},{"author":"nickname","text":"This Fitbit Blaze Small Smartwatch - Plu was fantastic. I have never been so happy with a product before in my life as I was with the Fitbit Blaze Small Smartwatch - Plu","rating":2.4,"date":1458660721017},{"author":"nickname","text":"This Fitbit Blaze Small Smartwatch - Plu was fantastic. I have never been so happy with a product before in my life as I was with the Fitbit Blaze Small Smartwatch - Plu","rating":2.7,"date":1458660721017}]	Perfect for individuals OR families, this product , a Fitbit Blaze Small Smartwatch - Plu, is an absolute bargain at £159.99. It is extremely reliable, made with high quality materials, and comes with a 5-year quality guarantee.	3
Fitbit Blaze Small Smartwatch - Blac	159.99	http://argos.scene7.com/is/image/Argos/5221523_R_SET?$Listers$	3	[{"author":"nickname","text":"This Fitbit Blaze Small Smartwatch - Blac was fantastic. I have never been so happy with a product before in my life as I was with the Fitbit Blaze Small Smartwatch - Blac","rating":3.7,"date":1458660721017},{"author":"nickname","text":"This Fitbit Blaze Small Smartwatch - Blac was fantastic. I have never been so happy with a product before in my life as I was with the Fitbit Blaze Small Smartwatch - Blac","rating":2.5,"date":1458660721017},{"author":"nickname","text":"This Fitbit Blaze Small Smartwatch - Blac was fantastic. I have never been so happy with a product before in my life as I was with the Fitbit Blaze Small Smartwatch - Blac","rating":2.7,"date":1458660721017}]	Perfect for individuals OR families, this product , a Fitbit Blaze Small Smartwatch - Blac, is an absolute bargain at £159.99. It is extremely reliable, made with high quality materials, and comes with a 5-year quality guarantee.	1
Microsoft Band 2 Medium - Blac	149.99	http://argos.scene7.com/is/image/Argos/4457202_R_SET?$Listers$	2	[{"author":"nickname","text":"This Microsoft Band 2 Medium - Blac was fantastic. I have never been so happy with a product before in my life as I was with the Microsoft Band 2 Medium - Blac","rating":1.4,"date":1458660721017},{"author":"nickname","text":"This Microsoft Band 2 Medium - Blac was fantastic. I have never been so happy with a product before in my life as I was with the Microsoft Band 2 Medium - Blac","rating":3,"date":1458660721017},{"author":"nickname","text":"This Microsoft Band 2 Medium - Blac was fantastic. I have never been so happy with a product before in my life as I was with the Microsoft Band 2 Medium - Blac","rating":2.1,"date":1458660721017}]	Perfect for individuals OR families, this product , a Microsoft Band 2 Medium - Blac, is an absolute bargain at £149.99. It is extremely reliable, made with high quality materials, and comes with a 5-year quality guarantee.	0
Fitbit Charge HR Large Heart Rate Monitor Wristband - Black	99.99	http://argos.scene7.com/is/image/Argos/4253640_R_SET?$Listers$	3	[{"author":"nickname","text":"This Fitbit Charge HR Large Heart Rate Monitor Wristband - Black was fantastic. I have never been so happy with a product before in my life as I was with the Fitbit Charge HR Large Heart Rate Monitor Wristband - Black","rating":1.6,"date":1458660721017},{"author":"nickname","text":"This Fitbit Charge HR Large Heart Rate Monitor Wristband - Black was fantastic. I have never been so happy with a product before in my life as I was with the Fitbit Charge HR Large Heart Rate Monitor Wristband - Black","rating":1.8,"date":1458660721017},{"author":"nickname","text":"This Fitbit Charge HR Large Heart Rate Monitor Wristband - Black was fantastic. I have never been so happy with a product before in my life as I was with the Fitbit Charge HR Large Heart Rate Monitor Wristband - Black","rating":4.4,"date":1458660721017}]	Perfect for individuals OR families, this product , a Fitbit Charge HR Large Heart Rate Monitor Wristband - Black, is an absolute bargain at £99.99. It is extremely reliable, made with high quality materials, and comes with a 5-year quality guarantee.	2
Fitbit Charge HR Small Heart Rate Monitor Wristband - Plum	99.99	http://argos.scene7.com/is/image/Argos/3928385_R_SET?$Listers$	3	[{"author":"nickname","text":"This Fitbit Charge HR Small Heart Rate Monitor Wristband - Plum was fantastic. I have never been so happy with a product before in my life as I was with the Fitbit Charge HR Small Heart Rate Monitor Wristband - Plum","rating":3.8,"date":1458660721017},{"author":"nickname","text":"This Fitbit Charge HR Small Heart Rate Monitor Wristband - Plum was fantastic. I have never been so happy with a product before in my life as I was with the Fitbit Charge HR Small Heart Rate Monitor Wristband - Plum","rating":2.3,"date":1458660721017},{"author":"nickname","text":"This Fitbit Charge HR Small Heart Rate Monitor Wristband - Plum was fantastic. I have never been so happy with a product before in my life as I was with the Fitbit Charge HR Small Heart Rate Monitor Wristband - Plum","rating":3.5,"date":1458660721017}]	Perfect for individuals OR families, this product , a Fitbit Charge HR Small Heart Rate Monitor Wristband - Plum, is an absolute bargain at £99.99. It is extremely reliable, made with high quality materials, and comes with a 5-year quality guarantee.	5
Fitbit Surge Large Activity Tracker Wristband - Black	157.99	http://argos.scene7.com/is/image/Argos/4112365_R_SET?$Listers$	3	[{"author":"nickname","text":"This Fitbit Surge Large Activity Tracker Wristband - Black was fantastic. I have never been so happy with a product before in my life as I was with the Fitbit Surge Large Activity Tracker Wristband - Black","rating":2.9,"date":1458660721017},{"author":"nickname","text":"This Fitbit Surge Large Activity Tracker Wristband - Black was fantastic. I have never been so happy with a product before in my life as I was with the Fitbit Surge Large Activity Tracker Wristband - Black","rating":3.4,"date":1458660721017},{"author":"nickname","text":"This Fitbit Surge Large Activity Tracker Wristband - Black was fantastic. I have never been so happy with a product before in my life as I was with the Fitbit Surge Large Activity Tracker Wristband - Black","rating":2.3,"date":1458660721017}]	Perfect for individuals OR families, this product , a Fitbit Surge Large Activity Tracker Wristband - Black, is an absolute bargain at £157.99. It is extremely reliable, made with high quality materials, and comes with a 5-year quality guarantee.	1
Fitbit Surge Ultimate Fitness Super Watch Small - Blac	157.99	http://argos.scene7.com/is/image/Argos/4089003_R_SET?$Listers$	2	[{"author":"nickname","text":"This Fitbit Surge Ultimate Fitness Super Watch Small - Blac was fantastic. I have never been so happy with a product before in my life as I was with the Fitbit Surge Ultimate Fitness Super Watch Small - Blac","rating":3.3,"date":1458660721017},{"author":"nickname","text":"This Fitbit Surge Ultimate Fitness Super Watch Small - Blac was fantastic. I have never been so happy with a product before in my life as I was with the Fitbit Surge Ultimate Fitness Super Watch Small - Blac","rating":1.7,"date":1458660721017},{"author":"nickname","text":"This Fitbit Surge Ultimate Fitness Super Watch Small - Blac was fantastic. I have never been so happy with a product before in my life as I was with the Fitbit Surge Ultimate Fitness Super Watch Small - Blac","rating":2,"date":1458660721017}]	Perfect for individuals OR families, this product , a Fitbit Surge Ultimate Fitness Super Watch Small - Blac, is an absolute bargain at £157.99. It is extremely reliable, made with high quality materials, and comes with a 5-year quality guarantee.	3
Fitbit Charge HR Large Heart Rate Monitor Wristband - Plum	99.99	http://argos.scene7.com/is/image/Argos/3925625_R_SET?$Listers$	3	[{"author":"nickname","text":"This Fitbit Charge HR Large Heart Rate Monitor Wristband - Plum was fantastic. I have never been so happy with a product before in my life as I was with the Fitbit Charge HR Large Heart Rate Monitor Wristband - Plum","rating":2.5,"date":1458660721017},{"author":"nickname","text":"This Fitbit Charge HR Large Heart Rate Monitor Wristband - Plum was fantastic. I have never been so happy with a product before in my life as I was with the Fitbit Charge HR Large Heart Rate Monitor Wristband - Plum","rating":2.8,"date":1458660721017},{"author":"nickname","text":"This Fitbit Charge HR Large Heart Rate Monitor Wristband - Plum was fantastic. I have never been so happy with a product before in my life as I was with the Fitbit Charge HR Large Heart Rate Monitor Wristband - Plum","rating":3.2,"date":1458660721017}]	Perfect for individuals OR families, this product , a Fitbit Charge HR Large Heart Rate Monitor Wristband - Plum, is an absolute bargain at £99.99. It is extremely reliable, made with high quality materials, and comes with a 5-year quality guarantee.	3
Fitbit Flex Wireless Activity and Sleep Wristband - Black	59.99	http://argos.scene7.com/is/image/Argos/4041261_R_SET?$Listers$	4	[{"author":"nickname","text":"This Fitbit Flex Wireless Activity and Sleep Wristband - Black was fantastic. I have never been so happy with a product before in my life as I was with the Fitbit Flex Wireless Activity and Sleep Wristband - Black","rating":4.7,"date":1458660721017},{"author":"nickname","text":"This Fitbit Flex Wireless Activity and Sleep Wristband - Black was fantastic. I have never been so happy with a product before in my life as I was with the Fitbit Flex Wireless Activity and Sleep Wristband - Black","rating":4.2,"date":1458660721017},{"author":"nickname","text":"This Fitbit Flex Wireless Activity and Sleep Wristband - Black was fantastic. I have never been so happy with a product before in my life as I was with the Fitbit Flex Wireless Activity and Sleep Wristband - Black","rating":2.1,"date":1458660721017}]	Perfect for individuals OR families, this product , a Fitbit Flex Wireless Activity and Sleep Wristband - Black, is an absolute bargain at £59.99. It is extremely reliable, made with high quality materials, and comes with a 5-year quality guarantee.	0
Fitbit Surge Blue - Larg	157.99	http://argos.scene7.com/is/image/Argos/5032516_R_SET?$Listers$	3	[{"author":"nickname","text":"This Fitbit Surge Blue - Larg was fantastic. I have never been so happy with a product before in my life as I was with the Fitbit Surge Blue - Larg","rating":1.2,"date":1458660721017},{"author":"nickname","text":"This Fitbit Surge Blue - Larg was fantastic. I have never been so happy with a product before in my life as I was with the Fitbit Surge Blue - Larg","rating":4.2,"date":1458660721017},{"author":"nickname","text":"This Fitbit Surge Blue - Larg was fantastic. I have never been so happy with a product before in my life as I was with the Fitbit Surge Blue - Larg","rating":3.8,"date":1458660721017}]	Perfect for individuals OR families, this product , a Fitbit Surge Blue - Larg, is an absolute bargain at £157.99. It is extremely reliable, made with high quality materials, and comes with a 5-year quality guarantee.	3
Microsoft Band 2 Large - Blac	149.99	http://argos.scene7.com/is/image/Argos/4475239_R_SET?$Listers$	2	[{"author":"nickname","text":"This Microsoft Band 2 Large - Blac was fantastic. I have never been so happy with a product before in my life as I was with the Microsoft Band 2 Large - Blac","rating":2,"date":1458660721017},{"author":"nickname","text":"This Microsoft Band 2 Large - Blac was fantastic. I have never been so happy with a product before in my life as I was with the Microsoft Band 2 Large - Blac","rating":2.2,"date":1458660721017},{"author":"nickname","text":"This Microsoft Band 2 Large - Blac was fantastic. I have never been so happy with a product before in my life as I was with the Microsoft Band 2 Large - Blac","rating":2.4,"date":1458660721017}]	Perfect for individuals OR families, this product , a Microsoft Band 2 Large - Blac, is an absolute bargain at £149.99. It is extremely reliable, made with high quality materials, and comes with a 5-year quality guarantee.	1
Fitbit Charge Large Activity and Sleep Wristband - Black	89.99	http://argos.scene7.com/is/image/Argos/3955303_R_SET?$Listers$	3	[{"author":"nickname","text":"This Fitbit Charge Large Activity and Sleep Wristband - Black was fantastic. I have never been so happy with a product before in my life as I was with the Fitbit Charge Large Activity and Sleep Wristband - Black","rating":1.9,"date":1458660721018},{"author":"nickname","text":"This Fitbit Charge Large Activity and Sleep Wristband - Black was fantastic. I have never been so happy with a product before in my life as I was with the Fitbit Charge Large Activity and Sleep Wristband - Black","rating":3.2,"date":1458660721018},{"author":"nickname","text":"This Fitbit Charge Large Activity and Sleep Wristband - Black was fantastic. I have never been so happy with a product before in my life as I was with the Fitbit Charge Large Activity and Sleep Wristband - Black","rating":2.8,"date":1458660721018}]	Perfect for individuals OR families, this product , a Fitbit Charge Large Activity and Sleep Wristband - Black, is an absolute bargain at £89.99. It is extremely reliable, made with high quality materials, and comes with a 5-year quality guarantee.	1
Fitbit Charge HR Tangerine - Larg	119.99	http://argos.scene7.com/is/image/Argos/5012330_R_SET?$Listers$	2	[{"author":"nickname","text":"This Fitbit Charge HR Tangerine - Larg was fantastic. I have never been so happy with a product before in my life as I was with the Fitbit Charge HR Tangerine - Larg","rating":1.9,"date":1458660721018},{"author":"nickname","text":"This Fitbit Charge HR Tangerine - Larg was fantastic. I have never been so happy with a product before in my life as I was with the Fitbit Charge HR Tangerine - Larg","rating":2.3,"date":1458660721018},{"author":"nickname","text":"This Fitbit Charge HR Tangerine - Larg was fantastic. I have never been so happy with a product before in my life as I was with the Fitbit Charge HR Tangerine - Larg","rating":1.8,"date":1458660721018}]	Perfect for individuals OR families, this product , a Fitbit Charge HR Tangerine - Larg, is an absolute bargain at £119.99. It is extremely reliable, made with high quality materials, and comes with a 5-year quality guarantee.	2
Fitbit Charge HR Tangerine - Smal	119.99	http://argos.scene7.com/is/image/Argos/5031562_R_SET?$Listers$	3	[{"author":"nickname","text":"This Fitbit Charge HR Tangerine - Smal was fantastic. I have never been so happy with a product before in my life as I was with the Fitbit Charge HR Tangerine - Smal","rating":4.7,"date":1458660721018},{"author":"nickname","text":"This Fitbit Charge HR Tangerine - Smal was fantastic. I have never been so happy with a product before in my life as I was with the Fitbit Charge HR Tangerine - Smal","rating":2.3,"date":1458660721018},{"author":"nickname","text":"This Fitbit Charge HR Tangerine - Smal was fantastic. I have never been so happy with a product before in my life as I was with the Fitbit Charge HR Tangerine - Smal","rating":3.2,"date":1458660721018}]	Perfect for individuals OR families, this product , a Fitbit Charge HR Tangerine - Smal, is an absolute bargain at £119.99. It is extremely reliable, made with high quality materials, and comes with a 5-year quality guarantee.	1
Fitbit Surge Blue - Smal	157.99	http://argos.scene7.com/is/image/Argos/5018695_R_SET?$Listers$	3	[{"author":"nickname","text":"This Fitbit Surge Blue - Smal was fantastic. I have never been so happy with a product before in my life as I was with the Fitbit Surge Blue - Smal","rating":3.5,"date":1458660721018},{"author":"nickname","text":"This Fitbit Surge Blue - Smal was fantastic. I have never been so happy with a product before in my life as I was with the Fitbit Surge Blue - Smal","rating":3.5,"date":1458660721018},{"author":"nickname","text":"This Fitbit Surge Blue - Smal was fantastic. I have never been so happy with a product before in my life as I was with the Fitbit Surge Blue - Smal","rating":2.4,"date":1458660721018}]	Perfect for individuals OR families, this product , a Fitbit Surge Blue - Smal, is an absolute bargain at £157.99. It is extremely reliable, made with high quality materials, and comes with a 5-year quality guarantee.	3
Fitbit Surge Tangerine - Larg	157.99	http://argos.scene7.com/is/image/Argos/5032372_R_SET?$Listers$	3	[{"author":"nickname","text":"This Fitbit Surge Tangerine - Larg was fantastic. I have never been so happy with a product before in my life as I was with the Fitbit Surge Tangerine - Larg","rating":4,"date":1458660721018},{"author":"nickname","text":"This Fitbit Surge Tangerine - Larg was fantastic. I have never been so happy with a product before in my life as I was with the Fitbit Surge Tangerine - Larg","rating":4.4,"date":1458660721018},{"author":"nickname","text":"This Fitbit Surge Tangerine - Larg was fantastic. I have never been so happy with a product before in my life as I was with the Fitbit Surge Tangerine - Larg","rating":1.4,"date":1458660721018}]	Perfect for individuals OR families, this product , a Fitbit Surge Tangerine - Larg, is an absolute bargain at £157.99. It is extremely reliable, made with high quality materials, and comes with a 5-year quality guarantee.	4
Fitbit Charge Small Activity and Sleep Wristband - Black	89.99	http://argos.scene7.com/is/image/Argos/4133179_R_SET?$Listers$	3	[{"author":"nickname","text":"This Fitbit Charge Small Activity and Sleep Wristband - Black was fantastic. I have never been so happy with a product before in my life as I was with the Fitbit Charge Small Activity and Sleep Wristband - Black","rating":3.5,"date":1458660721018},{"author":"nickname","text":"This Fitbit Charge Small Activity and Sleep Wristband - Black was fantastic. I have never been so happy with a product before in my life as I was with the Fitbit Charge Small Activity and Sleep Wristband - Black","rating":2.7,"date":1458660721018},{"author":"nickname","text":"This Fitbit Charge Small Activity and Sleep Wristband - Black was fantastic. I have never been so happy with a product before in my life as I was with the Fitbit Charge Small Activity and Sleep Wristband - Black","rating":3.9,"date":1458660721018}]	Perfect for individuals OR families, this product , a Fitbit Charge Small Activity and Sleep Wristband - Black, is an absolute bargain at £89.99. It is extremely reliable, made with high quality materials, and comes with a 5-year quality guarantee.	1
Microsoft Band 2 Small - Blac	149.99	http://argos.scene7.com/is/image/Argos/4475590_R_SET?$Listers$	3	[{"author":"nickname","text":"This Microsoft Band 2 Small - Blac was fantastic. I have never been so happy with a product before in my life as I was with the Microsoft Band 2 Small - Blac","rating":2.9,"date":1458660721018},{"author":"nickname","text":"This Microsoft Band 2 Small - Blac was fantastic. I have never been so happy with a product before in my life as I was with the Microsoft Band 2 Small - Blac","rating":1.5,"date":1458660721018},{"author":"nickname","text":"This Microsoft Band 2 Small - Blac was fantastic. I have never been so happy with a product before in my life as I was with the Microsoft Band 2 Small - Blac","rating":4.2,"date":1458660721018}]	Perfect for individuals OR families, this product , a Microsoft Band 2 Small - Blac, is an absolute bargain at £149.99. It is extremely reliable, made with high quality materials, and comes with a 5-year quality guarantee.	4
Fitbit Flex Wireless Wristband - Violet	59.99	http://argos.scene7.com/is/image/Argos/2497800_R_SET?$Listers$	3	[{"author":"nickname","text":"This Fitbit Flex Wireless Wristband - Violet was fantastic. I have never been so happy with a product before in my life as I was with the Fitbit Flex Wireless Wristband - Violet","rating":3.2,"date":1458660721018},{"author":"nickname","text":"This Fitbit Flex Wireless Wristband - Violet was fantastic. I have never been so happy with a product before in my life as I was with the Fitbit Flex Wireless Wristband - Violet","rating":2.1,"date":1458660721018},{"author":"nickname","text":"This Fitbit Flex Wireless Wristband - Violet was fantastic. I have never been so happy with a product before in my life as I was with the Fitbit Flex Wireless Wristband - Violet","rating":3.1,"date":1458660721018}]	Perfect for individuals OR families, this product , a Fitbit Flex Wireless Wristband - Violet, is an absolute bargain at £59.99. It is extremely reliable, made with high quality materials, and comes with a 5-year quality guarantee.	1
Fitbit Charge HR Small Heart Rate Monitor Wristband - Black	99.99	http://argos.scene7.com/is/image/Argos/3976832_R_SET?$Listers$	3	[{"author":"nickname","text":"This Fitbit Charge HR Small Heart Rate Monitor Wristband - Black was fantastic. I have never been so happy with a product before in my life as I was with the Fitbit Charge HR Small Heart Rate Monitor Wristband - Black","rating":1,"date":1458660721018},{"author":"nickname","text":"This Fitbit Charge HR Small Heart Rate Monitor Wristband - Black was fantastic. I have never been so happy with a product before in my life as I was with the Fitbit Charge HR Small Heart Rate Monitor Wristband - Black","rating":2.1,"date":1458660721018},{"author":"nickname","text":"This Fitbit Charge HR Small Heart Rate Monitor Wristband - Black was fantastic. I have never been so happy with a product before in my life as I was with the Fitbit Charge HR Small Heart Rate Monitor Wristband - Black","rating":4.5,"date":1458660721018}]	Perfect for individuals OR families, this product , a Fitbit Charge HR Small Heart Rate Monitor Wristband - Black, is an absolute bargain at £99.99. It is extremely reliable, made with high quality materials, and comes with a 5-year quality guarantee.	1
Fitbit Flex Wireless Activity and Sleep Wristband - Pink	59.99	http://argos.scene7.com/is/image/Argos/4267021_R_SET?$Listers$	2	[{"author":"nickname","text":"This Fitbit Flex Wireless Activity and Sleep Wristband - Pink was fantastic. I have never been so happy with a product before in my life as I was with the Fitbit Flex Wireless Activity and Sleep Wristband - Pink","rating":2.2,"date":1458660721018},{"author":"nickname","text":"This Fitbit Flex Wireless Activity and Sleep Wristband - Pink was fantastic. I have never been so happy with a product before in my life as I was with the Fitbit Flex Wireless Activity and Sleep Wristband - Pink","rating":3.9,"date":1458660721018},{"author":"nickname","text":"This Fitbit Flex Wireless Activity and Sleep Wristband - Pink was fantastic. I have never been so happy with a product before in my life as I was with the Fitbit Flex Wireless Activity and Sleep Wristband - Pink","rating":1.1,"date":1458660721018}]	Perfect for individuals OR families, this product , a Fitbit Flex Wireless Activity and Sleep Wristband - Pink, is an absolute bargain at £59.99. It is extremely reliable, made with high quality materials, and comes with a 5-year quality guarantee.	1
Nuband Pulse Heart Rate Activity and Sleep Tracke	49.99	http://argos.scene7.com/is/image/Argos/4977885_R_SET?$Listers$	4	[{"author":"nickname","text":"This Nuband Pulse Heart Rate Activity and Sleep Tracke was fantastic. I have never been so happy with a product before in my life as I was with the Nuband Pulse Heart Rate Activity and Sleep Tracke","rating":4.5,"date":1458660721018},{"author":"nickname","text":"This Nuband Pulse Heart Rate Activity and Sleep Tracke was fantastic. I have never been so happy with a product before in my life as I was with the Nuband Pulse Heart Rate Activity and Sleep Tracke","rating":5,"date":1458660721018},{"author":"nickname","text":"This Nuband Pulse Heart Rate Activity and Sleep Tracke was fantastic. I have never been so happy with a product before in my life as I was with the Nuband Pulse Heart Rate Activity and Sleep Tracke","rating":2.3,"date":1458660721018}]	Perfect for individuals OR families, this product , a Nuband Pulse Heart Rate Activity and Sleep Tracke, is an absolute bargain at £49.99. It is extremely reliable, made with high quality materials, and comes with a 5-year quality guarantee.	1
Sony SWR10 SmartBand Wrist Strap - Orange/Blue/Black	19.99	http://argos.scene7.com/is/image/Argos/4591986_R_SET?$Listers$	2	[{"author":"nickname","text":"This Sony SWR10 SmartBand Wrist Strap - Orange/Blue/Black was fantastic. I have never been so happy with a product before in my life as I was with the Sony SWR10 SmartBand Wrist Strap - Orange/Blue/Black","rating":3.4,"date":1458660721018},{"author":"nickname","text":"This Sony SWR10 SmartBand Wrist Strap - Orange/Blue/Black was fantastic. I have never been so happy with a product before in my life as I was with the Sony SWR10 SmartBand Wrist Strap - Orange/Blue/Black","rating":1.9,"date":1458660721018},{"author":"nickname","text":"This Sony SWR10 SmartBand Wrist Strap - Orange/Blue/Black was fantastic. I have never been so happy with a product before in my life as I was with the Sony SWR10 SmartBand Wrist Strap - Orange/Blue/Black","rating":1,"date":1458660721018}]	Perfect for individuals OR families, this product , a Sony SWR10 SmartBand Wrist Strap - Orange/Blue/Black, is an absolute bargain at £19.99. It is extremely reliable, made with high quality materials, and comes with a 5-year quality guarantee.	5
Motorola Moto 360 Sport Smartwatch - Black	219.95	http://argos.scene7.com/is/image/Argos/4815765_R_SET?$Listers$	3	[{"author":"nickname","text":"This Motorola Moto 360 Sport Smartwatch - Black was fantastic. I have never been so happy with a product before in my life as I was with the Motorola Moto 360 Sport Smartwatch - Black","rating":2.8,"date":1458660721018},{"author":"nickname","text":"This Motorola Moto 360 Sport Smartwatch - Black was fantastic. I have never been so happy with a product before in my life as I was with the Motorola Moto 360 Sport Smartwatch - Black","rating":3.5,"date":1458660721018},{"author":"nickname","text":"This Motorola Moto 360 Sport Smartwatch - Black was fantastic. I have never been so happy with a product before in my life as I was with the Motorola Moto 360 Sport Smartwatch - Black","rating":1.3,"date":1458660721018}]	Perfect for individuals OR families, this product , a Motorola Moto 360 Sport Smartwatch - Black, is an absolute bargain at £219.95. It is extremely reliable, made with high quality materials, and comes with a 5-year quality guarantee.	4
Fitbit Surge Tangerine - Smal	157.99	http://argos.scene7.com/is/image/Argos/4992626_R_SET?$Listers$	4	[{"author":"nickname","text":"This Fitbit Surge Tangerine - Smal was fantastic. I have never been so happy with a product before in my life as I was with the Fitbit Surge Tangerine - Smal","rating":3.8,"date":1458660721018},{"author":"nickname","text":"This Fitbit Surge Tangerine - Smal was fantastic. I have never been so happy with a product before in my life as I was with the Fitbit Surge Tangerine - Smal","rating":4.5,"date":1458660721018},{"author":"nickname","text":"This Fitbit Surge Tangerine - Smal was fantastic. I have never been so happy with a product before in my life as I was with the Fitbit Surge Tangerine - Smal","rating":2.4,"date":1458660721018}]	Perfect for individuals OR families, this product , a Fitbit Surge Tangerine - Smal, is an absolute bargain at £157.99. It is extremely reliable, made with high quality materials, and comes with a 5-year quality guarantee.	0
Garmin Forerunner 225 GPS Running Watch and Wrist Heart Rat	199.99	http://argos.scene7.com/is/image/Argos/4610489_R_SET?$Listers$	3	[{"author":"nickname","text":"This Garmin Forerunner 225 GPS Running Watch and Wrist Heart Rat was fantastic. I have never been so happy with a product before in my life as I was with the Garmin Forerunner 225 GPS Running Watch and Wrist Heart Rat","rating":1.5,"date":1458660721018},{"author":"nickname","text":"This Garmin Forerunner 225 GPS Running Watch and Wrist Heart Rat was fantastic. I have never been so happy with a product before in my life as I was with the Garmin Forerunner 225 GPS Running Watch and Wrist Heart Rat","rating":3.8,"date":1458660721018},{"author":"nickname","text":"This Garmin Forerunner 225 GPS Running Watch and Wrist Heart Rat was fantastic. I have never been so happy with a product before in my life as I was with the Garmin Forerunner 225 GPS Running Watch and Wrist Heart Rat","rating":4,"date":1458660721018}]	Perfect for individuals OR families, this product , a Garmin Forerunner 225 GPS Running Watch and Wrist Heart Rat, is an absolute bargain at £199.99. It is extremely reliable, made with high quality materials, and comes with a 5-year quality guarantee.	5
UP2 by Jawbone Activity and Sleep Tracker - Black Diamon	89.99	http://argos.scene7.com/is/image/Argos/4986182_R_SET?$Listers$	5	[{"author":"nickname","text":"This UP2 by Jawbone Activity and Sleep Tracker - Black Diamon was fantastic. I have never been so happy with a product before in my life as I was with the UP2 by Jawbone Activity and Sleep Tracker - Black Diamon","rating":4.5,"date":1458660721018},{"author":"nickname","text":"This UP2 by Jawbone Activity and Sleep Tracker - Black Diamon was fantastic. I have never been so happy with a product before in my life as I was with the UP2 by Jawbone Activity and Sleep Tracker - Black Diamon","rating":5,"date":1458660721018},{"author":"nickname","text":"This UP2 by Jawbone Activity and Sleep Tracker - Black Diamon was fantastic. I have never been so happy with a product before in my life as I was with the UP2 by Jawbone Activity and Sleep Tracker - Black Diamon","rating":4.6,"date":1458660721018}]	Perfect for individuals OR families, this product , a UP2 by Jawbone Activity and Sleep Tracker - Black Diamon, is an absolute bargain at £89.99. It is extremely reliable, made with high quality materials, and comes with a 5-year quality guarantee.	0
Jawbone UP2 Rope Activity Sleep Tracker - Gun Meta	89.99	http://argos.scene7.com/is/image/Argos/4989660_R_SET?$Listers$	4	[{"author":"nickname","text":"This Jawbone UP2 Rope Activity Sleep Tracker - Gun Meta was fantastic. I have never been so happy with a product before in my life as I was with the Jawbone UP2 Rope Activity Sleep Tracker - Gun Meta","rating":4.9,"date":1458660721018},{"author":"nickname","text":"This Jawbone UP2 Rope Activity Sleep Tracker - Gun Meta was fantastic. I have never been so happy with a product before in my life as I was with the Jawbone UP2 Rope Activity Sleep Tracker - Gun Meta","rating":2.1,"date":1458660721018},{"author":"nickname","text":"This Jawbone UP2 Rope Activity Sleep Tracker - Gun Meta was fantastic. I have never been so happy with a product before in my life as I was with the Jawbone UP2 Rope Activity Sleep Tracker - Gun Meta","rating":4.6,"date":1458660721018}]	Perfect for individuals OR families, this product , a Jawbone UP2 Rope Activity Sleep Tracker - Gun Meta, is an absolute bargain at £89.99. It is extremely reliable, made with high quality materials, and comes with a 5-year quality guarantee.	4
UP2 by Jawbone Activity and Sleep Tracker - Oat Spectru	89.99	http://argos.scene7.com/is/image/Argos/4824086_R_SET?$Listers$	2	[{"author":"nickname","text":"This UP2 by Jawbone Activity and Sleep Tracker - Oat Spectru was fantastic. I have never been so happy with a product before in my life as I was with the UP2 by Jawbone Activity and Sleep Tracker - Oat Spectru","rating":2,"date":1458660721018},{"author":"nickname","text":"This UP2 by Jawbone Activity and Sleep Tracker - Oat Spectru was fantastic. I have never been so happy with a product before in my life as I was with the UP2 by Jawbone Activity and Sleep Tracker - Oat Spectru","rating":2.6,"date":1458660721018},{"author":"nickname","text":"This UP2 by Jawbone Activity and Sleep Tracker - Oat Spectru was fantastic. I have never been so happy with a product before in my life as I was with the UP2 by Jawbone Activity and Sleep Tracker - Oat Spectru","rating":2.4,"date":1458660721018}]	Perfect for individuals OR families, this product , a UP2 by Jawbone Activity and Sleep Tracker - Oat Spectru, is an absolute bargain at £89.99. It is extremely reliable, made with high quality materials, and comes with a 5-year quality guarantee.	3
Jawbone UP24 3 - Silve	129.99	http://argos.scene7.com/is/image/Argos/5034545_R_SET?$Listers$	3	[{"author":"nickname","text":"This Jawbone UP24 3 - Silve was fantastic. I have never been so happy with a product before in my life as I was with the Jawbone UP24 3 - Silve","rating":3.6,"date":1458660721018},{"author":"nickname","text":"This Jawbone UP24 3 - Silve was fantastic. I have never been so happy with a product before in my life as I was with the Jawbone UP24 3 - Silve","rating":4.4,"date":1458660721018},{"author":"nickname","text":"This Jawbone UP24 3 - Silve was fantastic. I have never been so happy with a product before in my life as I was with the Jawbone UP24 3 - Silve","rating":1.7,"date":1458660721018}]	Perfect for individuals OR families, this product , a Jawbone UP24 3 - Silve, is an absolute bargain at £129.99. It is extremely reliable, made with high quality materials, and comes with a 5-year quality guarantee.	0
UP3 by Jawbone Activity and Sleep Tracker - Indigo Twis	129.99	http://argos.scene7.com/is/image/Argos/4554796_R_SET?$Listers$	3	[{"author":"nickname","text":"This UP3 by Jawbone Activity and Sleep Tracker - Indigo Twis was fantastic. I have never been so happy with a product before in my life as I was with the UP3 by Jawbone Activity and Sleep Tracker - Indigo Twis","rating":2.8,"date":1458660721018},{"author":"nickname","text":"This UP3 by Jawbone Activity and Sleep Tracker - Indigo Twis was fantastic. I have never been so happy with a product before in my life as I was with the UP3 by Jawbone Activity and Sleep Tracker - Indigo Twis","rating":2.1,"date":1458660721018},{"author":"nickname","text":"This UP3 by Jawbone Activity and Sleep Tracker - Indigo Twis was fantastic. I have never been so happy with a product before in my life as I was with the UP3 by Jawbone Activity and Sleep Tracker - Indigo Twis","rating":3,"date":1458660721018}]	Perfect for individuals OR families, this product , a UP3 by Jawbone Activity and Sleep Tracker - Indigo Twis, is an absolute bargain at £129.99. It is extremely reliable, made with high quality materials, and comes with a 5-year quality guarantee.	5
UP3 by Jawbone Activity and Sleep Tracker - Sand Twis	129.99	http://argos.scene7.com/is/image/Argos/5057010_R_SET?$Listers$	2	[{"author":"nickname","text":"This UP3 by Jawbone Activity and Sleep Tracker - Sand Twis was fantastic. I have never been so happy with a product before in my life as I was with the UP3 by Jawbone Activity and Sleep Tracker - Sand Twis","rating":1.1,"date":1458660721018},{"author":"nickname","text":"This UP3 by Jawbone Activity and Sleep Tracker - Sand Twis was fantastic. I have never been so happy with a product before in my life as I was with the UP3 by Jawbone Activity and Sleep Tracker - Sand Twis","rating":3.8,"date":1458660721018},{"author":"nickname","text":"This UP3 by Jawbone Activity and Sleep Tracker - Sand Twis was fantastic. I have never been so happy with a product before in my life as I was with the UP3 by Jawbone Activity and Sleep Tracker - Sand Twis","rating":1.6,"date":1458660721018}]	Perfect for individuals OR families, this product , a UP3 by Jawbone Activity and Sleep Tracker - Sand Twis, is an absolute bargain at £129.99. It is extremely reliable, made with high quality materials, and comes with a 5-year quality guarantee.	2
UP3 by Jawbone Activity Tracker - Teal Cross	129.99	http://argos.scene7.com/is/image/Argos/5157305_R_SET?$Listers$	4	[{"author":"nickname","text":"This UP3 by Jawbone Activity Tracker - Teal Cross was fantastic. I have never been so happy with a product before in my life as I was with the UP3 by Jawbone Activity Tracker - Teal Cross","rating":1.9,"date":1458660721018},{"author":"nickname","text":"This UP3 by Jawbone Activity Tracker - Teal Cross was fantastic. I have never been so happy with a product before in my life as I was with the UP3 by Jawbone Activity Tracker - Teal Cross","rating":4.7,"date":1458660721018},{"author":"nickname","text":"This UP3 by Jawbone Activity Tracker - Teal Cross was fantastic. I have never been so happy with a product before in my life as I was with the UP3 by Jawbone Activity Tracker - Teal Cross","rating":4.7,"date":1458660721018}]	Perfect for individuals OR families, this product , a UP3 by Jawbone Activity Tracker - Teal Cross, is an absolute bargain at £129.99. It is extremely reliable, made with high quality materials, and comes with a 5-year quality guarantee.	0
UP MOVE by Jawbone Activity Tracker - Grape Rose with Purpl	49.99	http://argos.scene7.com/is/image/Argos/5157934_R_SET?$Listers$	3	[{"author":"nickname","text":"This UP MOVE by Jawbone Activity Tracker - Grape Rose with Purpl was fantastic. I have never been so happy with a product before in my life as I was with the UP MOVE by Jawbone Activity Tracker - Grape Rose with Purpl","rating":2.7,"date":1458660721018},{"author":"nickname","text":"This UP MOVE by Jawbone Activity Tracker - Grape Rose with Purpl was fantastic. I have never been so happy with a product before in my life as I was with the UP MOVE by Jawbone Activity Tracker - Grape Rose with Purpl","rating":2.5,"date":1458660721018},{"author":"nickname","text":"This UP MOVE by Jawbone Activity Tracker - Grape Rose with Purpl was fantastic. I have never been so happy with a product before in my life as I was with the UP MOVE by Jawbone Activity Tracker - Grape Rose with Purpl","rating":3.9,"date":1458660721018}]	Perfect for individuals OR families, this product , a UP MOVE by Jawbone Activity Tracker - Grape Rose with Purpl, is an absolute bargain at £49.99. It is extremely reliable, made with high quality materials, and comes with a 5-year quality guarantee.	5
UP MOVE by Jawbone Activity Tracker - Ruby Rose with Red	49.99	http://argos.scene7.com/is/image/Argos/5162242_R_SET?$Listers$	4	[{"author":"nickname","text":"This UP MOVE by Jawbone Activity Tracker - Ruby Rose with Red was fantastic. I have never been so happy with a product before in my life as I was with the UP MOVE by Jawbone Activity Tracker - Ruby Rose with Red","rating":4.8,"date":1458660721018},{"author":"nickname","text":"This UP MOVE by Jawbone Activity Tracker - Ruby Rose with Red was fantastic. I have never been so happy with a product before in my life as I was with the UP MOVE by Jawbone Activity Tracker - Ruby Rose with Red","rating":3.6,"date":1458660721018},{"author":"nickname","text":"This UP MOVE by Jawbone Activity Tracker - Ruby Rose with Red was fantastic. I have never been so happy with a product before in my life as I was with the UP MOVE by Jawbone Activity Tracker - Ruby Rose with Red","rating":2.8,"date":1458660721018}]	Perfect for individuals OR families, this product , a UP MOVE by Jawbone Activity Tracker - Ruby Rose with Red, is an absolute bargain at £49.99. It is extremely reliable, made with high quality materials, and comes with a 5-year quality guarantee.	2
Nuband Evolve Multi Sport Activity and Sleep Tracke	39.99	http://argos.scene7.com/is/image/Argos/4814278_R_SET?$Listers$	3	[{"author":"nickname","text":"This Nuband Evolve Multi Sport Activity and Sleep Tracke was fantastic. I have never been so happy with a product before in my life as I was with the Nuband Evolve Multi Sport Activity and Sleep Tracke","rating":4.5,"date":1458660721018},{"author":"nickname","text":"This Nuband Evolve Multi Sport Activity and Sleep Tracke was fantastic. I have never been so happy with a product before in my life as I was with the Nuband Evolve Multi Sport Activity and Sleep Tracke","rating":3.1,"date":1458660721018},{"author":"nickname","text":"This Nuband Evolve Multi Sport Activity and Sleep Tracke was fantastic. I have never been so happy with a product before in my life as I was with the Nuband Evolve Multi Sport Activity and Sleep Tracke","rating":2.4,"date":1458660721018}]	Perfect for individuals OR families, this product , a Nuband Evolve Multi Sport Activity and Sleep Tracke, is an absolute bargain at £39.99. It is extremely reliable, made with high quality materials, and comes with a 5-year quality guarantee.	3
Garmin Approach S2 Black and Re	139.99	http://argos.scene7.com/is/image/Argos/4610063_R_SET?$Listers$	2	[{"author":"nickname","text":"This Garmin Approach S2 Black and Re was fantastic. I have never been so happy with a product before in my life as I was with the Garmin Approach S2 Black and Re","rating":2.4,"date":1458660721018},{"author":"nickname","text":"This Garmin Approach S2 Black and Re was fantastic. I have never been so happy with a product before in my life as I was with the Garmin Approach S2 Black and Re","rating":1.6,"date":1458660721018},{"author":"nickname","text":"This Garmin Approach S2 Black and Re was fantastic. I have never been so happy with a product before in my life as I was with the Garmin Approach S2 Black and Re","rating":3.4,"date":1458660721018}]	Perfect for individuals OR families, this product , a Garmin Approach S2 Black and Re, is an absolute bargain at £139.99. It is extremely reliable, made with high quality materials, and comes with a 5-year quality guarantee.	0
Polar Loop 2 Activity Tracker - Smoky Blac	94.5	http://argos.scene7.com/is/image/Argos/5075171_R_SET?$Listers$	3	[{"author":"nickname","text":"This Polar Loop 2 Activity Tracker - Smoky Blac was fantastic. I have never been so happy with a product before in my life as I was with the Polar Loop 2 Activity Tracker - Smoky Blac","rating":4.9,"date":1458660721018},{"author":"nickname","text":"This Polar Loop 2 Activity Tracker - Smoky Blac was fantastic. I have never been so happy with a product before in my life as I was with the Polar Loop 2 Activity Tracker - Smoky Blac","rating":1.7,"date":1458660721018},{"author":"nickname","text":"This Polar Loop 2 Activity Tracker - Smoky Blac was fantastic. I have never been so happy with a product before in my life as I was with the Polar Loop 2 Activity Tracker - Smoky Blac","rating":2.1,"date":1458660721018}]	Perfect for individuals OR families, this product , a Polar Loop 2 Activity Tracker - Smoky Blac, is an absolute bargain at £94.5. It is extremely reliable, made with high quality materials, and comes with a 5-year quality guarantee.	2
Polar M400 GPS Watch with Heart Rate Monitor - Black	124.5	http://argos.scene7.com/is/image/Argos/4612308_R_SET?$Listers$	4	[{"author":"nickname","text":"This Polar M400 GPS Watch with Heart Rate Monitor - Black was fantastic. I have never been so happy with a product before in my life as I was with the Polar M400 GPS Watch with Heart Rate Monitor - Black","rating":2,"date":1458660721018},{"author":"nickname","text":"This Polar M400 GPS Watch with Heart Rate Monitor - Black was fantastic. I have never been so happy with a product before in my life as I was with the Polar M400 GPS Watch with Heart Rate Monitor - Black","rating":4.5,"date":1458660721018},{"author":"nickname","text":"This Polar M400 GPS Watch with Heart Rate Monitor - Black was fantastic. I have never been so happy with a product before in my life as I was with the Polar M400 GPS Watch with Heart Rate Monitor - Black","rating":4.7,"date":1458660721018}]	Perfect for individuals OR families, this product , a Polar M400 GPS Watch with Heart Rate Monitor - Black, is an absolute bargain at £124.5. It is extremely reliable, made with high quality materials, and comes with a 5-year quality guarantee.	3
UP3 by Jawbone Activity Tracker - Red Cross	129.99	http://argos.scene7.com/is/image/Argos/5162644_R_SET?$Listers$	3	[{"author":"nickname","text":"This UP3 by Jawbone Activity Tracker - Red Cross was fantastic. I have never been so happy with a product before in my life as I was with the UP3 by Jawbone Activity Tracker - Red Cross","rating":2.2,"date":1458660721018},{"author":"nickname","text":"This UP3 by Jawbone Activity Tracker - Red Cross was fantastic. I have never been so happy with a product before in my life as I was with the UP3 by Jawbone Activity Tracker - Red Cross","rating":3.2,"date":1458660721018},{"author":"nickname","text":"This UP3 by Jawbone Activity Tracker - Red Cross was fantastic. I have never been so happy with a product before in my life as I was with the UP3 by Jawbone Activity Tracker - Red Cross","rating":3.1,"date":1458660721018}]	Perfect for individuals OR families, this product , a UP3 by Jawbone Activity Tracker - Red Cross, is an absolute bargain at £129.99. It is extremely reliable, made with high quality materials, and comes with a 5-year quality guarantee.	2
UP MOVE by Jawbone Activity Tracker - Blue Burst with Fog	49.99	http://argos.scene7.com/is/image/Argos/5048373_R_SET?$Listers$	3	[{"author":"nickname","text":"This UP MOVE by Jawbone Activity Tracker - Blue Burst with Fog was fantastic. I have never been so happy with a product before in my life as I was with the UP MOVE by Jawbone Activity Tracker - Blue Burst with Fog","rating":1.2,"date":1458660721018},{"author":"nickname","text":"This UP MOVE by Jawbone Activity Tracker - Blue Burst with Fog was fantastic. I have never been so happy with a product before in my life as I was with the UP MOVE by Jawbone Activity Tracker - Blue Burst with Fog","rating":3.3,"date":1458660721018},{"author":"nickname","text":"This UP MOVE by Jawbone Activity Tracker - Blue Burst with Fog was fantastic. I have never been so happy with a product before in my life as I was with the UP MOVE by Jawbone Activity Tracker - Blue Burst with Fog","rating":3.9,"date":1458660721018}]	Perfect for individuals OR families, this product , a UP MOVE by Jawbone Activity Tracker - Blue Burst with Fog, is an absolute bargain at £49.99. It is extremely reliable, made with high quality materials, and comes with a 5-year quality guarantee.	1
UP MOVE by Jawbone Activity Tracker - Slate Rose with Yello	49.99	http://argos.scene7.com/is/image/Argos/4835374_R_SET?$Listers$	3	[{"author":"nickname","text":"This UP MOVE by Jawbone Activity Tracker - Slate Rose with Yello was fantastic. I have never been so happy with a product before in my life as I was with the UP MOVE by Jawbone Activity Tracker - Slate Rose with Yello","rating":4.2,"date":1458660721018},{"author":"nickname","text":"This UP MOVE by Jawbone Activity Tracker - Slate Rose with Yello was fantastic. I have never been so happy with a product before in my life as I was with the UP MOVE by Jawbone Activity Tracker - Slate Rose with Yello","rating":2.5,"date":1458660721018},{"author":"nickname","text":"This UP MOVE by Jawbone Activity Tracker - Slate Rose with Yello was fantastic. I have never been so happy with a product before in my life as I was with the UP MOVE by Jawbone Activity Tracker - Slate Rose with Yello","rating":3.4,"date":1458660721018}]	Perfect for individuals OR families, this product , a UP MOVE by Jawbone Activity Tracker - Slate Rose with Yello, is an absolute bargain at £49.99. It is extremely reliable, made with high quality materials, and comes with a 5-year quality guarantee.	3
UP2 by Jawbone Activity Tracker - Jade Circle Rope	89.99	http://argos.scene7.com/is/image/Argos/4979797_R_SET?$Listers$	4	[{"author":"nickname","text":"This UP2 by Jawbone Activity Tracker - Jade Circle Rope was fantastic. I have never been so happy with a product before in my life as I was with the UP2 by Jawbone Activity Tracker - Jade Circle Rope","rating":3.2,"date":1458660721018},{"author":"nickname","text":"This UP2 by Jawbone Activity Tracker - Jade Circle Rope was fantastic. I have never been so happy with a product before in my life as I was with the UP2 by Jawbone Activity Tracker - Jade Circle Rope","rating":4.2,"date":1458660721018},{"author":"nickname","text":"This UP2 by Jawbone Activity Tracker - Jade Circle Rope was fantastic. I have never been so happy with a product before in my life as I was with the UP2 by Jawbone Activity Tracker - Jade Circle Rope","rating":3.2,"date":1458660721018}]	Perfect for individuals OR families, this product , a UP2 by Jawbone Activity Tracker - Jade Circle Rope, is an absolute bargain at £89.99. It is extremely reliable, made with high quality materials, and comes with a 5-year quality guarantee.	5
UP2 by Jawbone Activity Tracker - Orchid Circle Rope	89.99	http://argos.scene7.com/is/image/Argos/5095041_R_SET?$Listers$	4	[{"author":"nickname","text":"This UP2 by Jawbone Activity Tracker - Orchid Circle Rope was fantastic. I have never been so happy with a product before in my life as I was with the UP2 by Jawbone Activity Tracker - Orchid Circle Rope","rating":4.1,"date":1458660721018},{"author":"nickname","text":"This UP2 by Jawbone Activity Tracker - Orchid Circle Rope was fantastic. I have never been so happy with a product before in my life as I was with the UP2 by Jawbone Activity Tracker - Orchid Circle Rope","rating":1.8,"date":1458660721018},{"author":"nickname","text":"This UP2 by Jawbone Activity Tracker - Orchid Circle Rope was fantastic. I have never been so happy with a product before in my life as I was with the UP2 by Jawbone Activity Tracker - Orchid Circle Rope","rating":4.8,"date":1458660721018}]	Perfect for individuals OR families, this product , a UP2 by Jawbone Activity Tracker - Orchid Circle Rope, is an absolute bargain at £89.99. It is extremely reliable, made with high quality materials, and comes with a 5-year quality guarantee.	0
UP2 by Jawbone Activity Tracker - Violet Circle	89.99	http://argos.scene7.com/is/image/Argos/4963686_R_SET?$Listers$	3	[{"author":"nickname","text":"This UP2 by Jawbone Activity Tracker - Violet Circle was fantastic. I have never been so happy with a product before in my life as I was with the UP2 by Jawbone Activity Tracker - Violet Circle","rating":1.3,"date":1458660721018},{"author":"nickname","text":"This UP2 by Jawbone Activity Tracker - Violet Circle was fantastic. I have never been so happy with a product before in my life as I was with the UP2 by Jawbone Activity Tracker - Violet Circle","rating":3.8,"date":1458660721018},{"author":"nickname","text":"This UP2 by Jawbone Activity Tracker - Violet Circle was fantastic. I have never been so happy with a product before in my life as I was with the UP2 by Jawbone Activity Tracker - Violet Circle","rating":3.9,"date":1458660721018}]	Perfect for individuals OR families, this product , a UP2 by Jawbone Activity Tracker - Violet Circle, is an absolute bargain at £89.99. It is extremely reliable, made with high quality materials, and comes with a 5-year quality guarantee.	3
Moov Now Multi Sport Wearable Fitness Coach - Red	59.99	http://argos.scene7.com/is/image/Argos/4826156_R_SET?$Listers$	4	[{"author":"nickname","text":"This Moov Now Multi Sport Wearable Fitness Coach - Red was fantastic. I have never been so happy with a product before in my life as I was with the Moov Now Multi Sport Wearable Fitness Coach - Red","rating":3.4,"date":1458660721018},{"author":"nickname","text":"This Moov Now Multi Sport Wearable Fitness Coach - Red was fantastic. I have never been so happy with a product before in my life as I was with the Moov Now Multi Sport Wearable Fitness Coach - Red","rating":2.7,"date":1458660721018},{"author":"nickname","text":"This Moov Now Multi Sport Wearable Fitness Coach - Red was fantastic. I have never been so happy with a product before in my life as I was with the Moov Now Multi Sport Wearable Fitness Coach - Red","rating":4.9,"date":1458660721018}]	Perfect for individuals OR families, this product , a Moov Now Multi Sport Wearable Fitness Coach - Red, is an absolute bargain at £59.99. It is extremely reliable, made with high quality materials, and comes with a 5-year quality guarantee.	0