desc_link,desc_link/_text,desc_link/_title,partnum_number,main_price,fasttrack_image,fasttrack_image/_alt,wasprice_value,wasprice_price,saveprice_value,saveprice_value_prices,customerrating_link,customerrating_link/_text,customerrating_link/_title,customerrating_image,customerrating_image/_alt,customerrating_number,specialoffercount_value,specialoffercount_value_numbers,image_1,image_1/_alt,image_2,image_2/_alt,image_3,image_3/_alt,image_4,image_4/_alt,image_5,image_5/_alt,image_6,image_6/_alt,delivery_value,addtotrolley_link,addtotrolley_link/_text,addtotrolley_link/_title,buyorreserve_link,buyorreserve_link/_text,buyorreserve_link/_title,image_link,image_link/_text,image_link/_title,image_7,image_7/_alt,ordering_value,storepickup_value,compare_label
"http://www.argos.co.uk/static/Product/partNumber/3975998.htm","Nike Omni Football - Laser Orange.","more details on Nike Omni Football - Laser Orange.","3975998","9.99","http://www.argos.co.uk/wcsstore/argos/en_GB/siteAssets/images/fasttrack_icon.png","Fast Track","","","","","http://www.argos.co.uk/static/Product/partNumber/3975998.htm#pdpProductReviews","(5)","","http://www.argos.co.uk/wcsstore/argos/en_GB/images/rating/stars/rating-4_8.gif","","5","+ 1 special offer","1","http://www.argos.co.uk/wcsstore/argos/en_GB/images/icon_collection_grey.png","","http://www.argos.co.uk/wcsstore/argos/en_GB/images/green_arrow.png","","http://www.argos.co.uk/wcsstore/argos/en_GB/images/icon_collection_disabled.png","","http://www.argos.co.uk/wcsstore/argos/en_GB/images/grey_arrow.gif","","http://www.argos.co.uk/wcsstore/argos/en_GB/images/icon_delivery_grey.png","","http://www.argos.co.uk/wcsstore/argos/en_GB/images/icon_delivery_disabled.png","","","http://www.argos.co.uk/webapp/wcs/stores/servlet/ArgosProductPurchaseNoJS?storeId=10151&langId=110&catalogId=25051&URL=OrderItemDisplay&errorViewName=ArgosGenericErrorView&catEntryId=1312797&partNumber=3975998&quantity=1","Add To Trolley","Buy or Reserve Nike Omni Football - Laser Orange.","http://www.argos.co.uk/webapp/wcs/stores/servlet/ArgosProductPurchaseNoJS?storeId=10151&langId=110&catalogId=25051&URL=OrderItemDisplay&errorViewName=ArgosGenericErrorView&catEntryId=1312797&partNumber=3975998&quantity=1","Buy or Reserve","Buy or Reserve Nike Omni Football - Laser Orange.","http://www.argos.co.uk/static/Product/partNumber/3975998.htm","","more details on Nike Omni Football - Laser Orange.","http://argos.scene7.com/is/image/Argos/3975998_R_SET?$Listers$","more details on Nike Omni Football - Laser Orange.","Order now for delivery <span>within <span>2 days</span></span>","Reserve to collect in store","Compare"
"http://www.argos.co.uk/static/Product/partNumber/4041780.htm","Nike Omni Football - Bright Crimson.","more details on Nike Omni Football - Bright Crimson.","4041780","9.99","http://www.argos.co.uk/wcsstore/argos/en_GB/siteAssets/images/fasttrack_icon.png","Fast Track","","","","","http://www.argos.co.uk/static/Product/partNumber/4041780.htm#pdpProductReviews","(14)","","http://www.argos.co.uk/wcsstore/argos/en_GB/images/rating/stars/rating-4_9.gif","","14","+ 1 special offer","1","http://www.argos.co.uk/wcsstore/argos/en_GB/images/icon_collection_grey.png","","http://www.argos.co.uk/wcsstore/argos/en_GB/images/green_arrow.png","","http://www.argos.co.uk/wcsstore/argos/en_GB/images/icon_collection_disabled.png","","http://www.argos.co.uk/wcsstore/argos/en_GB/images/grey_arrow.gif","","http://www.argos.co.uk/wcsstore/argos/en_GB/images/icon_delivery_grey.png","","http://www.argos.co.uk/wcsstore/argos/en_GB/images/icon_delivery_disabled.png","","","http://www.argos.co.uk/webapp/wcs/stores/servlet/ArgosProductPurchaseNoJS?storeId=10151&langId=110&catalogId=25051&URL=OrderItemDisplay&errorViewName=ArgosGenericErrorView&catEntryId=1312813&partNumber=4041780&quantity=1","Add To Trolley","Buy or Reserve Nike Omni Football - Bright Crimson.","http://www.argos.co.uk/webapp/wcs/stores/servlet/ArgosProductPurchaseNoJS?storeId=10151&langId=110&catalogId=25051&URL=OrderItemDisplay&errorViewName=ArgosGenericErrorView&catEntryId=1312813&partNumber=4041780&quantity=1","Buy or Reserve","Buy or Reserve Nike Omni Football - Bright Crimson.","http://www.argos.co.uk/static/Product/partNumber/4041780.htm","","more details on Nike Omni Football - Bright Crimson.","http://argos.scene7.com/is/image/Argos/4041780_R_SET?$Listers$","more details on Nike Omni Football - Bright Crimson.","Order now for delivery <span>within <span>2 days</span></span>","Reserve to collect in store","Compare"
"http://www.argos.co.uk/static/Product/partNumber/4043063.htm","Nike Omni Football - Volt and Black.","more details on Nike Omni Football - Volt and Black.","4043063","9.99","http://www.argos.co.uk/wcsstore/argos/en_GB/siteAssets/images/fasttrack_icon.png","Fast Track","","","","","http://www.argos.co.uk/static/Product/partNumber/4043063.htm#pdpProductReviews","(5)","","http://www.argos.co.uk/wcsstore/argos/en_GB/images/rating/stars/rating-4_8.gif","","5","+ 1 special offer","1","http://www.argos.co.uk/wcsstore/argos/en_GB/images/icon_collection_grey.png","","http://www.argos.co.uk/wcsstore/argos/en_GB/images/green_arrow.png","","http://www.argos.co.uk/wcsstore/argos/en_GB/images/icon_collection_disabled.png","","http://www.argos.co.uk/wcsstore/argos/en_GB/images/grey_arrow.gif","","http://www.argos.co.uk/wcsstore/argos/en_GB/images/icon_delivery_grey.png","","http://www.argos.co.uk/wcsstore/argos/en_GB/images/icon_delivery_disabled.png","","","http://www.argos.co.uk/webapp/wcs/stores/servlet/ArgosProductPurchaseNoJS?storeId=10151&langId=110&catalogId=25051&URL=OrderItemDisplay&errorViewName=ArgosGenericErrorView&catEntryId=1312815&partNumber=4043063&quantity=1","Add To Trolley","Buy or Reserve Nike Omni Football - Volt and Black.","http://www.argos.co.uk/webapp/wcs/stores/servlet/ArgosProductPurchaseNoJS?storeId=10151&langId=110&catalogId=25051&URL=OrderItemDisplay&errorViewName=ArgosGenericErrorView&catEntryId=1312815&partNumber=4043063&quantity=1","Buy or Reserve","Buy or Reserve Nike Omni Football - Volt and Black.","http://www.argos.co.uk/static/Product/partNumber/4043063.htm","","more details on Nike Omni Football - Volt and Black.","http://argos.scene7.com/is/image/Argos/4043063_R_SET?$Listers$","more details on Nike Omni Football - Volt and Black.","Order now for delivery <span>within <span>2 days</span></span>","Reserve to collect in store","Compare"
"http://www.argos.co.uk/static/Product/partNumber/4047069.htm","Adidas X Glide Solar Football - Yellow.","more details on Adidas X Glide Solar Football - Yellow.","4047069","14.99","http://www.argos.co.uk/wcsstore/argos/en_GB/siteAssets/images/fasttrack_icon.png","Fast Track","","","","","http://www.argos.co.uk/static/Product/partNumber/4047069.htm#pdpProductReviews","(2)","","http://www.argos.co.uk/wcsstore/argos/en_GB/images/rating/stars/rating-5_0.gif","","2","+ 1 special offer","1","http://www.argos.co.uk/wcsstore/argos/en_GB/images/icon_collection_grey.png","","http://www.argos.co.uk/wcsstore/argos/en_GB/images/green_arrow.png","","http://www.argos.co.uk/wcsstore/argos/en_GB/images/icon_collection_disabled.png","","http://www.argos.co.uk/wcsstore/argos/en_GB/images/grey_arrow.gif","","http://www.argos.co.uk/wcsstore/argos/en_GB/images/icon_delivery_grey.png","","http://www.argos.co.uk/wcsstore/argos/en_GB/images/icon_delivery_disabled.png","","","http://www.argos.co.uk/webapp/wcs/stores/servlet/ArgosProductPurchaseNoJS?storeId=10151&langId=110&catalogId=25051&URL=OrderItemDisplay&errorViewName=ArgosGenericErrorView&catEntryId=1317127&partNumber=4047069&quantity=1","Add To Trolley","Buy or Reserve Adidas X Glide Solar Football - Yellow.","http://www.argos.co.uk/webapp/wcs/stores/servlet/ArgosProductPurchaseNoJS?storeId=10151&langId=110&catalogId=25051&URL=OrderItemDisplay&errorViewName=ArgosGenericErrorView&catEntryId=1317127&partNumber=4047069&quantity=1","Buy or Reserve","Buy or Reserve Adidas X Glide Solar Football - Yellow.","http://www.argos.co.uk/static/Product/partNumber/4047069.htm","","more details on Adidas X Glide Solar Football - Yellow.","http://argos.scene7.com/is/image/Argos/4047069_R_SET?$Listers$","more details on Adidas X Glide Solar Football - Yellow.","Order now for delivery <span>within <span>2 days</span></span>","Reserve to collect in store","Compare"
"http://www.argos.co.uk/static/Product/partNumber/3258718.htm","Mitre Size 5 Street Football.","more details on Mitre Size 5 Street Football.","3258718","12.99","http://www.argos.co.uk/wcsstore/argos/en_GB/siteAssets/images/fasttrack_icon.png","Fast Track","","","","","http://www.argos.co.uk/static/Product/partNumber/3258718.htm#pdpProductReviews","(15)","","http://www.argos.co.uk/wcsstore/argos/en_GB/images/rating/stars/rating-4_3.gif","","15","+ 1 special offer","1","http://www.argos.co.uk/wcsstore/argos/en_GB/images/icon_collection_grey.png","","http://www.argos.co.uk/wcsstore/argos/en_GB/images/green_arrow.png","","http://www.argos.co.uk/wcsstore/argos/en_GB/images/icon_collection_disabled.png","","http://www.argos.co.uk/wcsstore/argos/en_GB/images/grey_arrow.gif","","http://www.argos.co.uk/wcsstore/argos/en_GB/images/icon_delivery_grey.png","","http://www.argos.co.uk/wcsstore/argos/en_GB/images/icon_delivery_disabled.png","","","http://www.argos.co.uk/webapp/wcs/stores/servlet/ArgosProductPurchaseNoJS?storeId=10151&langId=110&catalogId=25051&URL=OrderItemDisplay&errorViewName=ArgosGenericErrorView&catEntryId=1257020&partNumber=3258718&quantity=1","Add To Trolley","Buy or Reserve Mitre Size 5 Street Football.","http://www.argos.co.uk/webapp/wcs/stores/servlet/ArgosProductPurchaseNoJS?storeId=10151&langId=110&catalogId=25051&URL=OrderItemDisplay&errorViewName=ArgosGenericErrorView&catEntryId=1257020&partNumber=3258718&quantity=1","Buy or Reserve","Buy or Reserve Mitre Size 5 Street Football.","http://www.argos.co.uk/static/Product/partNumber/3258718.htm","","more details on Mitre Size 5 Street Football.","http://argos.scene7.com/is/image/Argos/3258718_R_SET?$Listers$","more details on Mitre Size 5 Street Football.","Order now for delivery <span>within <span>2 days</span></span>","Reserve to collect in store","Compare"
"http://www.argos.co.uk/static/Product/partNumber/1443374.htm","Mitre Primero Size 5 Training Football.","more details on Mitre Primero Size 5 Training Football.","1443374","10.99","http://www.argos.co.uk/wcsstore/argos/en_GB/siteAssets/images/fasttrack_icon.png","Fast Track","","","","","http://www.argos.co.uk/static/Product/partNumber/1443374.htm#pdpProductReviews","(12)","","http://www.argos.co.uk/wcsstore/argos/en_GB/images/rating/stars/rating-4_3.gif","","12","+ 1 special offer","1","http://www.argos.co.uk/wcsstore/argos/en_GB/images/icon_collection_grey.png","","http://www.argos.co.uk/wcsstore/argos/en_GB/images/green_arrow.png","","http://www.argos.co.uk/wcsstore/argos/en_GB/images/icon_collection_disabled.png","","http://www.argos.co.uk/wcsstore/argos/en_GB/images/grey_arrow.gif","","http://www.argos.co.uk/wcsstore/argos/en_GB/images/icon_delivery_grey.png","","http://www.argos.co.uk/wcsstore/argos/en_GB/images/icon_delivery_disabled.png","","","http://www.argos.co.uk/webapp/wcs/stores/servlet/ArgosProductPurchaseNoJS?storeId=10151&langId=110&catalogId=25051&URL=OrderItemDisplay&errorViewName=ArgosGenericErrorView&catEntryId=1071274&partNumber=1443374&quantity=1","Add To Trolley","Buy or Reserve Mitre Primero Size 5 Training Football.","http://www.argos.co.uk/webapp/wcs/stores/servlet/ArgosProductPurchaseNoJS?storeId=10151&langId=110&catalogId=25051&URL=OrderItemDisplay&errorViewName=ArgosGenericErrorView&catEntryId=1071274&partNumber=1443374&quantity=1","Buy or Reserve","Buy or Reserve Mitre Primero Size 5 Training Football.","http://www.argos.co.uk/static/Product/partNumber/1443374.htm","","more details on Mitre Primero Size 5 Training Football.","http://argos.scene7.com/is/image/Argos/1443374_R_SET?$Listers$","more details on Mitre Primero Size 5 Training Football.","Order now for delivery <span>within <span>2 days</span></span>","Reserve to collect in store","Compare"
"http://www.argos.co.uk/static/Product/partNumber/9014365.htm","Carbrini Size 5 Football - White.","more details on Carbrini Size 5 Football - White.","9014365","4.99","http://www.argos.co.uk/wcsstore/argos/en_GB/siteAssets/images/fasttrack_icon.png","Fast Track","","","","","http://www.argos.co.uk/static/Product/partNumber/9014365.htm#pdpProductReviews","(32)","","http://www.argos.co.uk/wcsstore/argos/en_GB/images/rating/stars/rating-4_1.gif","","32","+ 1 special offer","1","http://www.argos.co.uk/wcsstore/argos/en_GB/images/icon_collection_grey.png","","http://www.argos.co.uk/wcsstore/argos/en_GB/images/green_arrow.png","","http://www.argos.co.uk/wcsstore/argos/en_GB/images/icon_collection_disabled.png","","http://www.argos.co.uk/wcsstore/argos/en_GB/images/grey_arrow.gif","","http://www.argos.co.uk/wcsstore/argos/en_GB/images/icon_delivery_grey.png","","http://www.argos.co.uk/wcsstore/argos/en_GB/images/icon_delivery_disabled.png","","","http://www.argos.co.uk/webapp/wcs/stores/servlet/ArgosProductPurchaseNoJS?storeId=10151&langId=110&catalogId=25051&URL=OrderItemDisplay&errorViewName=ArgosGenericErrorView&catEntryId=907530&partNumber=9014365&quantity=1","Add To Trolley","Buy or Reserve Carbrini Size 5 Football - White.","http://www.argos.co.uk/webapp/wcs/stores/servlet/ArgosProductPurchaseNoJS?storeId=10151&langId=110&catalogId=25051&URL=OrderItemDisplay&errorViewName=ArgosGenericErrorView&catEntryId=907530&partNumber=9014365&quantity=1","Buy or Reserve","Buy or Reserve Carbrini Size 5 Football - White.","http://www.argos.co.uk/static/Product/partNumber/9014365.htm","","more details on Carbrini Size 5 Football - White.","http://argos.scene7.com/is/image/Argos/9014365_R_SET?$Listers$","more details on Carbrini Size 5 Football - White.","Currently out of stock for delivery","Reserve to collect in store","Compare"
"http://www.argos.co.uk/static/Product/partNumber/3913383.htm","Nike Strike 2015/16 Premier League Football","more details on Nike Strike 2015/16 Premier League Football","3913383","16.99","http://www.argos.co.uk/wcsstore/argos/en_GB/siteAssets/images/fasttrack_icon.png","Fast Track","","","","","http://www.argos.co.uk/static/Product/partNumber/3913383.htm#pdpProductReviews","(20)","","http://www.argos.co.uk/wcsstore/argos/en_GB/images/rating/stars/rating-4_5.gif","","20","+ 1 special offer","1","http://www.argos.co.uk/wcsstore/argos/en_GB/images/icon_collection_grey.png","","http://www.argos.co.uk/wcsstore/argos/en_GB/images/green_arrow.png","","http://www.argos.co.uk/wcsstore/argos/en_GB/images/icon_collection_disabled.png","","http://www.argos.co.uk/wcsstore/argos/en_GB/images/grey_arrow.gif","","http://www.argos.co.uk/wcsstore/argos/en_GB/images/icon_delivery_grey.png","","http://www.argos.co.uk/wcsstore/argos/en_GB/images/icon_delivery_disabled.png","","","http://www.argos.co.uk/webapp/wcs/stores/servlet/ArgosProductPurchaseNoJS?storeId=10151&langId=110&catalogId=25051&URL=OrderItemDisplay&errorViewName=ArgosGenericErrorView&catEntryId=1320249&partNumber=3913383&quantity=1","Add To Trolley","Buy or Reserve Nike Strike 2015/16 Premier League Football","http://www.argos.co.uk/webapp/wcs/stores/servlet/ArgosProductPurchaseNoJS?storeId=10151&langId=110&catalogId=25051&URL=OrderItemDisplay&errorViewName=ArgosGenericErrorView&catEntryId=1320249&partNumber=3913383&quantity=1","Buy or Reserve","Buy or Reserve Nike Strike 2015/16 Premier League Football","http://www.argos.co.uk/static/Product/partNumber/3913383.htm","","more details on Nike Strike 2015/16 Premier League Football","http://argos.scene7.com/is/image/Argos/3913383_R_SET?$Listers$","more details on Nike Strike 2015/16 Premier League Football","Order now for delivery <span>within <span>2 days</span></span>","Reserve to collect in store","Compare"
"http://www.argos.co.uk/static/Product/partNumber/4138985.htm","Nike Pitch 2015/16 Premier League Football - Hi-Vis","more details on Nike Pitch 2015/16 Premier League Football - Hi-Vis","4138985","16.99","http://www.argos.co.uk/wcsstore/argos/en_GB/siteAssets/images/fasttrack_icon.png","Fast Track","","","","","http://www.argos.co.uk/static/Product/partNumber/4138985.htm#pdpProductReviews","(6)","","http://www.argos.co.uk/wcsstore/argos/en_GB/images/rating/stars/rating-4_8.gif","","6","+ 1 special offer","1","http://www.argos.co.uk/wcsstore/argos/en_GB/images/icon_collection_grey.png","","http://www.argos.co.uk/wcsstore/argos/en_GB/images/green_arrow.png","","http://www.argos.co.uk/wcsstore/argos/en_GB/images/icon_collection_disabled.png","","http://www.argos.co.uk/wcsstore/argos/en_GB/images/grey_arrow.gif","","http://www.argos.co.uk/wcsstore/argos/en_GB/images/icon_delivery_grey.png","","http://www.argos.co.uk/wcsstore/argos/en_GB/images/icon_delivery_disabled.png","","","http://www.argos.co.uk/webapp/wcs/stores/servlet/ArgosProductPurchaseNoJS?storeId=10151&langId=110&catalogId=25051&URL=OrderItemDisplay&errorViewName=ArgosGenericErrorView&catEntryId=1320247&partNumber=4138985&quantity=1","Add To Trolley","Buy or Reserve Nike Pitch 2015/16 Premier League Football - Hi-Vis","http://www.argos.co.uk/webapp/wcs/stores/servlet/ArgosProductPurchaseNoJS?storeId=10151&langId=110&catalogId=25051&URL=OrderItemDisplay&errorViewName=ArgosGenericErrorView&catEntryId=1320247&partNumber=4138985&quantity=1","Buy or Reserve","Buy or Reserve Nike Pitch 2015/16 Premier League Football - Hi-Vis","http://www.argos.co.uk/static/Product/partNumber/4138985.htm","","more details on Nike Pitch 2015/16 Premier League Football - Hi-Vis","http://argos.scene7.com/is/image/Argos/4138985_R_SET?$Listers$","more details on Nike Pitch 2015/16 Premier League Football - Hi-Vis","Order now for delivery <span>within <span>2 days</span></span>","Reserve to collect in store","Compare"
"http://www.argos.co.uk/static/Product/partNumber/4555678.htm","Mitre Indoor Football","more details on Mitre Indoor Football","4555678","17.99","http://www.argos.co.uk/wcsstore/argos/en_GB/siteAssets/images/fasttrack_icon.png","Fast Track","","","","","http://www.argos.co.uk/static/Product/partNumber/4555678.htm#pdpProductReviews","(5)","","http://www.argos.co.uk/wcsstore/argos/en_GB/images/rating/stars/rating-4_4.gif","","5","+ 1 special offer","1","http://www.argos.co.uk/wcsstore/argos/en_GB/images/icon_collection_grey.png","","http://www.argos.co.uk/wcsstore/argos/en_GB/images/green_arrow.png","","http://www.argos.co.uk/wcsstore/argos/en_GB/images/icon_collection_disabled.png","","http://www.argos.co.uk/wcsstore/argos/en_GB/images/grey_arrow.gif","","http://www.argos.co.uk/wcsstore/argos/en_GB/images/icon_delivery_grey.png","","http://www.argos.co.uk/wcsstore/argos/en_GB/images/icon_delivery_disabled.png","","","http://www.argos.co.uk/webapp/wcs/stores/servlet/ArgosProductPurchaseNoJS?storeId=10151&langId=110&catalogId=10001&URL=OrderItemDisplay&errorViewName=ArgosGenericErrorView&catEntryId=1400195&partNumber=4555678&quantity=1","Add To Trolley","Buy or Reserve Mitre Indoor Football","http://www.argos.co.uk/webapp/wcs/stores/servlet/ArgosProductPurchaseNoJS?storeId=10151&langId=110&catalogId=10001&URL=OrderItemDisplay&errorViewName=ArgosGenericErrorView&catEntryId=1400195&partNumber=4555678&quantity=1","Buy or Reserve","Buy or Reserve Mitre Indoor Football","http://www.argos.co.uk/static/Product/partNumber/4555678.htm","","more details on Mitre Indoor Football","http://argos.scene7.com/is/image/Argos/4555678_R_SET?$Listers$","more details on Mitre Indoor Football","Order now for delivery <span>within <span>2 days</span></span>","Reserve to collect in store","Compare"
"http://www.argos.co.uk/static/Product/partNumber/4614966.htm","Adidas Finale Milan Capitano Football","more details on Adidas Finale Milan Capitano Football","4614966","14.99","http://www.argos.co.uk/wcsstore/argos/en_GB/siteAssets/images/fasttrack_icon.png","Fast Track","","","","","","","","","","","+ 1 special offer","1","http://www.argos.co.uk/wcsstore/argos/en_GB/images/icon_collection_grey.png","","http://www.argos.co.uk/wcsstore/argos/en_GB/images/green_arrow.png","","http://www.argos.co.uk/wcsstore/argos/en_GB/images/icon_collection_disabled.png","","http://www.argos.co.uk/wcsstore/argos/en_GB/images/grey_arrow.gif","","http://www.argos.co.uk/wcsstore/argos/en_GB/images/icon_delivery_grey.png","","http://www.argos.co.uk/wcsstore/argos/en_GB/images/icon_delivery_disabled.png","","","http://www.argos.co.uk/webapp/wcs/stores/servlet/ArgosProductPurchaseNoJS?storeId=10151&langId=110&catalogId=25051&URL=OrderItemDisplay&errorViewName=ArgosGenericErrorView&catEntryId=1400517&partNumber=4614966&quantity=1","Add To Trolley","Buy or Reserve Adidas Finale Milan Capitano Football","http://www.argos.co.uk/webapp/wcs/stores/servlet/ArgosProductPurchaseNoJS?storeId=10151&langId=110&catalogId=25051&URL=OrderItemDisplay&errorViewName=ArgosGenericErrorView&catEntryId=1400517&partNumber=4614966&quantity=1","Buy or Reserve","Buy or Reserve Adidas Finale Milan Capitano Football","http://www.argos.co.uk/static/Product/partNumber/4614966.htm","","more details on Adidas Finale Milan Capitano Football","http://argos.scene7.com/is/image/Argos/4614966_R_SET?$Listers$","more details on Adidas Finale Milan Capitano Football","Order now for delivery <span>within <span>2 days</span></span>","Reserve to collect in store","Compare"
"http://www.argos.co.uk/static/Product/partNumber/4625429.htm","Mitre Junior Training Pack with Pump and Bottle","more details on Mitre Junior Training Pack with Pump and Bottle","4625429","16.99","","","","","","","http://www.argos.co.uk/static/Product/partNumber/4625429.htm#pdpProductReviews","(11)","","http://www.argos.co.uk/wcsstore/argos/en_GB/images/rating/stars/rating-4_9.gif","","11","","","http://www.argos.co.uk/wcsstore/argos/en_GB/images/icon_collection_grey.png","","http://www.argos.co.uk/wcsstore/argos/en_GB/images/green_arrow.png","","http://www.argos.co.uk/wcsstore/argos/en_GB/images/icon_collection_disabled.png","","http://www.argos.co.uk/wcsstore/argos/en_GB/images/grey_arrow.gif","","http://www.argos.co.uk/wcsstore/argos/en_GB/images/icon_delivery_grey.png","","http://www.argos.co.uk/wcsstore/argos/en_GB/images/icon_delivery_disabled.png","","","http://www.argos.co.uk/webapp/wcs/stores/servlet/ArgosProductPurchaseNoJS?storeId=10151&langId=110&catalogId=25051&URL=OrderItemDisplay&errorViewName=ArgosGenericErrorView&catEntryId=1400589&partNumber=4625429&quantity=1","Add To Trolley","Buy or Reserve Mitre Junior Training Pack with Pump and Bottle","http://www.argos.co.uk/webapp/wcs/stores/servlet/ArgosProductPurchaseNoJS?storeId=10151&langId=110&catalogId=25051&URL=OrderItemDisplay&errorViewName=ArgosGenericErrorView&catEntryId=1400589&partNumber=4625429&quantity=1","Buy or Reserve","Buy or Reserve Mitre Junior Training Pack with Pump and Bottle","http://www.argos.co.uk/static/Product/partNumber/4625429.htm","","more details on Mitre Junior Training Pack with Pump and Bottle","http://argos.scene7.com/is/image/Argos/4625429_R_SET?$Listers$","more details on Mitre Junior Training Pack with Pump and Bottle","Order now for delivery <span>within <span>2 days</span></span>","Reserve to collect in store","Compare"
"http://www.argos.co.uk/static/Product/partNumber/4645454.htm","Adidas Euro Championship Top Glider Football","more details on Adidas Euro Championship Top Glider Football","4645454","19.99","http://www.argos.co.uk/wcsstore/argos/en_GB/siteAssets/images/fasttrack_icon.png","Fast Track","","","","","","","","","","","+ 1 special offer","1","http://www.argos.co.uk/wcsstore/argos/en_GB/images/icon_collection_grey.png","","http://www.argos.co.uk/wcsstore/argos/en_GB/images/green_arrow.png","","http://www.argos.co.uk/wcsstore/argos/en_GB/images/icon_collection_disabled.png","","http://www.argos.co.uk/wcsstore/argos/en_GB/images/grey_arrow.gif","","http://www.argos.co.uk/wcsstore/argos/en_GB/images/icon_delivery_grey.png","","http://www.argos.co.uk/wcsstore/argos/en_GB/images/icon_delivery_disabled.png","","","http://www.argos.co.uk/webapp/wcs/stores/servlet/ArgosProductPurchaseNoJS?storeId=10151&langId=110&catalogId=25051&URL=OrderItemDisplay&errorViewName=ArgosGenericErrorView&catEntryId=1400703&partNumber=4645454&quantity=1","Add To Trolley","Buy or Reserve Adidas Euro Championship Top Glider Football","http://www.argos.co.uk/webapp/wcs/stores/servlet/ArgosProductPurchaseNoJS?storeId=10151&langId=110&catalogId=25051&URL=OrderItemDisplay&errorViewName=ArgosGenericErrorView&catEntryId=1400703&partNumber=4645454&quantity=1","Buy or Reserve","Buy or Reserve Adidas Euro Championship Top Glider Football","http://www.argos.co.uk/static/Product/partNumber/4645454.htm","","more details on Adidas Euro Championship Top Glider Football","http://argos.scene7.com/is/image/Argos/4645454_R_SET?$Listers$","more details on Adidas Euro Championship Top Glider Football","Order now for delivery <span>within <span>2 days</span></span>","Reserve to collect in store","Compare"
"http://www.argos.co.uk/static/Product/partNumber/4717351.htm","Adidas Starlancer Football - Pink","more details on Adidas Starlancer Football - Pink","4717351","8.99","http://www.argos.co.uk/wcsstore/argos/en_GB/siteAssets/images/fasttrack_icon.png","Fast Track","","","","","","","","","","","+ 1 special offer","1","http://www.argos.co.uk/wcsstore/argos/en_GB/images/icon_collection_grey.png","","http://www.argos.co.uk/wcsstore/argos/en_GB/images/green_arrow.png","","http://www.argos.co.uk/wcsstore/argos/en_GB/images/icon_collection_disabled.png","","http://www.argos.co.uk/wcsstore/argos/en_GB/images/grey_arrow.gif","","http://www.argos.co.uk/wcsstore/argos/en_GB/images/icon_delivery_grey.png","","http://www.argos.co.uk/wcsstore/argos/en_GB/images/icon_delivery_disabled.png","","","http://www.argos.co.uk/webapp/wcs/stores/servlet/ArgosProductPurchaseNoJS?storeId=10151&langId=110&catalogId=25051&URL=OrderItemDisplay&errorViewName=ArgosGenericErrorView&catEntryId=1400767&partNumber=4717351&quantity=1","Add To Trolley","Buy or Reserve Adidas Starlancer Football - Pink","http://www.argos.co.uk/webapp/wcs/stores/servlet/ArgosProductPurchaseNoJS?storeId=10151&langId=110&catalogId=25051&URL=OrderItemDisplay&errorViewName=ArgosGenericErrorView&catEntryId=1400767&partNumber=4717351&quantity=1","Buy or Reserve","Buy or Reserve Adidas Starlancer Football - Pink","http://www.argos.co.uk/static/Product/partNumber/4717351.htm","","more details on Adidas Starlancer Football - Pink","http://argos.scene7.com/is/image/Argos/4717351_R_SET?$Listers$","more details on Adidas Starlancer Football - Pink","Order now for delivery <span>within <span>2 days</span></span>","Reserve to collect in store","Compare"
"http://www.argos.co.uk/static/Product/partNumber/4827090.htm","Adidas European Championship Glider Football","more details on Adidas European Championship Glider Football","4827090","14.99","http://www.argos.co.uk/wcsstore/argos/en_GB/siteAssets/images/fasttrack_icon.png","Fast Track","","","","","","","","","","","+ 1 special offer","1","http://www.argos.co.uk/wcsstore/argos/en_GB/images/icon_collection_grey.png","","http://www.argos.co.uk/wcsstore/argos/en_GB/images/green_arrow.png","","http://www.argos.co.uk/wcsstore/argos/en_GB/images/icon_collection_disabled.png","","http://www.argos.co.uk/wcsstore/argos/en_GB/images/grey_arrow.gif","","http://www.argos.co.uk/wcsstore/argos/en_GB/images/icon_delivery_grey.png","","http://www.argos.co.uk/wcsstore/argos/en_GB/images/icon_delivery_disabled.png","","","http://www.argos.co.uk/webapp/wcs/stores/servlet/ArgosProductPurchaseNoJS?storeId=10151&langId=110&catalogId=25051&URL=OrderItemDisplay&errorViewName=ArgosGenericErrorView&catEntryId=1401033&partNumber=4827090&quantity=1","Add To Trolley","Buy or Reserve Adidas European Championship Glider Football","http://www.argos.co.uk/webapp/wcs/stores/servlet/ArgosProductPurchaseNoJS?storeId=10151&langId=110&catalogId=25051&URL=OrderItemDisplay&errorViewName=ArgosGenericErrorView&catEntryId=1401033&partNumber=4827090&quantity=1","Buy or Reserve","Buy or Reserve Adidas European Championship Glider Football","http://www.argos.co.uk/static/Product/partNumber/4827090.htm","","more details on Adidas European Championship Glider Football","http://argos.scene7.com/is/image/Argos/4827090_R_SET?$Listers$","more details on Adidas European Championship Glider Football","Order now for delivery <span>within <span>2 days</span></span>","Reserve to collect in store","Compare"
"http://www.argos.co.uk/static/Product/partNumber/4827289.htm","Mitre Power League Astra Football","more details on Mitre Power League Astra Football","4827289","19.99","http://www.argos.co.uk/wcsstore/argos/en_GB/siteAssets/images/fasttrack_icon.png","Fast Track","","","","","http://www.argos.co.uk/static/Product/partNumber/4827289.htm#pdpProductReviews","(12)","","http://www.argos.co.uk/wcsstore/argos/en_GB/images/rating/stars/rating-5_0.gif","","12","+ 1 special offer","1","http://www.argos.co.uk/wcsstore/argos/en_GB/images/icon_collection_grey.png","","http://www.argos.co.uk/wcsstore/argos/en_GB/images/green_arrow.png","","http://www.argos.co.uk/wcsstore/argos/en_GB/images/icon_collection_disabled.png","","http://www.argos.co.uk/wcsstore/argos/en_GB/images/grey_arrow.gif","","http://www.argos.co.uk/wcsstore/argos/en_GB/images/icon_delivery_grey.png","","http://www.argos.co.uk/wcsstore/argos/en_GB/images/icon_delivery_disabled.png","","","http://www.argos.co.uk/webapp/wcs/stores/servlet/ArgosProductPurchaseNoJS?storeId=10151&langId=110&catalogId=25051&URL=OrderItemDisplay&errorViewName=ArgosGenericErrorView&catEntryId=1401035&partNumber=4827289&quantity=1","Add To Trolley","Buy or Reserve Mitre Power League Astra Football","http://www.argos.co.uk/webapp/wcs/stores/servlet/ArgosProductPurchaseNoJS?storeId=10151&langId=110&catalogId=25051&URL=OrderItemDisplay&errorViewName=ArgosGenericErrorView&catEntryId=1401035&partNumber=4827289&quantity=1","Buy or Reserve","Buy or Reserve Mitre Power League Astra Football","http://www.argos.co.uk/static/Product/partNumber/4827289.htm","","more details on Mitre Power League Astra Football","http://argos.scene7.com/is/image/Argos/4827289_R_SET?$Listers$","more details on Mitre Power League Astra Football","Order now for delivery <span>within <span>2 days</span></span>","Reserve to collect in store","Compare"
"http://www.argos.co.uk/static/Product/partNumber/4829720.htm","Mitre Delta League Football with Pump and Gift Box","more details on Mitre Delta League Football with Pump and Gift Box","4829720","19.99","http://www.argos.co.uk/wcsstore/argos/en_GB/siteAssets/images/fasttrack_icon.png","Fast Track","","","","","http://www.argos.co.uk/static/Product/partNumber/4829720.htm#pdpProductReviews","(12)","","http://www.argos.co.uk/wcsstore/argos/en_GB/images/rating/stars/rating-4_8.gif","","12","","","http://www.argos.co.uk/wcsstore/argos/en_GB/images/icon_collection_grey.png","","http://www.argos.co.uk/wcsstore/argos/en_GB/images/green_arrow.png","","http://www.argos.co.uk/wcsstore/argos/en_GB/images/icon_collection_disabled.png","","http://www.argos.co.uk/wcsstore/argos/en_GB/images/grey_arrow.gif","","http://www.argos.co.uk/wcsstore/argos/en_GB/images/icon_delivery_grey.png","","http://www.argos.co.uk/wcsstore/argos/en_GB/images/icon_delivery_disabled.png","","","http://www.argos.co.uk/webapp/wcs/stores/servlet/ArgosProductPurchaseNoJS?storeId=10151&langId=110&catalogId=25051&URL=OrderItemDisplay&errorViewName=ArgosGenericErrorView&catEntryId=1401047&partNumber=4829720&quantity=1","Add To Trolley","Buy or Reserve Mitre Delta League Football with Pump and Gift Box","http://www.argos.co.uk/webapp/wcs/stores/servlet/ArgosProductPurchaseNoJS?storeId=10151&langId=110&catalogId=25051&URL=OrderItemDisplay&errorViewName=ArgosGenericErrorView&catEntryId=1401047&partNumber=4829720&quantity=1","Buy or Reserve","Buy or Reserve Mitre Delta League Football with Pump and Gift Box","http://www.argos.co.uk/static/Product/partNumber/4829720.htm","","more details on Mitre Delta League Football with Pump and Gift Box","http://argos.scene7.com/is/image/Argos/4829720_R_SET?$Listers$","more details on Mitre Delta League Football with Pump and Gift Box","Order now for delivery <span>within <span>2 days</span></span>","Reserve to collect in store","Compare"
"http://www.argos.co.uk/static/Product/partNumber/4876113.htm","Carbrini Size 5 Football - Red","more details on Carbrini Size 5 Football - Red","4876113","4.99","","","","","","","","","","","","","","","http://www.argos.co.uk/wcsstore/argos/en_GB/images/icon_collection_grey.png","","http://www.argos.co.uk/wcsstore/argos/en_GB/images/green_arrow.png","","http://www.argos.co.uk/wcsstore/argos/en_GB/images/icon_collection_disabled.png","","http://www.argos.co.uk/wcsstore/argos/en_GB/images/grey_arrow.gif","","http://www.argos.co.uk/wcsstore/argos/en_GB/images/icon_delivery_grey.png","","http://www.argos.co.uk/wcsstore/argos/en_GB/images/icon_delivery_disabled.png","","","http://www.argos.co.uk/webapp/wcs/stores/servlet/ArgosProductPurchaseNoJS?storeId=10151&langId=110&catalogId=25051&URL=OrderItemDisplay&errorViewName=ArgosGenericErrorView&catEntryId=1401107&partNumber=4876113&quantity=1","Add To Trolley","Buy or Reserve Carbrini Size 5 Football - Red","http://www.argos.co.uk/webapp/wcs/stores/servlet/ArgosProductPurchaseNoJS?storeId=10151&langId=110&catalogId=25051&URL=OrderItemDisplay&errorViewName=ArgosGenericErrorView&catEntryId=1401107&partNumber=4876113&quantity=1","Buy or Reserve","Buy or Reserve Carbrini Size 5 Football - Red","http://www.argos.co.uk/static/Product/partNumber/4876113.htm","","more details on Carbrini Size 5 Football - Red","http://argos.scene7.com/is/image/Argos/4876113_R_SET?$Listers$","more details on Carbrini Size 5 Football - Red","Currently out of stock for delivery","Reserve to collect in store","Compare"
"http://www.argos.co.uk/static/Product/partNumber/4879543.htm","Carbrini Size 5 Football - Yellow","more details on Carbrini Size 5 Football - Yellow","4879543","4.99","","","","","","","","","","","","","","","http://www.argos.co.uk/wcsstore/argos/en_GB/images/icon_collection_grey.png","","http://www.argos.co.uk/wcsstore/argos/en_GB/images/green_arrow.png","","http://www.argos.co.uk/wcsstore/argos/en_GB/images/icon_collection_disabled.png","","http://www.argos.co.uk/wcsstore/argos/en_GB/images/grey_arrow.gif","","http://www.argos.co.uk/wcsstore/argos/en_GB/images/icon_delivery_grey.png","","http://www.argos.co.uk/wcsstore/argos/en_GB/images/icon_delivery_disabled.png","","","http://www.argos.co.uk/webapp/wcs/stores/servlet/ArgosProductPurchaseNoJS?storeId=10151&langId=110&catalogId=25051&URL=OrderItemDisplay&errorViewName=ArgosGenericErrorView&catEntryId=1401127&partNumber=4879543&quantity=1","Add To Trolley","Buy or Reserve Carbrini Size 5 Football - Yellow","http://www.argos.co.uk/webapp/wcs/stores/servlet/ArgosProductPurchaseNoJS?storeId=10151&langId=110&catalogId=25051&URL=OrderItemDisplay&errorViewName=ArgosGenericErrorView&catEntryId=1401127&partNumber=4879543&quantity=1","Buy or Reserve","Buy or Reserve Carbrini Size 5 Football - Yellow","http://www.argos.co.uk/static/Product/partNumber/4879543.htm","","more details on Carbrini Size 5 Football - Yellow","http://argos.scene7.com/is/image/Argos/4879543_R_SET?$Listers$","more details on Carbrini Size 5 Football - Yellow","Currently out of stock for delivery","Reserve to collect in store","Compare"
"http://www.argos.co.uk/static/Product/partNumber/4973487.htm","Adidas Starlancer Football - Green","more details on Adidas Starlancer Football - Green","4973487","8.99","http://www.argos.co.uk/wcsstore/argos/en_GB/siteAssets/images/fasttrack_icon.png","Fast Track","","","","","http://www.argos.co.uk/static/Product/partNumber/4973487.htm#pdpProductReviews","(1)","","http://www.argos.co.uk/wcsstore/argos/en_GB/images/rating/stars/rating-5_0.gif","","1","+ 1 special offer","1","http://www.argos.co.uk/wcsstore/argos/en_GB/images/icon_collection_grey.png","","http://www.argos.co.uk/wcsstore/argos/en_GB/images/green_arrow.png","","http://www.argos.co.uk/wcsstore/argos/en_GB/images/icon_collection_disabled.png","","http://www.argos.co.uk/wcsstore/argos/en_GB/images/grey_arrow.gif","","http://www.argos.co.uk/wcsstore/argos/en_GB/images/icon_delivery_grey.png","","http://www.argos.co.uk/wcsstore/argos/en_GB/images/icon_delivery_disabled.png","","","http://www.argos.co.uk/webapp/wcs/stores/servlet/ArgosProductPurchaseNoJS?storeId=10151&langId=110&catalogId=25051&URL=OrderItemDisplay&errorViewName=ArgosGenericErrorView&catEntryId=1401183&partNumber=4973487&quantity=1","Add To Trolley","Buy or Reserve Adidas Starlancer Football - Green","http://www.argos.co.uk/webapp/wcs/stores/servlet/ArgosProductPurchaseNoJS?storeId=10151&langId=110&catalogId=25051&URL=OrderItemDisplay&errorViewName=ArgosGenericErrorView&catEntryId=1401183&partNumber=4973487&quantity=1","Buy or Reserve","Buy or Reserve Adidas Starlancer Football - Green","http://www.argos.co.uk/static/Product/partNumber/4973487.htm","","more details on Adidas Starlancer Football - Green","http://argos.scene7.com/is/image/Argos/4973487_R_SET?$Listers$","more details on Adidas Starlancer Football - Green","Order now for delivery <span>within <span>2 days</span></span>","Reserve to collect in store","Compare"
"http://www.argos.co.uk/static/Product/partNumber/3166147.htm","Nike Size 5 Omni Football - Yellow.","more details on Nike Size 5 Omni Football - Yellow.","3166147","7.99","http://www.argos.co.uk/wcsstore/argos/en_GB/siteAssets/images/fasttrack_icon.png","Fast Track","Was","9.99","Save 20%","","http://www.argos.co.uk/static/Product/partNumber/3166147.htm#pdpProductReviews","(14)","","http://www.argos.co.uk/wcsstore/argos/en_GB/images/rating/stars/rating-4_7.gif","","14","","","http://www.argos.co.uk/wcsstore/argos/en_GB/images/icon_collection_grey.png","","http://www.argos.co.uk/wcsstore/argos/en_GB/images/green_arrow.png","","http://www.argos.co.uk/wcsstore/argos/en_GB/images/icon_collection_disabled.png","","http://www.argos.co.uk/wcsstore/argos/en_GB/images/grey_arrow.gif","","http://www.argos.co.uk/wcsstore/argos/en_GB/images/icon_delivery_grey.png","","http://www.argos.co.uk/wcsstore/argos/en_GB/images/icon_delivery_disabled.png","","","http://www.argos.co.uk/webapp/wcs/stores/servlet/ArgosProductPurchaseNoJS?storeId=10151&langId=110&catalogId=25051&URL=OrderItemDisplay&errorViewName=ArgosGenericErrorView&catEntryId=1245046&partNumber=3166147&quantity=1","Add To Trolley","Buy or Reserve Nike Size 5 Omni Football - Yellow.","http://www.argos.co.uk/webapp/wcs/stores/servlet/ArgosProductPurchaseNoJS?storeId=10151&langId=110&catalogId=25051&URL=OrderItemDisplay&errorViewName=ArgosGenericErrorView&catEntryId=1245046&partNumber=3166147&quantity=1","Buy or Reserve","Buy or Reserve Nike Size 5 Omni Football - Yellow.","http://www.argos.co.uk/static/Product/partNumber/3166147.htm","","more details on Nike Size 5 Omni Football - Yellow.","http://argos.scene7.com/is/image/Argos/3166147_R_SET?$Listers$","more details on Nike Size 5 Omni Football - Yellow.","Currently out of stock for delivery","Reserve to collect in store","Compare"
"http://www.argos.co.uk/static/Product/partNumber/3225143.htm","Nike Size 5 Omni Football - White/orange.","more details on Nike Size 5 Omni Football - White/orange.","3225143","9.99","http://www.argos.co.uk/wcsstore/argos/en_GB/siteAssets/images/fasttrack_icon.png","Fast Track","","","","","http://www.argos.co.uk/static/Product/partNumber/3225143.htm#pdpProductReviews","(8)","","http://www.argos.co.uk/wcsstore/argos/en_GB/images/rating/stars/rating-4_6.gif","","8","","","http://www.argos.co.uk/wcsstore/argos/en_GB/images/icon_collection_grey.png","","http://www.argos.co.uk/wcsstore/argos/en_GB/images/green_arrow.png","","http://www.argos.co.uk/wcsstore/argos/en_GB/images/icon_collection_disabled.png","","http://www.argos.co.uk/wcsstore/argos/en_GB/images/grey_arrow.gif","","http://www.argos.co.uk/wcsstore/argos/en_GB/images/icon_delivery_grey.png","","http://www.argos.co.uk/wcsstore/argos/en_GB/images/icon_delivery_disabled.png","","","http://www.argos.co.uk/webapp/wcs/stores/servlet/ArgosProductPurchaseNoJS?storeId=10151&langId=110&catalogId=25051&URL=OrderItemDisplay&errorViewName=ArgosGenericErrorView&catEntryId=1245052&partNumber=3225143&quantity=1","Add To Trolley","Buy or Reserve Nike Size 5 Omni Football - White/orange.","http://www.argos.co.uk/webapp/wcs/stores/servlet/ArgosProductPurchaseNoJS?storeId=10151&langId=110&catalogId=25051&URL=OrderItemDisplay&errorViewName=ArgosGenericErrorView&catEntryId=1245052&partNumber=3225143&quantity=1","Buy or Reserve","Buy or Reserve Nike Size 5 Omni Football - White/orange.","http://www.argos.co.uk/static/Product/partNumber/3225143.htm","","more details on Nike Size 5 Omni Football - White/orange.","http://argos.scene7.com/is/image/Argos/3225143_R_SET?$Listers$","more details on Nike Size 5 Omni Football - White/orange.","Currently out of stock for delivery","Reserve to collect in store","Compare"
"http://www.argos.co.uk/static/Product/partNumber/3095146.htm","Adidas Size 5 Glider Football - Orange and Green.","more details on Adidas Size 5 Glider Football - Orange and Green.","3095146","9.99","http://www.argos.co.uk/wcsstore/argos/en_GB/siteAssets/images/fasttrack_icon.png","Fast Track","","","","","http://www.argos.co.uk/static/Product/partNumber/3095146.htm#pdpProductReviews","(16)","","http://www.argos.co.uk/wcsstore/argos/en_GB/images/rating/stars/rating-4_5.gif","","16","","","http://www.argos.co.uk/wcsstore/argos/en_GB/images/icon_collection_grey.png","","http://www.argos.co.uk/wcsstore/argos/en_GB/images/green_arrow.png","","http://www.argos.co.uk/wcsstore/argos/en_GB/images/icon_collection_disabled.png","","http://www.argos.co.uk/wcsstore/argos/en_GB/images/grey_arrow.gif","","http://www.argos.co.uk/wcsstore/argos/en_GB/images/icon_delivery_grey.png","","http://www.argos.co.uk/wcsstore/argos/en_GB/images/icon_delivery_disabled.png","","","http://www.argos.co.uk/webapp/wcs/stores/servlet/ArgosProductPurchaseNoJS?storeId=10151&langId=110&catalogId=25051&URL=OrderItemDisplay&errorViewName=ArgosGenericErrorView&catEntryId=1245074&partNumber=3095146&quantity=1","Add To Trolley","Buy or Reserve Adidas Size 5 Glider Football - Orange and Green.","http://www.argos.co.uk/webapp/wcs/stores/servlet/ArgosProductPurchaseNoJS?storeId=10151&langId=110&catalogId=25051&URL=OrderItemDisplay&errorViewName=ArgosGenericErrorView&catEntryId=1245074&partNumber=3095146&quantity=1","Buy or Reserve","Buy or Reserve Adidas Size 5 Glider Football - Orange and Green.","http://www.argos.co.uk/static/Product/partNumber/3095146.htm","","more details on Adidas Size 5 Glider Football - Orange and Green.","http://argos.scene7.com/is/image/Argos/3095146_R_SET?$Listers$","more details on Adidas Size 5 Glider Football - Orange and Green.","Currently out of stock for delivery","Reserve to collect in store","Compare"
"http://www.argos.co.uk/static/Product/partNumber/4759058.htm","Nike Mercurial Fade Football","more details on Nike Mercurial Fade Football","4759058","13.99","http://www.argos.co.uk/wcsstore/argos/en_GB/siteAssets/images/fasttrack_icon.png","Fast Track","","","","","","","","","","","+ 1 special offer","1","http://www.argos.co.uk/wcsstore/argos/en_GB/images/icon_collection_grey.png","","http://www.argos.co.uk/wcsstore/argos/en_GB/images/green_arrow.png","","http://www.argos.co.uk/wcsstore/argos/en_GB/images/icon_collection_disabled.png","","http://www.argos.co.uk/wcsstore/argos/en_GB/images/grey_arrow.gif","","http://www.argos.co.uk/wcsstore/argos/en_GB/images/icon_delivery_grey.png","","http://www.argos.co.uk/wcsstore/argos/en_GB/images/icon_delivery_disabled.png","","","http://www.argos.co.uk/webapp/wcs/stores/servlet/ArgosProductPurchaseNoJS?storeId=10151&langId=110&catalogId=10001&URL=OrderItemDisplay&errorViewName=ArgosGenericErrorView&catEntryId=1380505&partNumber=4759058&quantity=1","Add To Trolley","Buy or Reserve Nike Mercurial Fade Football","http://www.argos.co.uk/webapp/wcs/stores/servlet/ArgosProductPurchaseNoJS?storeId=10151&langId=110&catalogId=10001&URL=OrderItemDisplay&errorViewName=ArgosGenericErrorView&catEntryId=1380505&partNumber=4759058&quantity=1","Buy or Reserve","Buy or Reserve Nike Mercurial Fade Football","http://www.argos.co.uk/static/Product/partNumber/4759058.htm","","more details on Nike Mercurial Fade Football","http://argos.scene7.com/is/image/Argos/4759058_R_SET?$Listers$","more details on Nike Mercurial Fade Football","Order now for delivery <span>within <span>2 days</span></span>","Reserve to collect in store","Compare"
"http://www.argos.co.uk/static/Product/partNumber/4909877.htm","Nike Pitch Premier League Football","more details on Nike Pitch Premier League Football","4909877","14.99","http://www.argos.co.uk/wcsstore/argos/en_GB/siteAssets/images/fasttrack_icon.png","Fast Track","","","","","http://www.argos.co.uk/static/Product/partNumber/4909877.htm#pdpProductReviews","(1)","","http://www.argos.co.uk/wcsstore/argos/en_GB/images/rating/stars/rating-5_0.gif","","1","+ 1 special offer","1","http://www.argos.co.uk/wcsstore/argos/en_GB/images/icon_collection_grey.png","","http://www.argos.co.uk/wcsstore/argos/en_GB/images/green_arrow.png","","http://www.argos.co.uk/wcsstore/argos/en_GB/images/icon_collection_disabled.png","","http://www.argos.co.uk/wcsstore/argos/en_GB/images/grey_arrow.gif","","http://www.argos.co.uk/wcsstore/argos/en_GB/images/icon_delivery_grey.png","","http://www.argos.co.uk/wcsstore/argos/en_GB/images/icon_delivery_disabled.png","","","http://www.argos.co.uk/webapp/wcs/stores/servlet/ArgosProductPurchaseNoJS?storeId=10151&langId=110&catalogId=25051&URL=OrderItemDisplay&errorViewName=ArgosGenericErrorView&catEntryId=1386375&partNumber=4909877&quantity=1","Add To Trolley","Buy or Reserve Nike Pitch Premier League Football","http://www.argos.co.uk/webapp/wcs/stores/servlet/ArgosProductPurchaseNoJS?storeId=10151&langId=110&catalogId=25051&URL=OrderItemDisplay&errorViewName=ArgosGenericErrorView&catEntryId=1386375&partNumber=4909877&quantity=1","Buy or Reserve","Buy or Reserve Nike Pitch Premier League Football","http://www.argos.co.uk/static/Product/partNumber/4909877.htm","","more details on Nike Pitch Premier League Football","http://argos.scene7.com/is/image/Argos/4909877_R_SET?$Listers$","more details on Nike Pitch Premier League Football","Order now for delivery <span>within <span>2 days</span></span>","Reserve to collect in store","Compare"
"http://www.argos.co.uk/static/Product/partNumber/4026664.htm","Adidas Champions League Finale Football - White.","more details on Adidas Champions League Finale Football - White.","4026664","9.99","http://www.argos.co.uk/wcsstore/argos/en_GB/siteAssets/images/fasttrack_icon.png","Fast Track","Was","14.99","Save 1/3","","http://www.argos.co.uk/static/Product/partNumber/4026664.htm#pdpProductReviews","(25)","","http://www.argos.co.uk/wcsstore/argos/en_GB/images/rating/stars/rating-4_6.gif","","25","","","http://www.argos.co.uk/wcsstore/argos/en_GB/images/icon_collection_grey.png","","http://www.argos.co.uk/wcsstore/argos/en_GB/images/green_arrow.png","","http://www.argos.co.uk/wcsstore/argos/en_GB/images/icon_collection_disabled.png","","http://www.argos.co.uk/wcsstore/argos/en_GB/images/grey_arrow.gif","","http://www.argos.co.uk/wcsstore/argos/en_GB/images/icon_delivery_grey.png","","http://www.argos.co.uk/wcsstore/argos/en_GB/images/icon_delivery_disabled.png","","","http://www.argos.co.uk/webapp/wcs/stores/servlet/ArgosProductPurchaseNoJS?storeId=10151&langId=110&catalogId=25051&URL=OrderItemDisplay&errorViewName=ArgosGenericErrorView&catEntryId=1313137&partNumber=4026664&quantity=1","Add To Trolley","Buy or Reserve Adidas Champions League Finale Football - White.","http://www.argos.co.uk/webapp/wcs/stores/servlet/ArgosProductPurchaseNoJS?storeId=10151&langId=110&catalogId=25051&URL=OrderItemDisplay&errorViewName=ArgosGenericErrorView&catEntryId=1313137&partNumber=4026664&quantity=1","Buy or Reserve","Buy or Reserve Adidas Champions League Finale Football - White.","http://www.argos.co.uk/static/Product/partNumber/4026664.htm","","more details on Adidas Champions League Finale Football - White.","http://argos.scene7.com/is/image/Argos/4026664_R_SET?$Listers$","more details on Adidas Champions League Finale Football - White.","Currently out of stock for delivery","Reserve to collect in store","Compare"
"http://www.argos.co.uk/static/Product/partNumber/4045009.htm","Adidas Ace Glide Football - Yellow and White.","more details on Adidas Ace Glide Football - Yellow and White.","4045009","14.99","http://www.argos.co.uk/wcsstore/argos/en_GB/siteAssets/images/fasttrack_icon.png","Fast Track","","","","","http://www.argos.co.uk/static/Product/partNumber/4045009.htm#pdpProductReviews","(2)","","http://www.argos.co.uk/wcsstore/argos/en_GB/images/rating/stars/rating-3_5.gif","","2","","","http://www.argos.co.uk/wcsstore/argos/en_GB/images/icon_collection_grey.png","","http://www.argos.co.uk/wcsstore/argos/en_GB/images/green_arrow.png","","http://www.argos.co.uk/wcsstore/argos/en_GB/images/icon_collection_disabled.png","","http://www.argos.co.uk/wcsstore/argos/en_GB/images/grey_arrow.gif","","http://www.argos.co.uk/wcsstore/argos/en_GB/images/icon_delivery_grey.png","","http://www.argos.co.uk/wcsstore/argos/en_GB/images/icon_delivery_disabled.png","","","http://www.argos.co.uk/webapp/wcs/stores/servlet/ArgosProductPurchaseNoJS?storeId=10151&langId=110&catalogId=25051&URL=OrderItemDisplay&errorViewName=ArgosGenericErrorView&catEntryId=1313151&partNumber=4045009&quantity=1","Add To Trolley","Buy or Reserve Adidas Ace Glide Football - Yellow and White.","http://www.argos.co.uk/webapp/wcs/stores/servlet/ArgosProductPurchaseNoJS?storeId=10151&langId=110&catalogId=25051&URL=OrderItemDisplay&errorViewName=ArgosGenericErrorView&catEntryId=1313151&partNumber=4045009&quantity=1","Buy or Reserve","Buy or Reserve Adidas Ace Glide Football - Yellow and White.","http://www.argos.co.uk/static/Product/partNumber/4045009.htm","","more details on Adidas Ace Glide Football - Yellow and White.","http://argos.scene7.com/is/image/Argos/4045009_R_SET?$Listers$","more details on Adidas Ace Glide Football - Yellow and White.","Order now for delivery <span>within <span>2 days</span></span>","Reserve to collect in store","Compare"
"http://www.argos.co.uk/static/Product/partNumber/3926851.htm","Adidas Champions League Football - Blue and Yellow.","more details on Adidas Champions League Football - Blue and Yellow.","3926851","9.99","http://www.argos.co.uk/wcsstore/argos/en_GB/siteAssets/images/fasttrack_icon.png","Fast Track","Was","14.99","Save 1/3","","http://www.argos.co.uk/static/Product/partNumber/3926851.htm#pdpProductReviews","(8)","","http://www.argos.co.uk/wcsstore/argos/en_GB/images/rating/stars/rating-4_9.gif","","8","","","http://www.argos.co.uk/wcsstore/argos/en_GB/images/icon_collection_grey.png","","http://www.argos.co.uk/wcsstore/argos/en_GB/images/green_arrow.png","","http://www.argos.co.uk/wcsstore/argos/en_GB/images/icon_collection_disabled.png","","http://www.argos.co.uk/wcsstore/argos/en_GB/images/grey_arrow.gif","","http://www.argos.co.uk/wcsstore/argos/en_GB/images/icon_delivery_grey.png","","http://www.argos.co.uk/wcsstore/argos/en_GB/images/icon_delivery_disabled.png","","","http://www.argos.co.uk/webapp/wcs/stores/servlet/ArgosProductPurchaseNoJS?storeId=10151&langId=110&catalogId=25051&URL=OrderItemDisplay&errorViewName=ArgosGenericErrorView&catEntryId=1313897&partNumber=3926851&quantity=1","Add To Trolley","Buy or Reserve Adidas Champions League Football - Blue and Yellow.","http://www.argos.co.uk/webapp/wcs/stores/servlet/ArgosProductPurchaseNoJS?storeId=10151&langId=110&catalogId=25051&URL=OrderItemDisplay&errorViewName=ArgosGenericErrorView&catEntryId=1313897&partNumber=3926851&quantity=1","Buy or Reserve","Buy or Reserve Adidas Champions League Football - Blue and Yellow.","http://www.argos.co.uk/static/Product/partNumber/3926851.htm","","more details on Adidas Champions League Football - Blue and Yellow.","http://argos.scene7.com/is/image/Argos/3926851_R_SET?$Listers$","more details on Adidas Champions League Football - Blue and Yellow.","Order now for delivery <span>within <span>2 days</span></span>","Reserve to collect in store","Compare"
"http://www.argos.co.uk/static/Product/partNumber/3857982.htm","Adidas Glider Football - Pink and Blue.","more details on Adidas Glider Football - Pink and Blue.","3857982","9.99","http://www.argos.co.uk/wcsstore/argos/en_GB/siteAssets/images/fasttrack_icon.png","Fast Track","","","","","http://www.argos.co.uk/static/Product/partNumber/3857982.htm#pdpProductReviews","(7)","","http://www.argos.co.uk/wcsstore/argos/en_GB/images/rating/stars/rating-4_9.gif","","7","","","http://www.argos.co.uk/wcsstore/argos/en_GB/images/icon_collection_grey.png","","http://www.argos.co.uk/wcsstore/argos/en_GB/images/green_arrow.png","","http://www.argos.co.uk/wcsstore/argos/en_GB/images/icon_collection_disabled.png","","http://www.argos.co.uk/wcsstore/argos/en_GB/images/grey_arrow.gif","","http://www.argos.co.uk/wcsstore/argos/en_GB/images/icon_delivery_grey.png","","http://www.argos.co.uk/wcsstore/argos/en_GB/images/icon_delivery_disabled.png","","","http://www.argos.co.uk/webapp/wcs/stores/servlet/ArgosProductPurchaseNoJS?storeId=10151&langId=110&catalogId=25051&URL=OrderItemDisplay&errorViewName=ArgosGenericErrorView&catEntryId=1313899&partNumber=3857982&quantity=1","Add To Trolley","Buy or Reserve Adidas Glider Football - Pink and Blue.","http://www.argos.co.uk/webapp/wcs/stores/servlet/ArgosProductPurchaseNoJS?storeId=10151&langId=110&catalogId=25051&URL=OrderItemDisplay&errorViewName=ArgosGenericErrorView&catEntryId=1313899&partNumber=3857982&quantity=1","Buy or Reserve","Buy or Reserve Adidas Glider Football - Pink and Blue.","http://www.argos.co.uk/static/Product/partNumber/3857982.htm","","more details on Adidas Glider Football - Pink and Blue.","http://argos.scene7.com/is/image/Argos/3857982_R_SET?$Listers$","more details on Adidas Glider Football - Pink and Blue.","Order now for delivery <span>within <span>2 days</span></span>","Reserve to collect in store","Compare"
"http://www.argos.co.uk/static/Product/partNumber/3827187.htm","Nike Pitch 2015/16 Premier League Football.","more details on Nike Pitch 2015/16 Premier League Football.","3827187","6.99","","","Was","12.99","Save £6.00","6","http://www.argos.co.uk/static/Product/partNumber/3827187.htm#pdpProductReviews","(50)","","http://www.argos.co.uk/wcsstore/argos/en_GB/images/rating/stars/rating-4_8.gif","","50","","","http://www.argos.co.uk/wcsstore/argos/en_GB/images/icon_collection_grey.png","","http://www.argos.co.uk/wcsstore/argos/en_GB/images/green_arrow.png","","http://www.argos.co.uk/wcsstore/argos/en_GB/images/icon_collection_disabled.png","","http://www.argos.co.uk/wcsstore/argos/en_GB/images/grey_arrow.gif","","http://www.argos.co.uk/wcsstore/argos/en_GB/images/icon_delivery_grey.png","","http://www.argos.co.uk/wcsstore/argos/en_GB/images/icon_delivery_disabled.png","","","http://www.argos.co.uk/webapp/wcs/stores/servlet/ArgosProductPurchaseNoJS?storeId=10151&langId=110&catalogId=25051&URL=OrderItemDisplay&errorViewName=ArgosGenericErrorView&catEntryId=1320255&partNumber=3827187&quantity=1","Add To Trolley","Buy or Reserve Nike Pitch 2015/16 Premier League Football.","http://www.argos.co.uk/webapp/wcs/stores/servlet/ArgosProductPurchaseNoJS?storeId=10151&langId=110&catalogId=25051&URL=OrderItemDisplay&errorViewName=ArgosGenericErrorView&catEntryId=1320255&partNumber=3827187&quantity=1","Buy or Reserve","Buy or Reserve Nike Pitch 2015/16 Premier League Football.","http://www.argos.co.uk/static/Product/partNumber/3827187.htm","","more details on Nike Pitch 2015/16 Premier League Football.","http://argos.scene7.com/is/image/Argos/3827187_R_SET?$Listers$","more details on Nike Pitch 2015/16 Premier League Football.","Currently out of stock for delivery","Reserve to collect in store","Compare"
"http://www.argos.co.uk/static/Product/partNumber/5179709.htm","Mitre Delta Size 4 Match Football in Gift Box.","more details on Mitre Delta Size 4 Match Football in Gift Box.","5179709","24.99","","","","","","","","","","","","","","","http://www.argos.co.uk/wcsstore/argos/en_GB/images/icon_collection_grey.png","","http://www.argos.co.uk/wcsstore/argos/en_GB/images/green_arrow.png","","http://www.argos.co.uk/wcsstore/argos/en_GB/images/icon_collection_disabled.png","","http://www.argos.co.uk/wcsstore/argos/en_GB/images/grey_arrow.gif","","http://www.argos.co.uk/wcsstore/argos/en_GB/images/icon_delivery_grey.png","","http://www.argos.co.uk/wcsstore/argos/en_GB/images/icon_delivery_disabled.png","","+ Free Delivery","http://www.argos.co.uk/webapp/wcs/stores/servlet/ArgosProductPurchaseNoJS?storeId=10151&langId=110&catalogId=25051&URL=OrderItemDisplay&errorViewName=ArgosGenericErrorView&catEntryId=1421012&partNumber=5179709&quantity=1","Add To Trolley","Buy or Reserve Mitre Delta Size 4 Match Football in Gift Box.","http://www.argos.co.uk/webapp/wcs/stores/servlet/ArgosProductPurchaseNoJS?storeId=10151&langId=110&catalogId=25051&URL=OrderItemDisplay&errorViewName=ArgosGenericErrorView&catEntryId=1421012&partNumber=5179709&quantity=1","Buy or Reserve","Buy or Reserve Mitre Delta Size 4 Match Football in Gift Box.","http://www.argos.co.uk/static/Product/partNumber/5179709.htm","","more details on Mitre Delta Size 4 Match Football in Gift Box.","http://argos.scene7.com/is/image/Argos/5179709_R_SET?$Listers$","more details on Mitre Delta Size 4 Match Football in Gift Box.","Order now for delivery <span>within <span>4 days</span></span>","","Compare"
"http://www.argos.co.uk/static/Product/partNumber/5173554.htm","Mitre Street Size 4 Training Football.","more details on Mitre Street Size 4 Training Football.","5173554","14.99","","","","","","","","","","","","","","","http://www.argos.co.uk/wcsstore/argos/en_GB/images/icon_collection_grey.png","","http://www.argos.co.uk/wcsstore/argos/en_GB/images/green_arrow.png","","http://www.argos.co.uk/wcsstore/argos/en_GB/images/icon_collection_disabled.png","","http://www.argos.co.uk/wcsstore/argos/en_GB/images/grey_arrow.gif","","http://www.argos.co.uk/wcsstore/argos/en_GB/images/icon_delivery_grey.png","","http://www.argos.co.uk/wcsstore/argos/en_GB/images/icon_delivery_disabled.png","","+ Free Delivery","http://www.argos.co.uk/webapp/wcs/stores/servlet/ArgosProductPurchaseNoJS?storeId=10151&langId=110&catalogId=25051&URL=OrderItemDisplay&errorViewName=ArgosGenericErrorView&catEntryId=1421018&partNumber=5173554&quantity=1","Add To Trolley","Buy or Reserve Mitre Street Size 4 Training Football.","http://www.argos.co.uk/webapp/wcs/stores/servlet/ArgosProductPurchaseNoJS?storeId=10151&langId=110&catalogId=25051&URL=OrderItemDisplay&errorViewName=ArgosGenericErrorView&catEntryId=1421018&partNumber=5173554&quantity=1","Buy or Reserve","Buy or Reserve Mitre Street Size 4 Training Football.","http://www.argos.co.uk/static/Product/partNumber/5173554.htm","","more details on Mitre Street Size 4 Training Football.","http://argos.scene7.com/is/image/Argos/5173554_R_SET?$Listers$","more details on Mitre Street Size 4 Training Football.","Order now for delivery <span>within <span>4 days</span></span>","","Compare"
"http://www.argos.co.uk/static/Product/partNumber/5177756.htm","Mitre Cyclone Size 5 Indoor Football.","more details on Mitre Cyclone Size 5 Indoor Football.","5177756","21.99","","","","","","","","","","","","","","","http://www.argos.co.uk/wcsstore/argos/en_GB/images/icon_collection_grey.png","","http://www.argos.co.uk/wcsstore/argos/en_GB/images/green_arrow.png","","http://www.argos.co.uk/wcsstore/argos/en_GB/images/icon_collection_disabled.png","","http://www.argos.co.uk/wcsstore/argos/en_GB/images/grey_arrow.gif","","http://www.argos.co.uk/wcsstore/argos/en_GB/images/icon_delivery_grey.png","","http://www.argos.co.uk/wcsstore/argos/en_GB/images/icon_delivery_disabled.png","","+ Free Delivery","http://www.argos.co.uk/webapp/wcs/stores/servlet/ArgosProductPurchaseNoJS?storeId=10151&langId=110&catalogId=25051&URL=OrderItemDisplay&errorViewName=ArgosGenericErrorView&catEntryId=1429800&partNumber=5177756&quantity=1","Add To Trolley","Buy or Reserve Mitre Cyclone Size 5 Indoor Football.","http://www.argos.co.uk/webapp/wcs/stores/servlet/ArgosProductPurchaseNoJS?storeId=10151&langId=110&catalogId=25051&URL=OrderItemDisplay&errorViewName=ArgosGenericErrorView&catEntryId=1429800&partNumber=5177756&quantity=1","Buy or Reserve","Buy or Reserve Mitre Cyclone Size 5 Indoor Football.","http://www.argos.co.uk/static/Product/partNumber/5177756.htm","","more details on Mitre Cyclone Size 5 Indoor Football.","http://www.argos.co.uk/wcsstore/argos/images/94109-7777777-AMW116T.jpg","more details on Mitre Cyclone Size 5 Indoor Football.","Order now for delivery <span>within <span>4 days</span></span>","","Compare"
"http://www.argos.co.uk/static/Product/partNumber/4553474.htm","Mamba Ball Mamba Skills Football.","more details on Mamba Ball Mamba Skills Football.","4553474","24.99","","","","","","","","","","","","","","","http://www.argos.co.uk/wcsstore/argos/en_GB/images/icon_collection_grey.png","","http://www.argos.co.uk/wcsstore/argos/en_GB/images/green_arrow.png","","http://www.argos.co.uk/wcsstore/argos/en_GB/images/icon_collection_disabled.png","","http://www.argos.co.uk/wcsstore/argos/en_GB/images/grey_arrow.gif","","http://www.argos.co.uk/wcsstore/argos/en_GB/images/icon_delivery_grey.png","","http://www.argos.co.uk/wcsstore/argos/en_GB/images/icon_delivery_disabled.png","","","http://www.argos.co.uk/webapp/wcs/stores/servlet/ArgosProductPurchaseNoJS?storeId=10151&langId=110&catalogId=25051&URL=OrderItemDisplay&errorViewName=ArgosGenericErrorView&catEntryId=1398947&partNumber=4553474&quantity=1","Add To Trolley","Buy or Reserve Mamba Ball Mamba Skills Football.","http://www.argos.co.uk/webapp/wcs/stores/servlet/ArgosProductPurchaseNoJS?storeId=10151&langId=110&catalogId=25051&URL=OrderItemDisplay&errorViewName=ArgosGenericErrorView&catEntryId=1398947&partNumber=4553474&quantity=1","Buy or Reserve","Buy or Reserve Mamba Ball Mamba Skills Football.","http://www.argos.co.uk/static/Product/partNumber/4553474.htm","","more details on Mamba Ball Mamba Skills Football.","http://argos.scene7.com/is/image/Argos/4553474_R_SET?$Listers$","more details on Mamba Ball Mamba Skills Football.","Currently out of stock for delivery","Reserve now for free store pick-up in 2-3 days","Compare"
"http://www.argos.co.uk/static/Product/partNumber/3141997.htm","Mitre Size 5 Football League Football.","more details on Mitre Size 5 Football League Football.","3141997","9.99","http://www.argos.co.uk/wcsstore/argos/en_GB/siteAssets/images/fasttrack_icon.png","Fast Track","","","","","http://www.argos.co.uk/static/Product/partNumber/3141997.htm#pdpProductReviews","(14)","","http://www.argos.co.uk/wcsstore/argos/en_GB/images/rating/stars/rating-4_9.gif","","14","","","http://www.argos.co.uk/wcsstore/argos/en_GB/images/icon_collection_grey.png","","http://www.argos.co.uk/wcsstore/argos/en_GB/images/green_arrow.png","","http://www.argos.co.uk/wcsstore/argos/en_GB/images/icon_collection_disabled.png","","http://www.argos.co.uk/wcsstore/argos/en_GB/images/grey_arrow.gif","","http://www.argos.co.uk/wcsstore/argos/en_GB/images/icon_delivery_grey.png","","http://www.argos.co.uk/wcsstore/argos/en_GB/images/icon_delivery_disabled.png","","","http://www.argos.co.uk/webapp/wcs/stores/servlet/ArgosProductPurchaseNoJS?storeId=10151&langId=110&catalogId=10001&URL=OrderItemDisplay&errorViewName=ArgosGenericErrorView&catEntryId=1257016&partNumber=3141997&quantity=1","Add To Trolley","Buy or Reserve Mitre Size 5 Football League Football.","http://www.argos.co.uk/webapp/wcs/stores/servlet/ArgosProductPurchaseNoJS?storeId=10151&langId=110&catalogId=10001&URL=OrderItemDisplay&errorViewName=ArgosGenericErrorView&catEntryId=1257016&partNumber=3141997&quantity=1","Buy or Reserve","Buy or Reserve Mitre Size 5 Football League Football.","http://www.argos.co.uk/static/Product/partNumber/3141997.htm","","more details on Mitre Size 5 Football League Football.","http://argos.scene7.com/is/image/Argos/3141997_R_SET?$Listers$","more details on Mitre Size 5 Football League Football.","Order now for delivery <span>within <span>2 days</span></span>","Reserve to collect in store","Compare"
"http://www.argos.co.uk/static/Product/partNumber/1615614.htm","Mitre Junior Size 5 Football Training Pack.","more details on Mitre Junior Size 5 Football Training Pack.","1615614","12.99","http://www.argos.co.uk/wcsstore/argos/en_GB/siteAssets/images/fasttrack_icon.png","Fast Track","","","","","http://www.argos.co.uk/static/Product/partNumber/1615614.htm#pdpProductReviews","(16)","","http://www.argos.co.uk/wcsstore/argos/en_GB/images/rating/stars/rating-4_9.gif","","16","","","http://www.argos.co.uk/wcsstore/argos/en_GB/images/icon_collection_grey.png","","http://www.argos.co.uk/wcsstore/argos/en_GB/images/green_arrow.png","","http://www.argos.co.uk/wcsstore/argos/en_GB/images/icon_collection_disabled.png","","http://www.argos.co.uk/wcsstore/argos/en_GB/images/grey_arrow.gif","","http://www.argos.co.uk/wcsstore/argos/en_GB/images/icon_delivery_grey.png","","http://www.argos.co.uk/wcsstore/argos/en_GB/images/icon_delivery_disabled.png","","","http://www.argos.co.uk/webapp/wcs/stores/servlet/ArgosProductPurchaseNoJS?storeId=10151&langId=110&catalogId=25051&URL=OrderItemDisplay&errorViewName=ArgosGenericErrorView&catEntryId=1067946&partNumber=1615614&quantity=1","Add To Trolley","Buy or Reserve Mitre Junior Size 5 Football Training Pack.","http://www.argos.co.uk/webapp/wcs/stores/servlet/ArgosProductPurchaseNoJS?storeId=10151&langId=110&catalogId=25051&URL=OrderItemDisplay&errorViewName=ArgosGenericErrorView&catEntryId=1067946&partNumber=1615614&quantity=1","Buy or Reserve","Buy or Reserve Mitre Junior Size 5 Football Training Pack.","http://www.argos.co.uk/static/Product/partNumber/1615614.htm","","more details on Mitre Junior Size 5 Football Training Pack.","http://argos.scene7.com/is/image/Argos/1615614_R_SET?$Listers$","more details on Mitre Junior Size 5 Football Training Pack.","Order now for delivery <span>within <span>2 days</span></span>","Reserve to collect in store","Compare"
"http://www.argos.co.uk/static/Product/partNumber/2138255.htm","Kickmaster Multi Surface Ball Size 4 .","more details on Kickmaster Multi Surface Ball Size 4 .","2138255","9.99","","","","","","","http://www.argos.co.uk/static/Product/partNumber/2138255.htm#pdpProductReviews","(1)","","http://www.argos.co.uk/wcsstore/argos/en_GB/images/rating/stars/rating-5_0.gif","","1","","","http://www.argos.co.uk/wcsstore/argos/en_GB/images/icon_collection_grey.png","","http://www.argos.co.uk/wcsstore/argos/en_GB/images/green_arrow.png","","http://www.argos.co.uk/wcsstore/argos/en_GB/images/icon_collection_disabled.png","","http://www.argos.co.uk/wcsstore/argos/en_GB/images/grey_arrow.gif","","http://www.argos.co.uk/wcsstore/argos/en_GB/images/icon_delivery_grey.png","","http://www.argos.co.uk/wcsstore/argos/en_GB/images/icon_delivery_disabled.png","","+ Free Delivery","http://www.argos.co.uk/webapp/wcs/stores/servlet/ArgosProductPurchaseNoJS?storeId=10151&langId=110&catalogId=25051&URL=OrderItemDisplay&errorViewName=ArgosGenericErrorView&catEntryId=1116710&partNumber=2138255&quantity=1","Add To Trolley","Buy or Reserve Kickmaster Multi Surface Ball Size 4 .","http://www.argos.co.uk/webapp/wcs/stores/servlet/ArgosProductPurchaseNoJS?storeId=10151&langId=110&catalogId=25051&URL=OrderItemDisplay&errorViewName=ArgosGenericErrorView&catEntryId=1116710&partNumber=2138255&quantity=1","Buy or Reserve","Buy or Reserve Kickmaster Multi Surface Ball Size 4 .","http://www.argos.co.uk/static/Product/partNumber/2138255.htm","","more details on Kickmaster Multi Surface Ball Size 4 .","http://argos.scene7.com/is/image/Argos/2138255_R_SET?$Listers$","more details on Kickmaster Multi Surface Ball Size 4 .","Order now for delivery <span>within <span>4 days</span></span>","","Compare"