desc_link,desc_link/_text,desc_link/_title,partnum_number,main_price,fasttrack_image,fasttrack_image/_alt,wasprice_value,wasprice_price,saveprice_value,saveprice_value_prices,customerrating_link,customerrating_link/_text,customerrating_link/_title,customerrating_image,customerrating_image/_alt,customerrating_number,image_1,image_1/_alt,image_2,image_2/_alt,image_3,image_3/_alt,image_4,image_4/_alt,image_5,image_5/_alt,image_6,image_6/_alt,delivery_value,addtotrolley_link,addtotrolley_link/_text,addtotrolley_link/_title,buyorreserve_link,buyorreserve_link/_text,buyorreserve_link/_title,image_link,image_link/_text,image_link/_title,image_7,image_7/_alt,ordering_description,ordering_value,compare_label
"http://www.argos.co.uk/static/Product/partNumber/4440257.htm","Remington Pro Keratin Therapy 2200W Hair Dryer.","more details on Remington Pro Keratin Therapy 2200W Hair Dryer.","4440257","39.99","http://www.argos.co.uk/wcsstore/argos/en_GB/siteAssets/images/fasttrack_icon.png","Fast Track","Was","49.99","Save 20%","","http://www.argos.co.uk/static/Product/partNumber/4440257.htm#pdpProductReviews","(68)","","http://www.argos.co.uk/wcsstore/argos/en_GB/images/rating/stars/rating-4_4.gif","","68","http://www.argos.co.uk/wcsstore/argos/en_GB/images/icon_collection_grey.png","","http://www.argos.co.uk/wcsstore/argos/en_GB/images/green_arrow.png","","http://www.argos.co.uk/wcsstore/argos/en_GB/images/icon_collection_disabled.png","","http://www.argos.co.uk/wcsstore/argos/en_GB/images/grey_arrow.gif","","http://www.argos.co.uk/wcsstore/argos/en_GB/images/icon_delivery_grey.png","","http://www.argos.co.uk/wcsstore/argos/en_GB/images/icon_delivery_disabled.png","","","http://www.argos.co.uk/webapp/wcs/stores/servlet/ArgosProductPurchaseNoJS?storeId=10151&langId=110&catalogId=25051&URL=OrderItemDisplay&errorViewName=ArgosGenericErrorView&catEntryId=792024&partNumber=4440257&quantity=1","Add To Trolley","Buy or Reserve Remington Pro Keratin Therapy 2200W Hair Dryer.","http://www.argos.co.uk/webapp/wcs/stores/servlet/ArgosProductPurchaseNoJS?storeId=10151&langId=110&catalogId=25051&URL=OrderItemDisplay&errorViewName=ArgosGenericErrorView&catEntryId=792024&partNumber=4440257&quantity=1","Buy or Reserve","Buy or Reserve Remington Pro Keratin Therapy 2200W Hair Dryer.","http://www.argos.co.uk/static/Product/partNumber/4440257.htm","","more details on Remington Pro Keratin Therapy 2200W Hair Dryer.","http://argos.scene7.com/is/image/Argos/4440257_R_SET?$Listers$","more details on Remington Pro Keratin Therapy 2200W Hair Dryer.","Order now for delivery <span>within <span>2 days</span></span>","Reserve to collect in store","Compare"
"http://www.argos.co.uk/static/Product/partNumber/4021401.htm","Glamoriser Salon Results 2100W Digital Hair Dryer.","more details on Glamoriser Salon Results 2100W Digital Hair Dryer.","4021401","39.99","http://www.argos.co.uk/wcsstore/argos/en_GB/siteAssets/images/fasttrack_icon.png","Fast Track","Was","69.99","Save £30.00","30","http://www.argos.co.uk/static/Product/partNumber/4021401.htm#pdpProductReviews","(53)","","http://www.argos.co.uk/wcsstore/argos/en_GB/images/rating/stars/rating-4_7.gif","","53","http://www.argos.co.uk/wcsstore/argos/en_GB/images/icon_collection_grey.png","","http://www.argos.co.uk/wcsstore/argos/en_GB/images/green_arrow.png","","http://www.argos.co.uk/wcsstore/argos/en_GB/images/icon_collection_disabled.png","","http://www.argos.co.uk/wcsstore/argos/en_GB/images/grey_arrow.gif","","http://www.argos.co.uk/wcsstore/argos/en_GB/images/icon_delivery_grey.png","","http://www.argos.co.uk/wcsstore/argos/en_GB/images/icon_delivery_disabled.png","","","http://www.argos.co.uk/webapp/wcs/stores/servlet/ArgosProductPurchaseNoJS?storeId=10151&langId=110&catalogId=25051&URL=OrderItemDisplay&errorViewName=ArgosGenericErrorView&catEntryId=1323931&partNumber=4021401&quantity=1","Add To Trolley","Buy or Reserve Glamoriser Salon Results 2100W Digital Hair Dryer.","http://www.argos.co.uk/webapp/wcs/stores/servlet/ArgosProductPurchaseNoJS?storeId=10151&langId=110&catalogId=25051&URL=OrderItemDisplay&errorViewName=ArgosGenericErrorView&catEntryId=1323931&partNumber=4021401&quantity=1","Buy or Reserve","Buy or Reserve Glamoriser Salon Results 2100W Digital Hair Dryer.","http://www.argos.co.uk/static/Product/partNumber/4021401.htm","","more details on Glamoriser Salon Results 2100W Digital Hair Dryer.","http://argos.scene7.com/is/image/Argos/4021401_R_SET?$Listers$","more details on Glamoriser Salon Results 2100W Digital Hair Dryer.","Order now for delivery <span>within <span>2 days</span></span>","Reserve to collect in store","Compare"
"http://www.argos.co.uk/static/Product/partNumber/4086927.htm","Stylecare 2400W Ionic AC Hair Dryer with Diffuser.","more details on Stylecare 2400W Ionic AC Hair Dryer with Diffuser.","4086927","29.99","http://www.argos.co.uk/wcsstore/argos/en_GB/siteAssets/images/fasttrack_icon.png","Fast Track","Was","39.99","Save 25%","","http://www.argos.co.uk/static/Product/partNumber/4086927.htm#pdpProductReviews","(66)","","http://www.argos.co.uk/wcsstore/argos/en_GB/images/rating/stars/rating-4_5.gif","","66","http://www.argos.co.uk/wcsstore/argos/en_GB/images/icon_collection_grey.png","","http://www.argos.co.uk/wcsstore/argos/en_GB/images/green_arrow.png","","http://www.argos.co.uk/wcsstore/argos/en_GB/images/icon_collection_disabled.png","","http://www.argos.co.uk/wcsstore/argos/en_GB/images/grey_arrow.gif","","http://www.argos.co.uk/wcsstore/argos/en_GB/images/icon_delivery_grey.png","","http://www.argos.co.uk/wcsstore/argos/en_GB/images/icon_delivery_disabled.png","","","http://www.argos.co.uk/webapp/wcs/stores/servlet/ArgosProductPurchaseNoJS?storeId=10151&langId=110&catalogId=25051&URL=OrderItemDisplay&errorViewName=ArgosGenericErrorView&catEntryId=1313969&partNumber=4086927&quantity=1","Add To Trolley","Buy or Reserve Stylecare 2400W Ionic AC Hair Dryer with Diffuser.","http://www.argos.co.uk/webapp/wcs/stores/servlet/ArgosProductPurchaseNoJS?storeId=10151&langId=110&catalogId=25051&URL=OrderItemDisplay&errorViewName=ArgosGenericErrorView&catEntryId=1313969&partNumber=4086927&quantity=1","Buy or Reserve","Buy or Reserve Stylecare 2400W Ionic AC Hair Dryer with Diffuser.","http://www.argos.co.uk/static/Product/partNumber/4086927.htm","","more details on Stylecare 2400W Ionic AC Hair Dryer with Diffuser.","http://argos.scene7.com/is/image/Argos/4086927_R_SET?$Listers$","more details on Stylecare 2400W Ionic AC Hair Dryer with Diffuser.","Order now for delivery <span>within <span>2 days</span></span>","Reserve to collect in store","Compare"
"http://www.argos.co.uk/static/Product/partNumber/3684715.htm","BaByliss 2200W Keratin Shine Hair Dryer.","more details on BaByliss 2200W Keratin Shine Hair Dryer.","3684715","22.49","http://www.argos.co.uk/wcsstore/argos/en_GB/siteAssets/images/fasttrack_icon.png","Fast Track","","","","","http://www.argos.co.uk/static/Product/partNumber/3684715.htm#pdpProductReviews","(79)","","http://www.argos.co.uk/wcsstore/argos/en_GB/images/rating/stars/rating-4_6.gif","","79","http://www.argos.co.uk/wcsstore/argos/en_GB/images/icon_collection_grey.png","","http://www.argos.co.uk/wcsstore/argos/en_GB/images/green_arrow.png","","http://www.argos.co.uk/wcsstore/argos/en_GB/images/icon_collection_disabled.png","","http://www.argos.co.uk/wcsstore/argos/en_GB/images/grey_arrow.gif","","http://www.argos.co.uk/wcsstore/argos/en_GB/images/icon_delivery_grey.png","","http://www.argos.co.uk/wcsstore/argos/en_GB/images/icon_delivery_disabled.png","","","http://www.argos.co.uk/webapp/wcs/stores/servlet/ArgosProductPurchaseNoJS?storeId=10151&langId=110&catalogId=25051&URL=OrderItemDisplay&errorViewName=ArgosGenericErrorView&catEntryId=1235604&partNumber=3684715&quantity=1","Add To Trolley","Buy or Reserve BaByliss 2200W Keratin Shine Hair Dryer.","http://www.argos.co.uk/webapp/wcs/stores/servlet/ArgosProductPurchaseNoJS?storeId=10151&langId=110&catalogId=25051&URL=OrderItemDisplay&errorViewName=ArgosGenericErrorView&catEntryId=1235604&partNumber=3684715&quantity=1","Buy or Reserve","Buy or Reserve BaByliss 2200W Keratin Shine Hair Dryer.","http://www.argos.co.uk/static/Product/partNumber/3684715.htm","","more details on BaByliss 2200W Keratin Shine Hair Dryer.","http://argos.scene7.com/is/image/Argos/3684715_R_SET?$Listers$","more details on BaByliss 2200W Keratin Shine Hair Dryer.","Order now for delivery <span>within <span>2 days</span></span>","Reserve to collect in store","Compare"
"http://www.argos.co.uk/static/Product/partNumber/4648183.htm","BaByliss Rose-Quartz AC Hair Dryer.","more details on BaByliss Rose-Quartz AC Hair Dryer.","4648183","24.99","http://www.argos.co.uk/wcsstore/argos/en_GB/siteAssets/images/fasttrack_icon.png","Fast Track","Was","54.99","Less Than Half Price","","http://www.argos.co.uk/static/Product/partNumber/4648183.htm#pdpProductReviews","(38)","","http://www.argos.co.uk/wcsstore/argos/en_GB/images/rating/stars/rating-4_2.gif","","38","http://www.argos.co.uk/wcsstore/argos/en_GB/images/icon_collection_grey.png","","http://www.argos.co.uk/wcsstore/argos/en_GB/images/green_arrow.png","","http://www.argos.co.uk/wcsstore/argos/en_GB/images/icon_collection_disabled.png","","http://www.argos.co.uk/wcsstore/argos/en_GB/images/grey_arrow.gif","","http://www.argos.co.uk/wcsstore/argos/en_GB/images/icon_delivery_grey.png","","http://www.argos.co.uk/wcsstore/argos/en_GB/images/icon_delivery_disabled.png","","","http://www.argos.co.uk/webapp/wcs/stores/servlet/ArgosProductPurchaseNoJS?storeId=10151&langId=110&catalogId=25051&URL=OrderItemDisplay&errorViewName=ArgosGenericErrorView&catEntryId=1366257&partNumber=4648183&quantity=1","Add To Trolley","Buy or Reserve BaByliss Rose-Quartz AC Hair Dryer.","http://www.argos.co.uk/webapp/wcs/stores/servlet/ArgosProductPurchaseNoJS?storeId=10151&langId=110&catalogId=25051&URL=OrderItemDisplay&errorViewName=ArgosGenericErrorView&catEntryId=1366257&partNumber=4648183&quantity=1","Buy or Reserve","Buy or Reserve BaByliss Rose-Quartz AC Hair Dryer.","http://www.argos.co.uk/static/Product/partNumber/4648183.htm","","more details on BaByliss Rose-Quartz AC Hair Dryer.","http://argos.scene7.com/is/image/Argos/4648183_R_SET?$Listers$","more details on BaByliss Rose-Quartz AC Hair Dryer.","Order now for delivery <span>within <span>2 days</span></span>","Reserve to collect in store","Compare"
"http://www.argos.co.uk/static/Product/partNumber/3918247.htm","Lee Stafford 2300W Ubuntu Oil Hair Dryer.","more details on Lee Stafford 2300W Ubuntu Oil Hair Dryer.","3918247","18.79","http://www.argos.co.uk/wcsstore/argos/en_GB/siteAssets/images/fasttrack_icon.png","Fast Track","Was","29.99","Save Over £11.00","11","http://www.argos.co.uk/static/Product/partNumber/3918247.htm#pdpProductReviews","(30)","","http://www.argos.co.uk/wcsstore/argos/en_GB/images/rating/stars/rating-4_7.gif","","30","http://www.argos.co.uk/wcsstore/argos/en_GB/images/icon_collection_grey.png","","http://www.argos.co.uk/wcsstore/argos/en_GB/images/green_arrow.png","","http://www.argos.co.uk/wcsstore/argos/en_GB/images/icon_collection_disabled.png","","http://www.argos.co.uk/wcsstore/argos/en_GB/images/grey_arrow.gif","","http://www.argos.co.uk/wcsstore/argos/en_GB/images/icon_delivery_grey.png","","http://www.argos.co.uk/wcsstore/argos/en_GB/images/icon_delivery_disabled.png","","","http://www.argos.co.uk/webapp/wcs/stores/servlet/ArgosProductPurchaseNoJS?storeId=10151&langId=110&catalogId=25051&URL=OrderItemDisplay&errorViewName=ArgosGenericErrorView&catEntryId=1328419&partNumber=3918247&quantity=1","Add To Trolley","Buy or Reserve Lee Stafford 2300W Ubuntu Oil Hair Dryer.","http://www.argos.co.uk/webapp/wcs/stores/servlet/ArgosProductPurchaseNoJS?storeId=10151&langId=110&catalogId=25051&URL=OrderItemDisplay&errorViewName=ArgosGenericErrorView&catEntryId=1328419&partNumber=3918247&quantity=1","Buy or Reserve","Buy or Reserve Lee Stafford 2300W Ubuntu Oil Hair Dryer.","http://www.argos.co.uk/static/Product/partNumber/3918247.htm","","more details on Lee Stafford 2300W Ubuntu Oil Hair Dryer.","http://argos.scene7.com/is/image/Argos/3918247_R_SET?$Listers$","more details on Lee Stafford 2300W Ubuntu Oil Hair Dryer.","Order now for delivery <span>within <span>2 days</span></span>","Reserve to collect in store","Compare"
"http://www.argos.co.uk/static/Product/partNumber/3912676.htm","BaByliss 3Q 2200W Salon Hair Dryer.","more details on BaByliss 3Q 2200W Salon Hair Dryer.","3912676","95.99","http://www.argos.co.uk/wcsstore/argos/en_GB/siteAssets/images/fasttrack_icon.png","Fast Track","Was","119.99","Save 20%","","http://www.argos.co.uk/static/Product/partNumber/3912676.htm#pdpProductReviews","(23)","","http://www.argos.co.uk/wcsstore/argos/en_GB/images/rating/stars/rating-4_7.gif","","23","http://www.argos.co.uk/wcsstore/argos/en_GB/images/icon_collection_grey.png","","http://www.argos.co.uk/wcsstore/argos/en_GB/images/green_arrow.png","","http://www.argos.co.uk/wcsstore/argos/en_GB/images/icon_collection_disabled.png","","http://www.argos.co.uk/wcsstore/argos/en_GB/images/grey_arrow.gif","","http://www.argos.co.uk/wcsstore/argos/en_GB/images/icon_delivery_grey.png","","http://www.argos.co.uk/wcsstore/argos/en_GB/images/icon_delivery_disabled.png","","","http://www.argos.co.uk/webapp/wcs/stores/servlet/ArgosProductPurchaseNoJS?storeId=10151&langId=110&catalogId=25051&URL=OrderItemDisplay&errorViewName=ArgosGenericErrorView&catEntryId=1330527&partNumber=3912676&quantity=1","Add To Trolley","Buy or Reserve BaByliss 3Q 2200W Salon Hair Dryer.","http://www.argos.co.uk/webapp/wcs/stores/servlet/ArgosProductPurchaseNoJS?storeId=10151&langId=110&catalogId=25051&URL=OrderItemDisplay&errorViewName=ArgosGenericErrorView&catEntryId=1330527&partNumber=3912676&quantity=1","Buy or Reserve","Buy or Reserve BaByliss 3Q 2200W Salon Hair Dryer.","http://www.argos.co.uk/static/Product/partNumber/3912676.htm","","more details on BaByliss 3Q 2200W Salon Hair Dryer.","http://argos.scene7.com/is/image/Argos/3912676_R_SET?$Listers$","more details on BaByliss 3Q 2200W Salon Hair Dryer.","Order now for delivery <span>within <span>2 days</span></span>","Reserve to collect in store","Compare"
"http://www.argos.co.uk/static/Product/partNumber/4441476.htm","Remington Sapphire 2200W Hair Dryer.","more details on Remington Sapphire 2200W Hair Dryer.","4441476","39.99","http://www.argos.co.uk/wcsstore/argos/en_GB/siteAssets/images/fasttrack_icon.png","Fast Track","","","","","http://www.argos.co.uk/static/Product/partNumber/4441476.htm#pdpProductReviews","(68)","","http://www.argos.co.uk/wcsstore/argos/en_GB/images/rating/stars/rating-4_2.gif","","68","http://www.argos.co.uk/wcsstore/argos/en_GB/images/icon_collection_grey.png","","http://www.argos.co.uk/wcsstore/argos/en_GB/images/green_arrow.png","","http://www.argos.co.uk/wcsstore/argos/en_GB/images/icon_collection_disabled.png","","http://www.argos.co.uk/wcsstore/argos/en_GB/images/grey_arrow.gif","","http://www.argos.co.uk/wcsstore/argos/en_GB/images/icon_delivery_grey.png","","http://www.argos.co.uk/wcsstore/argos/en_GB/images/icon_delivery_disabled.png","","","http://www.argos.co.uk/webapp/wcs/stores/servlet/ArgosProductPurchaseNoJS?storeId=10151&langId=110&catalogId=25051&URL=OrderItemDisplay&errorViewName=ArgosGenericErrorView&catEntryId=998122&partNumber=4441476&quantity=1","Add To Trolley","Buy or Reserve Remington Sapphire 2200W Hair Dryer.","http://www.argos.co.uk/webapp/wcs/stores/servlet/ArgosProductPurchaseNoJS?storeId=10151&langId=110&catalogId=25051&URL=OrderItemDisplay&errorViewName=ArgosGenericErrorView&catEntryId=998122&partNumber=4441476&quantity=1","Buy or Reserve","Buy or Reserve Remington Sapphire 2200W Hair Dryer.","http://www.argos.co.uk/static/Product/partNumber/4441476.htm","","more details on Remington Sapphire 2200W Hair Dryer.","http://argos.scene7.com/is/image/Argos/4441476_R_SET?$Listers$","more details on Remington Sapphire 2200W Hair Dryer.","Order now for delivery <span>within <span>2 days</span></span>","Reserve to collect in store","Compare"
"http://www.argos.co.uk/static/Product/partNumber/1665334.htm","Remington 2400W Hair Dryer.","more details on Remington 2400W Hair Dryer.","1665334","19.99","http://www.argos.co.uk/wcsstore/argos/en_GB/siteAssets/images/fasttrack_icon.png","Fast Track","Was","39.99","Half Price","","http://www.argos.co.uk/static/Product/partNumber/1665334.htm#pdpProductReviews","(433)","","http://www.argos.co.uk/wcsstore/argos/en_GB/images/rating/stars/rating-4_5.gif","","433","http://www.argos.co.uk/wcsstore/argos/en_GB/images/icon_collection_grey.png","","http://www.argos.co.uk/wcsstore/argos/en_GB/images/green_arrow.png","","http://www.argos.co.uk/wcsstore/argos/en_GB/images/icon_collection_disabled.png","","http://www.argos.co.uk/wcsstore/argos/en_GB/images/grey_arrow.gif","","http://www.argos.co.uk/wcsstore/argos/en_GB/images/icon_delivery_grey.png","","http://www.argos.co.uk/wcsstore/argos/en_GB/images/icon_delivery_disabled.png","","","http://www.argos.co.uk/webapp/wcs/stores/servlet/ArgosProductPurchaseNoJS?storeId=10151&langId=110&catalogId=25051&URL=OrderItemDisplay&errorViewName=ArgosGenericErrorView&catEntryId=1077282&partNumber=1665334&quantity=1","Add To Trolley","Buy or Reserve Remington 2400W Hair Dryer.","http://www.argos.co.uk/webapp/wcs/stores/servlet/ArgosProductPurchaseNoJS?storeId=10151&langId=110&catalogId=25051&URL=OrderItemDisplay&errorViewName=ArgosGenericErrorView&catEntryId=1077282&partNumber=1665334&quantity=1","Buy or Reserve","Buy or Reserve Remington 2400W Hair Dryer.","http://www.argos.co.uk/static/Product/partNumber/1665334.htm","","more details on Remington 2400W Hair Dryer.","http://argos.scene7.com/is/image/Argos/1665334_R_SET?$Listers$","more details on Remington 2400W Hair Dryer.","Order now for delivery <span>within <span>2 days</span></span>","Reserve to collect in store","Compare"
"http://www.argos.co.uk/static/Product/partNumber/4436546.htm","Lee Stafford Nourishing Argan Oil 2200W Hair Dryer.","more details on Lee Stafford Nourishing Argan Oil 2200W Hair Dryer.","4436546","49.99","http://www.argos.co.uk/wcsstore/argos/en_GB/siteAssets/images/fasttrack_icon.png","Fast Track","","","","","http://www.argos.co.uk/static/Product/partNumber/4436546.htm#pdpProductReviews","(187)","","http://www.argos.co.uk/wcsstore/argos/en_GB/images/rating/stars/rating-4_5.gif","","187","http://www.argos.co.uk/wcsstore/argos/en_GB/images/icon_collection_grey.png","","http://www.argos.co.uk/wcsstore/argos/en_GB/images/green_arrow.png","","http://www.argos.co.uk/wcsstore/argos/en_GB/images/icon_collection_disabled.png","","http://www.argos.co.uk/wcsstore/argos/en_GB/images/grey_arrow.gif","","http://www.argos.co.uk/wcsstore/argos/en_GB/images/icon_delivery_grey.png","","http://www.argos.co.uk/wcsstore/argos/en_GB/images/icon_delivery_disabled.png","","","http://www.argos.co.uk/webapp/wcs/stores/servlet/ArgosProductPurchaseNoJS?storeId=10151&langId=110&catalogId=25051&URL=OrderItemDisplay&errorViewName=ArgosGenericErrorView&catEntryId=998132&partNumber=4436546&quantity=1","Add To Trolley","Buy or Reserve Lee Stafford Nourishing Argan Oil 2200W Hair Dryer.","http://www.argos.co.uk/webapp/wcs/stores/servlet/ArgosProductPurchaseNoJS?storeId=10151&langId=110&catalogId=25051&URL=OrderItemDisplay&errorViewName=ArgosGenericErrorView&catEntryId=998132&partNumber=4436546&quantity=1","Buy or Reserve","Buy or Reserve Lee Stafford Nourishing Argan Oil 2200W Hair Dryer.","http://www.argos.co.uk/static/Product/partNumber/4436546.htm","","more details on Lee Stafford Nourishing Argan Oil 2200W Hair Dryer.","http://argos.scene7.com/is/image/Argos/4436546_R_SET?$Listers$","more details on Lee Stafford Nourishing Argan Oil 2200W Hair Dryer.","Order now for delivery <span>within <span>2 days</span></span>","Reserve to collect in store","Compare"
"http://www.argos.co.uk/static/Product/partNumber/2383378.htm","Andrew Barton Radiant Dry Argan Infused 2100W AC Hair Dryer.","more details on Andrew Barton Radiant Dry Argan Infused 2100W AC Hair Dryer.","2383378","54.99","http://www.argos.co.uk/wcsstore/argos/en_GB/siteAssets/images/fasttrack_icon.png","Fast Track","","","","","http://www.argos.co.uk/static/Product/partNumber/2383378.htm#pdpProductReviews","(28)","","http://www.argos.co.uk/wcsstore/argos/en_GB/images/rating/stars/rating-4_5.gif","","28","http://www.argos.co.uk/wcsstore/argos/en_GB/images/icon_collection_grey.png","","http://www.argos.co.uk/wcsstore/argos/en_GB/images/green_arrow.png","","http://www.argos.co.uk/wcsstore/argos/en_GB/images/icon_collection_disabled.png","","http://www.argos.co.uk/wcsstore/argos/en_GB/images/grey_arrow.gif","","http://www.argos.co.uk/wcsstore/argos/en_GB/images/icon_delivery_grey.png","","http://www.argos.co.uk/wcsstore/argos/en_GB/images/icon_delivery_disabled.png","","","http://www.argos.co.uk/webapp/wcs/stores/servlet/ArgosProductPurchaseNoJS?storeId=10151&langId=110&catalogId=25051&URL=OrderItemDisplay&errorViewName=ArgosGenericErrorView&catEntryId=1160720&partNumber=2383378&quantity=1","Add To Trolley","Buy or Reserve Andrew Barton Radiant Dry Argan Infused 2100W AC Hair Dryer.","http://www.argos.co.uk/webapp/wcs/stores/servlet/ArgosProductPurchaseNoJS?storeId=10151&langId=110&catalogId=25051&URL=OrderItemDisplay&errorViewName=ArgosGenericErrorView&catEntryId=1160720&partNumber=2383378&quantity=1","Buy or Reserve","Buy or Reserve Andrew Barton Radiant Dry Argan Infused 2100W AC Hair Dryer.","http://www.argos.co.uk/static/Product/partNumber/2383378.htm","","more details on Andrew Barton Radiant Dry Argan Infused 2100W AC Hair Dryer.","http://argos.scene7.com/is/image/Argos/2383378_R_SET?$Listers$","more details on Andrew Barton Radiant Dry Argan Infused 2100W AC Hair Dryer.","Order now for delivery <span>within <span>2 days</span></span>","Reserve to collect in store","Compare"
"http://www.argos.co.uk/static/Product/partNumber/2263955.htm","BaByliss Diamond Radiance 2200W Hair Dryer.","more details on BaByliss Diamond Radiance 2200W Hair Dryer.","2263955","41.19","http://www.argos.co.uk/wcsstore/argos/en_GB/siteAssets/images/fasttrack_icon.png","Fast Track","Was","54.99","Save 25%","","http://www.argos.co.uk/static/Product/partNumber/2263955.htm#pdpProductReviews","(44)","","http://www.argos.co.uk/wcsstore/argos/en_GB/images/rating/stars/rating-4_6.gif","","44","http://www.argos.co.uk/wcsstore/argos/en_GB/images/icon_collection_grey.png","","http://www.argos.co.uk/wcsstore/argos/en_GB/images/green_arrow.png","","http://www.argos.co.uk/wcsstore/argos/en_GB/images/icon_collection_disabled.png","","http://www.argos.co.uk/wcsstore/argos/en_GB/images/grey_arrow.gif","","http://www.argos.co.uk/wcsstore/argos/en_GB/images/icon_delivery_grey.png","","http://www.argos.co.uk/wcsstore/argos/en_GB/images/icon_delivery_disabled.png","","","http://www.argos.co.uk/webapp/wcs/stores/servlet/ArgosProductPurchaseNoJS?storeId=10151&langId=110&catalogId=25051&URL=OrderItemDisplay&errorViewName=ArgosGenericErrorView&catEntryId=1160726&partNumber=2263955&quantity=1","Add To Trolley","Buy or Reserve BaByliss Diamond Radiance 2200W Hair Dryer.","http://www.argos.co.uk/webapp/wcs/stores/servlet/ArgosProductPurchaseNoJS?storeId=10151&langId=110&catalogId=25051&URL=OrderItemDisplay&errorViewName=ArgosGenericErrorView&catEntryId=1160726&partNumber=2263955&quantity=1","Buy or Reserve","Buy or Reserve BaByliss Diamond Radiance 2200W Hair Dryer.","http://www.argos.co.uk/static/Product/partNumber/2263955.htm","","more details on BaByliss Diamond Radiance 2200W Hair Dryer.","http://argos.scene7.com/is/image/Argos/2263955_R_SET?$Listers$","more details on BaByliss Diamond Radiance 2200W Hair Dryer.","Order now for delivery <span>within <span>2 days</span></span>","Reserve to collect in store","Compare"
"http://www.argos.co.uk/static/Product/partNumber/4126935.htm","Glamoriser 450W Detangle and Dry Hair Dryer.","more details on Glamoriser 450W Detangle and Dry Hair Dryer.","4126935","39.99","http://www.argos.co.uk/wcsstore/argos/en_GB/siteAssets/images/fasttrack_icon.png","Fast Track","","","","","http://www.argos.co.uk/static/Product/partNumber/4126935.htm#pdpProductReviews","(42)","","http://www.argos.co.uk/wcsstore/argos/en_GB/images/rating/stars/rating-4_0.gif","","42","http://www.argos.co.uk/wcsstore/argos/en_GB/images/icon_collection_grey.png","","http://www.argos.co.uk/wcsstore/argos/en_GB/images/green_arrow.png","","http://www.argos.co.uk/wcsstore/argos/en_GB/images/icon_collection_disabled.png","","http://www.argos.co.uk/wcsstore/argos/en_GB/images/grey_arrow.gif","","http://www.argos.co.uk/wcsstore/argos/en_GB/images/icon_delivery_grey.png","","http://www.argos.co.uk/wcsstore/argos/en_GB/images/icon_delivery_disabled.png","","","http://www.argos.co.uk/webapp/wcs/stores/servlet/ArgosProductPurchaseNoJS?storeId=10151&langId=110&catalogId=25051&URL=OrderItemDisplay&errorViewName=ArgosGenericErrorView&catEntryId=1330173&partNumber=4126935&quantity=1","Add To Trolley","Buy or Reserve Glamoriser 450W Detangle and Dry Hair Dryer.","http://www.argos.co.uk/webapp/wcs/stores/servlet/ArgosProductPurchaseNoJS?storeId=10151&langId=110&catalogId=25051&URL=OrderItemDisplay&errorViewName=ArgosGenericErrorView&catEntryId=1330173&partNumber=4126935&quantity=1","Buy or Reserve","Buy or Reserve Glamoriser 450W Detangle and Dry Hair Dryer.","http://www.argos.co.uk/static/Product/partNumber/4126935.htm","","more details on Glamoriser 450W Detangle and Dry Hair Dryer.","http://argos.scene7.com/is/image/Argos/4126935_R_SET?$Listers$","more details on Glamoriser 450W Detangle and Dry Hair Dryer.","Order now for delivery <span>within <span>2 days</span></span>","Reserve to collect in store","Compare"
"http://www.argos.co.uk/static/Product/partNumber/4967211.htm","Bosch 2500W Classic Coiffeur Hair Dryer.","more details on Bosch 2500W Classic Coiffeur Hair Dryer.","4967211","34.99","http://www.argos.co.uk/wcsstore/argos/en_GB/siteAssets/images/fasttrack_icon.png","Fast Track","Was","69.99","Half Price","","http://www.argos.co.uk/static/Product/partNumber/4967211.htm#pdpProductReviews","(32)","","http://www.argos.co.uk/wcsstore/argos/en_GB/images/rating/stars/rating-4_4.gif","","32","http://www.argos.co.uk/wcsstore/argos/en_GB/images/icon_collection_grey.png","","http://www.argos.co.uk/wcsstore/argos/en_GB/images/green_arrow.png","","http://www.argos.co.uk/wcsstore/argos/en_GB/images/icon_collection_disabled.png","","http://www.argos.co.uk/wcsstore/argos/en_GB/images/grey_arrow.gif","","http://www.argos.co.uk/wcsstore/argos/en_GB/images/icon_delivery_grey.png","","http://www.argos.co.uk/wcsstore/argos/en_GB/images/icon_delivery_disabled.png","","","http://www.argos.co.uk/webapp/wcs/stores/servlet/ArgosProductPurchaseNoJS?storeId=10151&langId=110&catalogId=25051&URL=OrderItemDisplay&errorViewName=ArgosGenericErrorView&catEntryId=1366731&partNumber=4967211&quantity=1","Add To Trolley","Buy or Reserve Bosch 2500W Classic Coiffeur Hair Dryer.","http://www.argos.co.uk/webapp/wcs/stores/servlet/ArgosProductPurchaseNoJS?storeId=10151&langId=110&catalogId=25051&URL=OrderItemDisplay&errorViewName=ArgosGenericErrorView&catEntryId=1366731&partNumber=4967211&quantity=1","Buy or Reserve","Buy or Reserve Bosch 2500W Classic Coiffeur Hair Dryer.","http://www.argos.co.uk/static/Product/partNumber/4967211.htm","","more details on Bosch 2500W Classic Coiffeur Hair Dryer.","http://argos.scene7.com/is/image/Argos/4967211_R_SET?$Listers$","more details on Bosch 2500W Classic Coiffeur Hair Dryer.","Order now for delivery <span>within <span>2 days</span></span>","Reserve to collect in store","Compare"
"http://www.argos.co.uk/static/Product/partNumber/3953965.htm","Nicky Clarke 2000W DesiRED AC Hair Dryer.","more details on Nicky Clarke 2000W DesiRED AC Hair Dryer.","3953965","39.99","http://www.argos.co.uk/wcsstore/argos/en_GB/siteAssets/images/fasttrack_icon.png","Fast Track","","","","","http://www.argos.co.uk/static/Product/partNumber/3953965.htm#pdpProductReviews","(18)","","http://www.argos.co.uk/wcsstore/argos/en_GB/images/rating/stars/rating-4_5.gif","","18","http://www.argos.co.uk/wcsstore/argos/en_GB/images/icon_collection_grey.png","","http://www.argos.co.uk/wcsstore/argos/en_GB/images/green_arrow.png","","http://www.argos.co.uk/wcsstore/argos/en_GB/images/icon_collection_disabled.png","","http://www.argos.co.uk/wcsstore/argos/en_GB/images/grey_arrow.gif","","http://www.argos.co.uk/wcsstore/argos/en_GB/images/icon_delivery_grey.png","","http://www.argos.co.uk/wcsstore/argos/en_GB/images/icon_delivery_disabled.png","","","http://www.argos.co.uk/webapp/wcs/stores/servlet/ArgosProductPurchaseNoJS?storeId=10151&langId=110&catalogId=25051&URL=OrderItemDisplay&errorViewName=ArgosGenericErrorView&catEntryId=1304131&partNumber=3953965&quantity=1","Add To Trolley","Buy or Reserve Nicky Clarke 2000W DesiRED AC Hair Dryer.","http://www.argos.co.uk/webapp/wcs/stores/servlet/ArgosProductPurchaseNoJS?storeId=10151&langId=110&catalogId=25051&URL=OrderItemDisplay&errorViewName=ArgosGenericErrorView&catEntryId=1304131&partNumber=3953965&quantity=1","Buy or Reserve","Buy or Reserve Nicky Clarke 2000W DesiRED AC Hair Dryer.","http://www.argos.co.uk/static/Product/partNumber/3953965.htm","","more details on Nicky Clarke 2000W DesiRED AC Hair Dryer.","http://argos.scene7.com/is/image/Argos/3953965_R_SET?$Listers$","more details on Nicky Clarke 2000W DesiRED AC Hair Dryer.","Order now for delivery <span>within <span>2 days</span></span>","Reserve to collect in store","Compare"
"http://www.argos.co.uk/static/Product/partNumber/4041986.htm","TRESemme 2000W Compact Hair Dryer.","more details on TRESemme 2000W Compact Hair Dryer.","4041986","11.99","http://www.argos.co.uk/wcsstore/argos/en_GB/siteAssets/images/fasttrack_icon.png","Fast Track","","","","","http://www.argos.co.uk/static/Product/partNumber/4041986.htm#pdpProductReviews","(140)","","http://www.argos.co.uk/wcsstore/argos/en_GB/images/rating/stars/rating-4_5.gif","","140","http://www.argos.co.uk/wcsstore/argos/en_GB/images/icon_collection_grey.png","","http://www.argos.co.uk/wcsstore/argos/en_GB/images/green_arrow.png","","http://www.argos.co.uk/wcsstore/argos/en_GB/images/icon_collection_disabled.png","","http://www.argos.co.uk/wcsstore/argos/en_GB/images/grey_arrow.gif","","http://www.argos.co.uk/wcsstore/argos/en_GB/images/icon_delivery_grey.png","","http://www.argos.co.uk/wcsstore/argos/en_GB/images/icon_delivery_disabled.png","","","http://www.argos.co.uk/webapp/wcs/stores/servlet/ArgosProductPurchaseNoJS?storeId=10151&langId=110&catalogId=25051&URL=OrderItemDisplay&errorViewName=ArgosGenericErrorView&catEntryId=1336677&partNumber=4041986&quantity=1","Add To Trolley","Buy or Reserve TRESemme 2000W Compact Hair Dryer.","http://www.argos.co.uk/webapp/wcs/stores/servlet/ArgosProductPurchaseNoJS?storeId=10151&langId=110&catalogId=25051&URL=OrderItemDisplay&errorViewName=ArgosGenericErrorView&catEntryId=1336677&partNumber=4041986&quantity=1","Buy or Reserve","Buy or Reserve TRESemme 2000W Compact Hair Dryer.","http://www.argos.co.uk/static/Product/partNumber/4041986.htm","","more details on TRESemme 2000W Compact Hair Dryer.","http://argos.scene7.com/is/image/Argos/4041986_R_SET?$Listers$","more details on TRESemme 2000W Compact Hair Dryer.","Order now for delivery <span>within <span>2 days</span></span>","Reserve to collect in store","Compare"
"http://www.argos.co.uk/static/Product/partNumber/2391920.htm","BaByliss 2100W Elegance Hair Dryer.","more details on BaByliss 2100W Elegance Hair Dryer.","2391920","29.99","http://www.argos.co.uk/wcsstore/argos/en_GB/siteAssets/images/fasttrack_icon.png","Fast Track","","","","","http://www.argos.co.uk/static/Product/partNumber/2391920.htm#pdpProductReviews","(87)","","http://www.argos.co.uk/wcsstore/argos/en_GB/images/rating/stars/rating-4_6.gif","","87","http://www.argos.co.uk/wcsstore/argos/en_GB/images/icon_collection_grey.png","","http://www.argos.co.uk/wcsstore/argos/en_GB/images/green_arrow.png","","http://www.argos.co.uk/wcsstore/argos/en_GB/images/icon_collection_disabled.png","","http://www.argos.co.uk/wcsstore/argos/en_GB/images/grey_arrow.gif","","http://www.argos.co.uk/wcsstore/argos/en_GB/images/icon_delivery_grey.png","","http://www.argos.co.uk/wcsstore/argos/en_GB/images/icon_delivery_disabled.png","","","http://www.argos.co.uk/webapp/wcs/stores/servlet/ArgosProductPurchaseNoJS?storeId=10151&langId=110&catalogId=25051&URL=OrderItemDisplay&errorViewName=ArgosGenericErrorView&catEntryId=1153376&partNumber=2391920&quantity=1","Add To Trolley","Buy or Reserve BaByliss 2100W Elegance Hair Dryer.","http://www.argos.co.uk/webapp/wcs/stores/servlet/ArgosProductPurchaseNoJS?storeId=10151&langId=110&catalogId=25051&URL=OrderItemDisplay&errorViewName=ArgosGenericErrorView&catEntryId=1153376&partNumber=2391920&quantity=1","Buy or Reserve","Buy or Reserve BaByliss 2100W Elegance Hair Dryer.","http://www.argos.co.uk/static/Product/partNumber/2391920.htm","","more details on BaByliss 2100W Elegance Hair Dryer.","http://argos.scene7.com/is/image/Argos/2391920_R_SET?$Listers$","more details on BaByliss 2100W Elegance Hair Dryer.","Order now for delivery <span>within <span>2 days</span></span>","Reserve to collect in store","Compare"
"http://www.argos.co.uk/static/Product/partNumber/4517537.htm","Vidal Sassoon Infra Radiance Diffuser Dryer.","more details on Vidal Sassoon Infra Radiance Diffuser Dryer.","4517537","37.99","","","Was","49.99","Save £12.00","12","","","","","","","http://www.argos.co.uk/wcsstore/argos/en_GB/images/icon_collection_grey.png","","http://www.argos.co.uk/wcsstore/argos/en_GB/images/green_arrow.png","","http://www.argos.co.uk/wcsstore/argos/en_GB/images/icon_collection_disabled.png","","http://www.argos.co.uk/wcsstore/argos/en_GB/images/grey_arrow.gif","","http://www.argos.co.uk/wcsstore/argos/en_GB/images/icon_delivery_grey.png","","http://www.argos.co.uk/wcsstore/argos/en_GB/images/icon_delivery_disabled.png","","+ Free Delivery","http://www.argos.co.uk/webapp/wcs/stores/servlet/ArgosProductPurchaseNoJS?storeId=10151&langId=110&catalogId=25051&URL=OrderItemDisplay&errorViewName=ArgosGenericErrorView&catEntryId=1405763&partNumber=4517537&quantity=1","Add To Trolley","Buy or Reserve Vidal Sassoon Infra Radiance Diffuser Dryer.","http://www.argos.co.uk/webapp/wcs/stores/servlet/ArgosProductPurchaseNoJS?storeId=10151&langId=110&catalogId=25051&URL=OrderItemDisplay&errorViewName=ArgosGenericErrorView&catEntryId=1405763&partNumber=4517537&quantity=1","Buy or Reserve","Buy or Reserve Vidal Sassoon Infra Radiance Diffuser Dryer.","http://www.argos.co.uk/static/Product/partNumber/4517537.htm","","more details on Vidal Sassoon Infra Radiance Diffuser Dryer.","http://argos.scene7.com/is/image/Argos/4517537_R_SET?$Listers$","more details on Vidal Sassoon Infra Radiance Diffuser Dryer.","Order now for delivery <span>within <span>4 days</span></span>","","Compare"
"http://www.argos.co.uk/static/Product/partNumber/2595245.htm","Lee Stafford Frizz Off AC Got To Blow Dryer.","more details on Lee Stafford Frizz Off AC Got To Blow Dryer.","2595245","34.99","","","","","","","","","","","","","http://www.argos.co.uk/wcsstore/argos/en_GB/images/icon_collection_grey.png","","http://www.argos.co.uk/wcsstore/argos/en_GB/images/green_arrow.png","","http://www.argos.co.uk/wcsstore/argos/en_GB/images/icon_collection_disabled.png","","http://www.argos.co.uk/wcsstore/argos/en_GB/images/grey_arrow.gif","","http://www.argos.co.uk/wcsstore/argos/en_GB/images/icon_delivery_grey.png","","http://www.argos.co.uk/wcsstore/argos/en_GB/images/icon_delivery_disabled.png","","","http://www.argos.co.uk/webapp/wcs/stores/servlet/ArgosProductPurchaseNoJS?storeId=10151&langId=110&catalogId=25051&URL=OrderItemDisplay&errorViewName=ArgosGenericErrorView&catEntryId=1239014&partNumber=2595245&quantity=1","Add To Trolley","Buy or Reserve Lee Stafford Frizz Off AC Got To Blow Dryer.","http://www.argos.co.uk/webapp/wcs/stores/servlet/ArgosProductPurchaseNoJS?storeId=10151&langId=110&catalogId=25051&URL=OrderItemDisplay&errorViewName=ArgosGenericErrorView&catEntryId=1239014&partNumber=2595245&quantity=1","Buy or Reserve","Buy or Reserve Lee Stafford Frizz Off AC Got To Blow Dryer.","http://www.argos.co.uk/static/Product/partNumber/2595245.htm","","more details on Lee Stafford Frizz Off AC Got To Blow Dryer.","http://argos.scene7.com/is/image/Argos/2595245_R_SET?$Listers$","more details on Lee Stafford Frizz Off AC Got To Blow Dryer.","","Email me when back in stock","Compare"
"http://www.argos.co.uk/static/Product/partNumber/3229747.htm","BaByliss 2000W Power Dry Hair Dryer.","more details on BaByliss 2000W Power Dry Hair Dryer.","3229747","14.99","http://www.argos.co.uk/wcsstore/argos/en_GB/siteAssets/images/fasttrack_icon.png","Fast Track","","","","","http://www.argos.co.uk/static/Product/partNumber/3229747.htm#pdpProductReviews","(62)","","http://www.argos.co.uk/wcsstore/argos/en_GB/images/rating/stars/rating-4_5.gif","","62","http://www.argos.co.uk/wcsstore/argos/en_GB/images/icon_collection_grey.png","","http://www.argos.co.uk/wcsstore/argos/en_GB/images/green_arrow.png","","http://www.argos.co.uk/wcsstore/argos/en_GB/images/icon_collection_disabled.png","","http://www.argos.co.uk/wcsstore/argos/en_GB/images/grey_arrow.gif","","http://www.argos.co.uk/wcsstore/argos/en_GB/images/icon_delivery_grey.png","","http://www.argos.co.uk/wcsstore/argos/en_GB/images/icon_delivery_disabled.png","","","http://www.argos.co.uk/webapp/wcs/stores/servlet/ArgosProductPurchaseNoJS?storeId=10151&langId=110&catalogId=25051&URL=OrderItemDisplay&errorViewName=ArgosGenericErrorView&catEntryId=1258252&partNumber=3229747&quantity=1","Add To Trolley","Buy or Reserve BaByliss 2000W Power Dry Hair Dryer.","http://www.argos.co.uk/webapp/wcs/stores/servlet/ArgosProductPurchaseNoJS?storeId=10151&langId=110&catalogId=25051&URL=OrderItemDisplay&errorViewName=ArgosGenericErrorView&catEntryId=1258252&partNumber=3229747&quantity=1","Buy or Reserve","Buy or Reserve BaByliss 2000W Power Dry Hair Dryer.","http://www.argos.co.uk/static/Product/partNumber/3229747.htm","","more details on BaByliss 2000W Power Dry Hair Dryer.","http://argos.scene7.com/is/image/Argos/3229747_R_SET?$Listers$","more details on BaByliss 2000W Power Dry Hair Dryer.","Order now for delivery <span>within <span>2 days</span></span>","Reserve to collect in store","Compare"
"http://www.argos.co.uk/static/Product/partNumber/3439678.htm","BaByliss 2100W Cordkeeper Hair Dryer.","more details on BaByliss 2100W Cordkeeper Hair Dryer.","3439678","24.99","http://www.argos.co.uk/wcsstore/argos/en_GB/siteAssets/images/fasttrack_icon.png","Fast Track","Was","27.99","Save 10%","","http://www.argos.co.uk/static/Product/partNumber/3439678.htm#pdpProductReviews","(18)","","http://www.argos.co.uk/wcsstore/argos/en_GB/images/rating/stars/rating-4_4.gif","","18","http://www.argos.co.uk/wcsstore/argos/en_GB/images/icon_collection_grey.png","","http://www.argos.co.uk/wcsstore/argos/en_GB/images/green_arrow.png","","http://www.argos.co.uk/wcsstore/argos/en_GB/images/icon_collection_disabled.png","","http://www.argos.co.uk/wcsstore/argos/en_GB/images/grey_arrow.gif","","http://www.argos.co.uk/wcsstore/argos/en_GB/images/icon_delivery_grey.png","","http://www.argos.co.uk/wcsstore/argos/en_GB/images/icon_delivery_disabled.png","","","http://www.argos.co.uk/webapp/wcs/stores/servlet/ArgosProductPurchaseNoJS?storeId=10151&langId=110&catalogId=25051&URL=OrderItemDisplay&errorViewName=ArgosGenericErrorView&catEntryId=1258284&partNumber=3439678&quantity=1","Add To Trolley","Buy or Reserve BaByliss 2100W Cordkeeper Hair Dryer.","http://www.argos.co.uk/webapp/wcs/stores/servlet/ArgosProductPurchaseNoJS?storeId=10151&langId=110&catalogId=25051&URL=OrderItemDisplay&errorViewName=ArgosGenericErrorView&catEntryId=1258284&partNumber=3439678&quantity=1","Buy or Reserve","Buy or Reserve BaByliss 2100W Cordkeeper Hair Dryer.","http://www.argos.co.uk/static/Product/partNumber/3439678.htm","","more details on BaByliss 2100W Cordkeeper Hair Dryer.","http://argos.scene7.com/is/image/Argos/3439678_R_SET?$Listers$","more details on BaByliss 2100W Cordkeeper Hair Dryer.","Order now for delivery <span>within <span>2 days</span></span>","Reserve to collect in store","Compare"
"http://www.argos.co.uk/static/Product/partNumber/4539522.htm","Lee Stafford Blown Away Hair Kit.","more details on Lee Stafford Blown Away Hair Kit.","4539522","19.99","","","Was","39.99","Half Price","","http://www.argos.co.uk/static/Product/partNumber/4539522.htm#pdpProductReviews","(27)","","http://www.argos.co.uk/wcsstore/argos/en_GB/images/rating/stars/rating-4_4.gif","","27","http://www.argos.co.uk/wcsstore/argos/en_GB/images/icon_collection_grey.png","","http://www.argos.co.uk/wcsstore/argos/en_GB/images/green_arrow.png","","http://www.argos.co.uk/wcsstore/argos/en_GB/images/icon_collection_disabled.png","","http://www.argos.co.uk/wcsstore/argos/en_GB/images/grey_arrow.gif","","http://www.argos.co.uk/wcsstore/argos/en_GB/images/icon_delivery_grey.png","","http://www.argos.co.uk/wcsstore/argos/en_GB/images/icon_delivery_disabled.png","","","http://www.argos.co.uk/webapp/wcs/stores/servlet/ArgosProductPurchaseNoJS?storeId=10151&langId=110&catalogId=25051&URL=OrderItemDisplay&errorViewName=ArgosGenericErrorView&catEntryId=1391407&partNumber=4539522&quantity=1","Add To Trolley","Buy or Reserve Lee Stafford Blown Away Hair Kit.","http://www.argos.co.uk/webapp/wcs/stores/servlet/ArgosProductPurchaseNoJS?storeId=10151&langId=110&catalogId=25051&URL=OrderItemDisplay&errorViewName=ArgosGenericErrorView&catEntryId=1391407&partNumber=4539522&quantity=1","Buy or Reserve","Buy or Reserve Lee Stafford Blown Away Hair Kit.","http://www.argos.co.uk/static/Product/partNumber/4539522.htm","","more details on Lee Stafford Blown Away Hair Kit.","http://argos.scene7.com/is/image/Argos/4539522_R_SET?$Listers$","more details on Lee Stafford Blown Away Hair Kit.","Order now for delivery <span>within <span>2 days</span></span>","Reserve to collect in store","Compare"
"http://www.argos.co.uk/static/Product/partNumber/4445609.htm","Trevor Sorbie Compact Lightweight Hair Dryer.","more details on Trevor Sorbie Compact Lightweight Hair Dryer.","4445609","29.99","http://www.argos.co.uk/wcsstore/argos/en_GB/siteAssets/images/fasttrack_icon.png","Fast Track","Was","59.99","Half Price","","http://www.argos.co.uk/static/Product/partNumber/4445609.htm#pdpProductReviews","(35)","","http://www.argos.co.uk/wcsstore/argos/en_GB/images/rating/stars/rating-4_8.gif","","35","http://www.argos.co.uk/wcsstore/argos/en_GB/images/icon_collection_grey.png","","http://www.argos.co.uk/wcsstore/argos/en_GB/images/green_arrow.png","","http://www.argos.co.uk/wcsstore/argos/en_GB/images/icon_collection_disabled.png","","http://www.argos.co.uk/wcsstore/argos/en_GB/images/grey_arrow.gif","","http://www.argos.co.uk/wcsstore/argos/en_GB/images/icon_delivery_grey.png","","http://www.argos.co.uk/wcsstore/argos/en_GB/images/icon_delivery_disabled.png","","","http://www.argos.co.uk/webapp/wcs/stores/servlet/ArgosProductPurchaseNoJS?storeId=10151&langId=110&catalogId=25051&URL=OrderItemDisplay&errorViewName=ArgosGenericErrorView&catEntryId=1365045&partNumber=4445609&quantity=1","Add To Trolley","Buy or Reserve Trevor Sorbie Compact Lightweight Hair Dryer.","http://www.argos.co.uk/webapp/wcs/stores/servlet/ArgosProductPurchaseNoJS?storeId=10151&langId=110&catalogId=25051&URL=OrderItemDisplay&errorViewName=ArgosGenericErrorView&catEntryId=1365045&partNumber=4445609&quantity=1","Buy or Reserve","Buy or Reserve Trevor Sorbie Compact Lightweight Hair Dryer.","http://www.argos.co.uk/static/Product/partNumber/4445609.htm","","more details on Trevor Sorbie Compact Lightweight Hair Dryer.","http://argos.scene7.com/is/image/Argos/4445609_R_SET?$Listers$","more details on Trevor Sorbie Compact Lightweight Hair Dryer.","Order now for delivery <span>within <span>2 days</span></span>","Reserve to collect in store","Compare"
"http://www.argos.co.uk/static/Product/partNumber/4624729.htm","Nicky Clarke Burgundy Salon Pro 2000W Lightweight Dryer.","more details on Nicky Clarke Burgundy Salon Pro 2000W Lightweight Dryer.","4624729","24.99","http://www.argos.co.uk/wcsstore/argos/en_GB/siteAssets/images/fasttrack_icon.png","Fast Track","","","","","http://www.argos.co.uk/static/Product/partNumber/4624729.htm#pdpProductReviews","(1)","","http://www.argos.co.uk/wcsstore/argos/en_GB/images/rating/stars/rating-3_0.gif","","1","http://www.argos.co.uk/wcsstore/argos/en_GB/images/icon_collection_grey.png","","http://www.argos.co.uk/wcsstore/argos/en_GB/images/green_arrow.png","","http://www.argos.co.uk/wcsstore/argos/en_GB/images/icon_collection_disabled.png","","http://www.argos.co.uk/wcsstore/argos/en_GB/images/grey_arrow.gif","","http://www.argos.co.uk/wcsstore/argos/en_GB/images/icon_delivery_grey.png","","http://www.argos.co.uk/wcsstore/argos/en_GB/images/icon_delivery_disabled.png","","","http://www.argos.co.uk/webapp/wcs/stores/servlet/ArgosProductPurchaseNoJS?storeId=10151&langId=110&catalogId=25051&URL=OrderItemDisplay&errorViewName=ArgosGenericErrorView&catEntryId=1365593&partNumber=4624729&quantity=1","Add To Trolley","Buy or Reserve Nicky Clarke Burgundy Salon Pro 2000W Lightweight Dryer.","http://www.argos.co.uk/webapp/wcs/stores/servlet/ArgosProductPurchaseNoJS?storeId=10151&langId=110&catalogId=25051&URL=OrderItemDisplay&errorViewName=ArgosGenericErrorView&catEntryId=1365593&partNumber=4624729&quantity=1","Buy or Reserve","Buy or Reserve Nicky Clarke Burgundy Salon Pro 2000W Lightweight Dryer.","http://www.argos.co.uk/static/Product/partNumber/4624729.htm","","more details on Nicky Clarke Burgundy Salon Pro 2000W Lightweight Dryer.","http://argos.scene7.com/is/image/Argos/4624729_R_SET?$Listers$","more details on Nicky Clarke Burgundy Salon Pro 2000W Lightweight Dryer.","Order now for delivery <span>within <span>2 days</span></span>","Reserve to collect in store","Compare"
"http://www.argos.co.uk/static/Product/partNumber/4839734.htm","Remington Shine Therapy Dryer Gift Pack.","more details on Remington Shine Therapy Dryer Gift Pack.","4839734","69.99","","","","","","","http://www.argos.co.uk/static/Product/partNumber/4839734.htm#pdpProductReviews","(10)","","http://www.argos.co.uk/wcsstore/argos/en_GB/images/rating/stars/rating-4_3.gif","","10","http://www.argos.co.uk/wcsstore/argos/en_GB/images/icon_collection_grey.png","","http://www.argos.co.uk/wcsstore/argos/en_GB/images/green_arrow.png","","http://www.argos.co.uk/wcsstore/argos/en_GB/images/icon_collection_disabled.png","","http://www.argos.co.uk/wcsstore/argos/en_GB/images/grey_arrow.gif","","http://www.argos.co.uk/wcsstore/argos/en_GB/images/icon_delivery_grey.png","","http://www.argos.co.uk/wcsstore/argos/en_GB/images/icon_delivery_disabled.png","","","http://www.argos.co.uk/webapp/wcs/stores/servlet/ArgosProductPurchaseNoJS?storeId=10151&langId=110&catalogId=25051&URL=OrderItemDisplay&errorViewName=ArgosGenericErrorView&catEntryId=1366321&partNumber=4839734&quantity=1","Add To Trolley","Buy or Reserve Remington Shine Therapy Dryer Gift Pack.","http://www.argos.co.uk/webapp/wcs/stores/servlet/ArgosProductPurchaseNoJS?storeId=10151&langId=110&catalogId=25051&URL=OrderItemDisplay&errorViewName=ArgosGenericErrorView&catEntryId=1366321&partNumber=4839734&quantity=1","Buy or Reserve","Buy or Reserve Remington Shine Therapy Dryer Gift Pack.","http://www.argos.co.uk/static/Product/partNumber/4839734.htm","","more details on Remington Shine Therapy Dryer Gift Pack.","http://argos.scene7.com/is/image/Argos/4839734_R_SET?$Listers$","more details on Remington Shine Therapy Dryer Gift Pack.","Order now for delivery <span>within <span>2 days</span></span>","Reserve to collect in store","Compare"
"http://www.argos.co.uk/static/Product/partNumber/3657711.htm","Braun Style and Go Hair Dryer.","more details on Braun Style and Go Hair Dryer.","3657711","12.99","","","","","","","http://www.argos.co.uk/static/Product/partNumber/3657711.htm#pdpProductReviews","(4)","","http://www.argos.co.uk/wcsstore/argos/en_GB/images/rating/stars/rating-5_0.gif","","4","http://www.argos.co.uk/wcsstore/argos/en_GB/images/icon_collection_grey.png","","http://www.argos.co.uk/wcsstore/argos/en_GB/images/green_arrow.png","","http://www.argos.co.uk/wcsstore/argos/en_GB/images/icon_collection_disabled.png","","http://www.argos.co.uk/wcsstore/argos/en_GB/images/grey_arrow.gif","","http://www.argos.co.uk/wcsstore/argos/en_GB/images/icon_delivery_grey.png","","http://www.argos.co.uk/wcsstore/argos/en_GB/images/icon_delivery_disabled.png","","+ Free Delivery","http://www.argos.co.uk/webapp/wcs/stores/servlet/ArgosProductPurchaseNoJS?storeId=10151&langId=110&catalogId=25051&URL=OrderItemDisplay&errorViewName=ArgosGenericErrorView&catEntryId=1274394&partNumber=3657711&quantity=1","Add To Trolley","Buy or Reserve Braun Style and Go Hair Dryer.","http://www.argos.co.uk/webapp/wcs/stores/servlet/ArgosProductPurchaseNoJS?storeId=10151&langId=110&catalogId=25051&URL=OrderItemDisplay&errorViewName=ArgosGenericErrorView&catEntryId=1274394&partNumber=3657711&quantity=1","Buy or Reserve","Buy or Reserve Braun Style and Go Hair Dryer.","http://www.argos.co.uk/static/Product/partNumber/3657711.htm","","more details on Braun Style and Go Hair Dryer.","http://argos.scene7.com/is/image/Argos/3657711_R_SET?$Listers$","more details on Braun Style and Go Hair Dryer.","","Email me when back in stock","Compare"
"http://www.argos.co.uk/static/Product/partNumber/2394477.htm","Bosch Style to Go Compact Hair Dryer.","more details on Bosch Style to Go Compact Hair Dryer.","2394477","19.99","","","","","","","","","","","","","http://www.argos.co.uk/wcsstore/argos/en_GB/images/icon_collection_grey.png","","http://www.argos.co.uk/wcsstore/argos/en_GB/images/green_arrow.png","","http://www.argos.co.uk/wcsstore/argos/en_GB/images/icon_collection_disabled.png","","http://www.argos.co.uk/wcsstore/argos/en_GB/images/grey_arrow.gif","","http://www.argos.co.uk/wcsstore/argos/en_GB/images/icon_delivery_grey.png","","http://www.argos.co.uk/wcsstore/argos/en_GB/images/icon_delivery_disabled.png","","+ Free Delivery","http://www.argos.co.uk/webapp/wcs/stores/servlet/ArgosProductPurchaseNoJS?storeId=10151&langId=110&catalogId=25051&URL=OrderItemDisplay&errorViewName=ArgosGenericErrorView&catEntryId=1315227&partNumber=2394477&quantity=1","Add To Trolley","Buy or Reserve Bosch Style to Go Compact Hair Dryer.","http://www.argos.co.uk/webapp/wcs/stores/servlet/ArgosProductPurchaseNoJS?storeId=10151&langId=110&catalogId=25051&URL=OrderItemDisplay&errorViewName=ArgosGenericErrorView&catEntryId=1315227&partNumber=2394477&quantity=1","Buy or Reserve","Buy or Reserve Bosch Style to Go Compact Hair Dryer.","http://www.argos.co.uk/static/Product/partNumber/2394477.htm","","more details on Bosch Style to Go Compact Hair Dryer.","http://argos.scene7.com/is/image/Argos/2394477_R_SET?$Listers$","more details on Bosch Style to Go Compact Hair Dryer.","Order now for delivery <span>from <span>2 days</span><span title=""Estimated delivery times, subject to stock and your postcode""><img width=""5"" height=""10"" alt=""Estimated delivery times, subject to stock and your postcode"" src=""/wcsstore/argos/en_GB/images/p1/icon_isaltm_lister_delivery_footnote.gif""/></span></span>","","Compare"
"http://www.argos.co.uk/static/Product/partNumber/4024374.htm","TRESemme 1500W Travel Hair Dryer.","more details on TRESemme 1500W Travel Hair Dryer.","4024374","11.99","http://www.argos.co.uk/wcsstore/argos/en_GB/siteAssets/images/fasttrack_icon.png","Fast Track","","","","","http://www.argos.co.uk/static/Product/partNumber/4024374.htm#pdpProductReviews","(80)","","http://www.argos.co.uk/wcsstore/argos/en_GB/images/rating/stars/rating-4_7.gif","","80","http://www.argos.co.uk/wcsstore/argos/en_GB/images/icon_collection_grey.png","","http://www.argos.co.uk/wcsstore/argos/en_GB/images/green_arrow.png","","http://www.argos.co.uk/wcsstore/argos/en_GB/images/icon_collection_disabled.png","","http://www.argos.co.uk/wcsstore/argos/en_GB/images/grey_arrow.gif","","http://www.argos.co.uk/wcsstore/argos/en_GB/images/icon_delivery_grey.png","","http://www.argos.co.uk/wcsstore/argos/en_GB/images/icon_delivery_disabled.png","","","http://www.argos.co.uk/webapp/wcs/stores/servlet/ArgosProductPurchaseNoJS?storeId=10151&langId=110&catalogId=25051&URL=OrderItemDisplay&errorViewName=ArgosGenericErrorView&catEntryId=1330525&partNumber=4024374&quantity=1","Add To Trolley","Buy or Reserve TRESemme 1500W Travel Hair Dryer.","http://www.argos.co.uk/webapp/wcs/stores/servlet/ArgosProductPurchaseNoJS?storeId=10151&langId=110&catalogId=25051&URL=OrderItemDisplay&errorViewName=ArgosGenericErrorView&catEntryId=1330525&partNumber=4024374&quantity=1","Buy or Reserve","Buy or Reserve TRESemme 1500W Travel Hair Dryer.","http://www.argos.co.uk/static/Product/partNumber/4024374.htm","","more details on TRESemme 1500W Travel Hair Dryer.","http://argos.scene7.com/is/image/Argos/4024374_R_SET?$Listers$","more details on TRESemme 1500W Travel Hair Dryer.","Order now for delivery <span>within <span>2 days</span></span>","Reserve to collect in store","Compare"
"http://www.argos.co.uk/static/Product/partNumber/4129688.htm","Andrew Barton 2000W Travel Hair Dryer.","more details on Andrew Barton 2000W Travel Hair Dryer.","4129688","19.99","http://www.argos.co.uk/wcsstore/argos/en_GB/siteAssets/images/fasttrack_icon.png","Fast Track","","","","","http://www.argos.co.uk/static/Product/partNumber/4129688.htm#pdpProductReviews","(31)","","http://www.argos.co.uk/wcsstore/argos/en_GB/images/rating/stars/rating-4_7.gif","","31","http://www.argos.co.uk/wcsstore/argos/en_GB/images/icon_collection_grey.png","","http://www.argos.co.uk/wcsstore/argos/en_GB/images/green_arrow.png","","http://www.argos.co.uk/wcsstore/argos/en_GB/images/icon_collection_disabled.png","","http://www.argos.co.uk/wcsstore/argos/en_GB/images/grey_arrow.gif","","http://www.argos.co.uk/wcsstore/argos/en_GB/images/icon_delivery_grey.png","","http://www.argos.co.uk/wcsstore/argos/en_GB/images/icon_delivery_disabled.png","","","http://www.argos.co.uk/webapp/wcs/stores/servlet/ArgosProductPurchaseNoJS?storeId=10151&langId=110&catalogId=25051&URL=OrderItemDisplay&errorViewName=ArgosGenericErrorView&catEntryId=1330533&partNumber=4129688&quantity=1","Add To Trolley","Buy or Reserve Andrew Barton 2000W Travel Hair Dryer.","http://www.argos.co.uk/webapp/wcs/stores/servlet/ArgosProductPurchaseNoJS?storeId=10151&langId=110&catalogId=25051&URL=OrderItemDisplay&errorViewName=ArgosGenericErrorView&catEntryId=1330533&partNumber=4129688&quantity=1","Buy or Reserve","Buy or Reserve Andrew Barton 2000W Travel Hair Dryer.","http://www.argos.co.uk/static/Product/partNumber/4129688.htm","","more details on Andrew Barton 2000W Travel Hair Dryer.","http://argos.scene7.com/is/image/Argos/4129688_R_SET?$Listers$","more details on Andrew Barton 2000W Travel Hair Dryer.","Order now for delivery <span>within <span>2 days</span></span>","Reserve to collect in store","Compare"
"http://www.argos.co.uk/static/Product/partNumber/4129420.htm","BaByliss Futura 2200 1700W Hair Dryer.","more details on BaByliss Futura 2200 1700W Hair Dryer.","4129420","34.99","http://www.argos.co.uk/wcsstore/argos/en_GB/siteAssets/images/fasttrack_icon.png","Fast Track","","","","","http://www.argos.co.uk/static/Product/partNumber/4129420.htm#pdpProductReviews","(12)","","http://www.argos.co.uk/wcsstore/argos/en_GB/images/rating/stars/rating-4_3.gif","","12","http://www.argos.co.uk/wcsstore/argos/en_GB/images/icon_collection_grey.png","","http://www.argos.co.uk/wcsstore/argos/en_GB/images/green_arrow.png","","http://www.argos.co.uk/wcsstore/argos/en_GB/images/icon_collection_disabled.png","","http://www.argos.co.uk/wcsstore/argos/en_GB/images/grey_arrow.gif","","http://www.argos.co.uk/wcsstore/argos/en_GB/images/icon_delivery_grey.png","","http://www.argos.co.uk/wcsstore/argos/en_GB/images/icon_delivery_disabled.png","","","http://www.argos.co.uk/webapp/wcs/stores/servlet/ArgosProductPurchaseNoJS?storeId=10151&langId=110&catalogId=25051&URL=OrderItemDisplay&errorViewName=ArgosGenericErrorView&catEntryId=1336611&partNumber=4129420&quantity=1","Add To Trolley","Buy or Reserve BaByliss Futura 2200 1700W Hair Dryer.","http://www.argos.co.uk/webapp/wcs/stores/servlet/ArgosProductPurchaseNoJS?storeId=10151&langId=110&catalogId=25051&URL=OrderItemDisplay&errorViewName=ArgosGenericErrorView&catEntryId=1336611&partNumber=4129420&quantity=1","Buy or Reserve","Buy or Reserve BaByliss Futura 2200 1700W Hair Dryer.","http://www.argos.co.uk/static/Product/partNumber/4129420.htm","","more details on BaByliss Futura 2200 1700W Hair Dryer.","http://argos.scene7.com/is/image/Argos/4129420_R_SET?$Listers$","more details on BaByliss Futura 2200 1700W Hair Dryer.","Order now for delivery <span>within <span>2 days</span></span>","Reserve to collect in store","Compare"
"http://www.argos.co.uk/static/Product/partNumber/2371665.htm","Andrew Barton 2100W Salon AC Hair Dryer.","more details on Andrew Barton 2100W Salon AC Hair Dryer.","2371665","44.99","http://www.argos.co.uk/wcsstore/argos/en_GB/siteAssets/images/fasttrack_icon.png","Fast Track","","","","","http://www.argos.co.uk/static/Product/partNumber/2371665.htm#pdpProductReviews","(306)","","http://www.argos.co.uk/wcsstore/argos/en_GB/images/rating/stars/rating-4_6.gif","","306","http://www.argos.co.uk/wcsstore/argos/en_GB/images/icon_collection_grey.png","","http://www.argos.co.uk/wcsstore/argos/en_GB/images/green_arrow.png","","http://www.argos.co.uk/wcsstore/argos/en_GB/images/icon_collection_disabled.png","","http://www.argos.co.uk/wcsstore/argos/en_GB/images/grey_arrow.gif","","http://www.argos.co.uk/wcsstore/argos/en_GB/images/icon_delivery_grey.png","","http://www.argos.co.uk/wcsstore/argos/en_GB/images/icon_delivery_disabled.png","","","http://www.argos.co.uk/webapp/wcs/stores/servlet/ArgosProductPurchaseNoJS?storeId=10151&langId=110&catalogId=25051&URL=OrderItemDisplay&errorViewName=ArgosGenericErrorView&catEntryId=1170524&partNumber=2371665&quantity=1","Add To Trolley","Buy or Reserve Andrew Barton 2100W Salon AC Hair Dryer.","http://www.argos.co.uk/webapp/wcs/stores/servlet/ArgosProductPurchaseNoJS?storeId=10151&langId=110&catalogId=25051&URL=OrderItemDisplay&errorViewName=ArgosGenericErrorView&catEntryId=1170524&partNumber=2371665&quantity=1","Buy or Reserve","Buy or Reserve Andrew Barton 2100W Salon AC Hair Dryer.","http://www.argos.co.uk/static/Product/partNumber/2371665.htm","","more details on Andrew Barton 2100W Salon AC Hair Dryer.","http://argos.scene7.com/is/image/Argos/2371665_R_SET?$Listers$","more details on Andrew Barton 2100W Salon AC Hair Dryer.","Order now for delivery <span>within <span>2 days</span></span>","Reserve to collect in store","Compare"
"http://www.argos.co.uk/static/Product/partNumber/2786982.htm","Nicky Clarke 2000W Diamond Shine Pro Salon Hair Dryer.","more details on Nicky Clarke 2000W Diamond Shine Pro Salon Hair Dryer.","2786982","43.39","http://www.argos.co.uk/wcsstore/argos/en_GB/siteAssets/images/fasttrack_icon.png","Fast Track","Was","64.99","Save Over £21.00","21","http://www.argos.co.uk/static/Product/partNumber/2786982.htm#pdpProductReviews","(32)","","http://www.argos.co.uk/wcsstore/argos/en_GB/images/rating/stars/rating-4_6.gif","","32","http://www.argos.co.uk/wcsstore/argos/en_GB/images/icon_collection_grey.png","","http://www.argos.co.uk/wcsstore/argos/en_GB/images/green_arrow.png","","http://www.argos.co.uk/wcsstore/argos/en_GB/images/icon_collection_disabled.png","","http://www.argos.co.uk/wcsstore/argos/en_GB/images/grey_arrow.gif","","http://www.argos.co.uk/wcsstore/argos/en_GB/images/icon_delivery_grey.png","","http://www.argos.co.uk/wcsstore/argos/en_GB/images/icon_delivery_disabled.png","","","http://www.argos.co.uk/webapp/wcs/stores/servlet/ArgosProductPurchaseNoJS?storeId=10151&langId=110&catalogId=25051&URL=OrderItemDisplay&errorViewName=ArgosGenericErrorView&catEntryId=1194535&partNumber=2786982&quantity=1","Add To Trolley","Buy or Reserve Nicky Clarke 2000W Diamond Shine Pro Salon Hair Dryer.","http://www.argos.co.uk/webapp/wcs/stores/servlet/ArgosProductPurchaseNoJS?storeId=10151&langId=110&catalogId=25051&URL=OrderItemDisplay&errorViewName=ArgosGenericErrorView&catEntryId=1194535&partNumber=2786982&quantity=1","Buy or Reserve","Buy or Reserve Nicky Clarke 2000W Diamond Shine Pro Salon Hair Dryer.","http://www.argos.co.uk/static/Product/partNumber/2786982.htm","","more details on Nicky Clarke 2000W Diamond Shine Pro Salon Hair Dryer.","http://argos.scene7.com/is/image/Argos/2786982_R_SET?$Listers$","more details on Nicky Clarke 2000W Diamond Shine Pro Salon Hair Dryer.","Order now for delivery <span>within <span>2 days</span></span>","Reserve to collect in store","Compare"
"http://www.argos.co.uk/static/Product/partNumber/2589725.htm","Wahl Afro Powerpik 5000 AC Hair Dryer.","more details on Wahl Afro Powerpik 5000 AC Hair Dryer.","2589725","39.99","","","","","","","http://www.argos.co.uk/static/Product/partNumber/2589725.htm#pdpProductReviews","(13)","","http://www.argos.co.uk/wcsstore/argos/en_GB/images/rating/stars/rating-4_5.gif","","13","http://www.argos.co.uk/wcsstore/argos/en_GB/images/icon_collection_grey.png","","http://www.argos.co.uk/wcsstore/argos/en_GB/images/green_arrow.png","","http://www.argos.co.uk/wcsstore/argos/en_GB/images/icon_collection_disabled.png","","http://www.argos.co.uk/wcsstore/argos/en_GB/images/grey_arrow.gif","","http://www.argos.co.uk/wcsstore/argos/en_GB/images/icon_delivery_grey.png","","http://www.argos.co.uk/wcsstore/argos/en_GB/images/icon_delivery_disabled.png","","","http://www.argos.co.uk/webapp/wcs/stores/servlet/ArgosProductPurchaseNoJS?storeId=10151&langId=110&catalogId=25051&URL=OrderItemDisplay&errorViewName=ArgosGenericErrorView&catEntryId=1215030&partNumber=2589725&quantity=1","Add To Trolley","Buy or Reserve Wahl Afro Powerpik 5000 AC Hair Dryer.","http://www.argos.co.uk/webapp/wcs/stores/servlet/ArgosProductPurchaseNoJS?storeId=10151&langId=110&catalogId=25051&URL=OrderItemDisplay&errorViewName=ArgosGenericErrorView&catEntryId=1215030&partNumber=2589725&quantity=1","Buy or Reserve","Buy or Reserve Wahl Afro Powerpik 5000 AC Hair Dryer.","http://www.argos.co.uk/static/Product/partNumber/2589725.htm","","more details on Wahl Afro Powerpik 5000 AC Hair Dryer.","http://argos.scene7.com/is/image/Argos/2589725_R_SET?$Listers$","more details on Wahl Afro Powerpik 5000 AC Hair Dryer.","Order now for delivery <span>within <span>2 days</span></span>","Reserve now for free store pick-up in 2-3 days","Compare"
"http://www.argos.co.uk/static/Product/partNumber/1702424.htm","Braun Satin Hair 7 HD770 Colour Hair Dryer.","more details on Braun Satin Hair 7 HD770 Colour Hair Dryer.","1702424","38.49","","","Was","54.99","Save Over £16.00","16","http://www.argos.co.uk/static/Product/partNumber/1702424.htm#pdpProductReviews","(45)","","http://www.argos.co.uk/wcsstore/argos/en_GB/images/rating/stars/rating-4_4.gif","","45","http://www.argos.co.uk/wcsstore/argos/en_GB/images/icon_collection_grey.png","","http://www.argos.co.uk/wcsstore/argos/en_GB/images/green_arrow.png","","http://www.argos.co.uk/wcsstore/argos/en_GB/images/icon_collection_disabled.png","","http://www.argos.co.uk/wcsstore/argos/en_GB/images/grey_arrow.gif","","http://www.argos.co.uk/wcsstore/argos/en_GB/images/icon_delivery_grey.png","","http://www.argos.co.uk/wcsstore/argos/en_GB/images/icon_delivery_disabled.png","","","http://www.argos.co.uk/webapp/wcs/stores/servlet/ArgosProductPurchaseNoJS?storeId=10151&langId=110&catalogId=25051&URL=OrderItemDisplay&errorViewName=ArgosGenericErrorView&catEntryId=1063570&partNumber=1702424&quantity=1","Add To Trolley","Buy or Reserve Braun Satin Hair 7 HD770 Colour Hair Dryer.","http://www.argos.co.uk/webapp/wcs/stores/servlet/ArgosProductPurchaseNoJS?storeId=10151&langId=110&catalogId=25051&URL=OrderItemDisplay&errorViewName=ArgosGenericErrorView&catEntryId=1063570&partNumber=1702424&quantity=1","Buy or Reserve","Buy or Reserve Braun Satin Hair 7 HD770 Colour Hair Dryer.","http://www.argos.co.uk/static/Product/partNumber/1702424.htm","","more details on Braun Satin Hair 7 HD770 Colour Hair Dryer.","http://argos.scene7.com/is/image/Argos/1702424_R_SET?$Listers$","more details on Braun Satin Hair 7 HD770 Colour Hair Dryer.","Order now for delivery <span>within <span>2 days</span></span>","Reserve now for free store pick-up in 2-3 days","Compare"
"http://www.argos.co.uk/static/Product/partNumber/1677872.htm","Braun Satin Hair 7 HD730 Iontec Hair Dryer.","more details on Braun Satin Hair 7 HD730 Iontec Hair Dryer.","1677872","46.79","","","Was","49.99","Save Over £3.00","3","http://www.argos.co.uk/static/Product/partNumber/1677872.htm#pdpProductReviews","(1)","","http://www.argos.co.uk/wcsstore/argos/en_GB/images/rating/stars/rating-5_0.gif","","1","http://www.argos.co.uk/wcsstore/argos/en_GB/images/icon_collection_grey.png","","http://www.argos.co.uk/wcsstore/argos/en_GB/images/green_arrow.png","","http://www.argos.co.uk/wcsstore/argos/en_GB/images/icon_collection_disabled.png","","http://www.argos.co.uk/wcsstore/argos/en_GB/images/grey_arrow.gif","","http://www.argos.co.uk/wcsstore/argos/en_GB/images/icon_delivery_grey.png","","http://www.argos.co.uk/wcsstore/argos/en_GB/images/icon_delivery_disabled.png","","","http://www.argos.co.uk/webapp/wcs/stores/servlet/ArgosProductPurchaseNoJS?storeId=10151&langId=110&catalogId=25051&URL=OrderItemDisplay&errorViewName=ArgosGenericErrorView&catEntryId=1063574&partNumber=1677872&quantity=1","Add To Trolley","Buy or Reserve Braun Satin Hair 7 HD730 Iontec Hair Dryer.","http://www.argos.co.uk/webapp/wcs/stores/servlet/ArgosProductPurchaseNoJS?storeId=10151&langId=110&catalogId=25051&URL=OrderItemDisplay&errorViewName=ArgosGenericErrorView&catEntryId=1063574&partNumber=1677872&quantity=1","Buy or Reserve","Buy or Reserve Braun Satin Hair 7 HD730 Iontec Hair Dryer.","http://www.argos.co.uk/static/Product/partNumber/1677872.htm","","more details on Braun Satin Hair 7 HD730 Iontec Hair Dryer.","http://argos.scene7.com/is/image/Argos/1677872_R_SET?$Listers$","more details on Braun Satin Hair 7 HD730 Iontec Hair Dryer.","Order now for delivery <span>within <span>2 days</span></span>","Reserve now for free store pick-up in 2-3 days","Compare"
"http://www.argos.co.uk/static/Product/partNumber/1679739.htm","Tresemme Keratin Smooth 2200W Hair Dryer.","more details on Tresemme Keratin Smooth 2200W Hair Dryer.","1679739","19.99","http://www.argos.co.uk/wcsstore/argos/en_GB/siteAssets/images/fasttrack_icon.png","Fast Track","Was","29.99","Save 1/3","","http://www.argos.co.uk/static/Product/partNumber/1679739.htm#pdpProductReviews","(311)","","http://www.argos.co.uk/wcsstore/argos/en_GB/images/rating/stars/rating-4_7.gif","","311","http://www.argos.co.uk/wcsstore/argos/en_GB/images/icon_collection_grey.png","","http://www.argos.co.uk/wcsstore/argos/en_GB/images/green_arrow.png","","http://www.argos.co.uk/wcsstore/argos/en_GB/images/icon_collection_disabled.png","","http://www.argos.co.uk/wcsstore/argos/en_GB/images/grey_arrow.gif","","http://www.argos.co.uk/wcsstore/argos/en_GB/images/icon_delivery_grey.png","","http://www.argos.co.uk/wcsstore/argos/en_GB/images/icon_delivery_disabled.png","","","http://www.argos.co.uk/webapp/wcs/stores/servlet/ArgosProductPurchaseNoJS?storeId=10151&langId=110&catalogId=25051&URL=OrderItemDisplay&errorViewName=ArgosGenericErrorView&catEntryId=1077230&partNumber=1679739&quantity=1","Add To Trolley","Buy or Reserve Tresemme Keratin Smooth 2200W Hair Dryer.","http://www.argos.co.uk/webapp/wcs/stores/servlet/ArgosProductPurchaseNoJS?storeId=10151&langId=110&catalogId=25051&URL=OrderItemDisplay&errorViewName=ArgosGenericErrorView&catEntryId=1077230&partNumber=1679739&quantity=1","Buy or Reserve","Buy or Reserve Tresemme Keratin Smooth 2200W Hair Dryer.","http://www.argos.co.uk/static/Product/partNumber/1679739.htm","","more details on Tresemme Keratin Smooth 2200W Hair Dryer.","http://argos.scene7.com/is/image/Argos/1679739_R_SET?$Listers$","more details on Tresemme Keratin Smooth 2200W Hair Dryer.","Order now for delivery <span>within <span>2 days</span></span>","Reserve to collect in store","Compare"
"http://www.argos.co.uk/static/Product/partNumber/2267528.htm","Remington Your Style 2300W Hair Dryer.","more details on Remington Your Style 2300W Hair Dryer.","2267528","34.99","http://www.argos.co.uk/wcsstore/argos/en_GB/siteAssets/images/fasttrack_icon.png","Fast Track","","","","","http://www.argos.co.uk/static/Product/partNumber/2267528.htm#pdpProductReviews","(72)","","http://www.argos.co.uk/wcsstore/argos/en_GB/images/rating/stars/rating-4_6.gif","","72","http://www.argos.co.uk/wcsstore/argos/en_GB/images/icon_collection_grey.png","","http://www.argos.co.uk/wcsstore/argos/en_GB/images/green_arrow.png","","http://www.argos.co.uk/wcsstore/argos/en_GB/images/icon_collection_disabled.png","","http://www.argos.co.uk/wcsstore/argos/en_GB/images/grey_arrow.gif","","http://www.argos.co.uk/wcsstore/argos/en_GB/images/icon_delivery_grey.png","","http://www.argos.co.uk/wcsstore/argos/en_GB/images/icon_delivery_disabled.png","","","http://www.argos.co.uk/webapp/wcs/stores/servlet/ArgosProductPurchaseNoJS?storeId=10151&langId=110&catalogId=25051&URL=OrderItemDisplay&errorViewName=ArgosGenericErrorView&catEntryId=1153386&partNumber=2267528&quantity=1","Add To Trolley","Buy or Reserve Remington Your Style 2300W Hair Dryer.","http://www.argos.co.uk/webapp/wcs/stores/servlet/ArgosProductPurchaseNoJS?storeId=10151&langId=110&catalogId=25051&URL=OrderItemDisplay&errorViewName=ArgosGenericErrorView&catEntryId=1153386&partNumber=2267528&quantity=1","Buy or Reserve","Buy or Reserve Remington Your Style 2300W Hair Dryer.","http://www.argos.co.uk/static/Product/partNumber/2267528.htm","","more details on Remington Your Style 2300W Hair Dryer.","http://argos.scene7.com/is/image/Argos/2267528_R_SET?$Listers$","more details on Remington Your Style 2300W Hair Dryer.","Order now for delivery <span>within <span>2 days</span></span>","Reserve to collect in store","Compare"
"http://www.argos.co.uk/static/Product/partNumber/2178215.htm","Andrew Barton 2200W DC Power Hair Dryer.","more details on Andrew Barton 2200W DC Power Hair Dryer.","2178215","19.99","http://www.argos.co.uk/wcsstore/argos/en_GB/siteAssets/images/fasttrack_icon.png","Fast Track","Was","24.99","Save 20%","","http://www.argos.co.uk/static/Product/partNumber/2178215.htm#pdpProductReviews","(107)","","http://www.argos.co.uk/wcsstore/argos/en_GB/images/rating/stars/rating-4_6.gif","","107","http://www.argos.co.uk/wcsstore/argos/en_GB/images/icon_collection_grey.png","","http://www.argos.co.uk/wcsstore/argos/en_GB/images/green_arrow.png","","http://www.argos.co.uk/wcsstore/argos/en_GB/images/icon_collection_disabled.png","","http://www.argos.co.uk/wcsstore/argos/en_GB/images/grey_arrow.gif","","http://www.argos.co.uk/wcsstore/argos/en_GB/images/icon_delivery_grey.png","","http://www.argos.co.uk/wcsstore/argos/en_GB/images/icon_delivery_disabled.png","","","http://www.argos.co.uk/webapp/wcs/stores/servlet/ArgosProductPurchaseNoJS?storeId=10151&langId=110&catalogId=25051&URL=OrderItemDisplay&errorViewName=ArgosGenericErrorView&catEntryId=1160696&partNumber=2178215&quantity=1","Add To Trolley","Buy or Reserve Andrew Barton 2200W DC Power Hair Dryer.","http://www.argos.co.uk/webapp/wcs/stores/servlet/ArgosProductPurchaseNoJS?storeId=10151&langId=110&catalogId=25051&URL=OrderItemDisplay&errorViewName=ArgosGenericErrorView&catEntryId=1160696&partNumber=2178215&quantity=1","Buy or Reserve","Buy or Reserve Andrew Barton 2200W DC Power Hair Dryer.","http://www.argos.co.uk/static/Product/partNumber/2178215.htm","","more details on Andrew Barton 2200W DC Power Hair Dryer.","http://argos.scene7.com/is/image/Argos/2178215_R_SET?$Listers$","more details on Andrew Barton 2200W DC Power Hair Dryer.","Order now for delivery <span>within <span>2 days</span></span>","Reserve to collect in store","Compare"
"http://www.argos.co.uk/static/Product/partNumber/2287144.htm","Bosch PHD9940GB Pro-Salon Compact 2200W AC Hair Dryer.","more details on Bosch PHD9940GB Pro-Salon Compact 2200W AC Hair Dryer.","2287144","69.99","http://www.argos.co.uk/wcsstore/argos/en_GB/siteAssets/images/fasttrack_icon.png","Fast Track","","","","","http://www.argos.co.uk/static/Product/partNumber/2287144.htm#pdpProductReviews","(112)","","http://www.argos.co.uk/wcsstore/argos/en_GB/images/rating/stars/rating-4_7.gif","","112","http://www.argos.co.uk/wcsstore/argos/en_GB/images/icon_collection_grey.png","","http://www.argos.co.uk/wcsstore/argos/en_GB/images/green_arrow.png","","http://www.argos.co.uk/wcsstore/argos/en_GB/images/icon_collection_disabled.png","","http://www.argos.co.uk/wcsstore/argos/en_GB/images/grey_arrow.gif","","http://www.argos.co.uk/wcsstore/argos/en_GB/images/icon_delivery_grey.png","","http://www.argos.co.uk/wcsstore/argos/en_GB/images/icon_delivery_disabled.png","","","http://www.argos.co.uk/webapp/wcs/stores/servlet/ArgosProductPurchaseNoJS?storeId=10151&langId=110&catalogId=25051&URL=OrderItemDisplay&errorViewName=ArgosGenericErrorView&catEntryId=1160700&partNumber=2287144&quantity=1","Add To Trolley","Buy or Reserve Bosch PHD9940GB Pro-Salon Compact 2200W AC Hair Dryer.","http://www.argos.co.uk/webapp/wcs/stores/servlet/ArgosProductPurchaseNoJS?storeId=10151&langId=110&catalogId=25051&URL=OrderItemDisplay&errorViewName=ArgosGenericErrorView&catEntryId=1160700&partNumber=2287144&quantity=1","Buy or Reserve","Buy or Reserve Bosch PHD9940GB Pro-Salon Compact 2200W AC Hair Dryer.","http://www.argos.co.uk/static/Product/partNumber/2287144.htm","","more details on Bosch PHD9940GB Pro-Salon Compact 2200W AC Hair Dryer.","http://argos.scene7.com/is/image/Argos/2287144_R_SET?$Listers$","more details on Bosch PHD9940GB Pro-Salon Compact 2200W AC Hair Dryer.","Order now for delivery <span>within <span>2 days</span></span>","Reserve to collect in store","Compare"
"http://www.argos.co.uk/static/Product/partNumber/2441045.htm","Bosch 2200W KeratinAdvance DC Hair Dryer.","more details on Bosch 2200W KeratinAdvance DC Hair Dryer.","2441045","39.99","http://www.argos.co.uk/wcsstore/argos/en_GB/siteAssets/images/fasttrack_icon.png","Fast Track","","","","","http://www.argos.co.uk/static/Product/partNumber/2441045.htm#pdpProductReviews","(52)","","http://www.argos.co.uk/wcsstore/argos/en_GB/images/rating/stars/rating-4_5.gif","","52","http://www.argos.co.uk/wcsstore/argos/en_GB/images/icon_collection_grey.png","","http://www.argos.co.uk/wcsstore/argos/en_GB/images/green_arrow.png","","http://www.argos.co.uk/wcsstore/argos/en_GB/images/icon_collection_disabled.png","","http://www.argos.co.uk/wcsstore/argos/en_GB/images/grey_arrow.gif","","http://www.argos.co.uk/wcsstore/argos/en_GB/images/icon_delivery_grey.png","","http://www.argos.co.uk/wcsstore/argos/en_GB/images/icon_delivery_disabled.png","","","http://www.argos.co.uk/webapp/wcs/stores/servlet/ArgosProductPurchaseNoJS?storeId=10151&langId=110&catalogId=25051&URL=OrderItemDisplay&errorViewName=ArgosGenericErrorView&catEntryId=1160724&partNumber=2441045&quantity=1","Add To Trolley","Buy or Reserve Bosch 2200W KeratinAdvance DC Hair Dryer.","http://www.argos.co.uk/webapp/wcs/stores/servlet/ArgosProductPurchaseNoJS?storeId=10151&langId=110&catalogId=25051&URL=OrderItemDisplay&errorViewName=ArgosGenericErrorView&catEntryId=1160724&partNumber=2441045&quantity=1","Buy or Reserve","Buy or Reserve Bosch 2200W KeratinAdvance DC Hair Dryer.","http://www.argos.co.uk/static/Product/partNumber/2441045.htm","","more details on Bosch 2200W KeratinAdvance DC Hair Dryer.","http://argos.scene7.com/is/image/Argos/2441045_R_SET?$Listers$","more details on Bosch 2200W KeratinAdvance DC Hair Dryer.","Order now for delivery <span>within <span>2 days</span></span>","Reserve to collect in store","Compare"
"http://www.argos.co.uk/static/Product/partNumber/2261548.htm","Lee Stafford Blow and Nourish 2200W Argan Oil Hair Dryer.","more details on Lee Stafford Blow and Nourish 2200W Argan Oil Hair Dryer.","2261548","29.99","http://www.argos.co.uk/wcsstore/argos/en_GB/siteAssets/images/fasttrack_icon.png","Fast Track","","","","","http://www.argos.co.uk/static/Product/partNumber/2261548.htm#pdpProductReviews","(44)","","http://www.argos.co.uk/wcsstore/argos/en_GB/images/rating/stars/rating-4_6.gif","","44","http://www.argos.co.uk/wcsstore/argos/en_GB/images/icon_collection_grey.png","","http://www.argos.co.uk/wcsstore/argos/en_GB/images/green_arrow.png","","http://www.argos.co.uk/wcsstore/argos/en_GB/images/icon_collection_disabled.png","","http://www.argos.co.uk/wcsstore/argos/en_GB/images/grey_arrow.gif","","http://www.argos.co.uk/wcsstore/argos/en_GB/images/icon_delivery_grey.png","","http://www.argos.co.uk/wcsstore/argos/en_GB/images/icon_delivery_disabled.png","","","http://www.argos.co.uk/webapp/wcs/stores/servlet/ArgosProductPurchaseNoJS?storeId=10151&langId=110&catalogId=25051&URL=OrderItemDisplay&errorViewName=ArgosGenericErrorView&catEntryId=1160738&partNumber=2261548&quantity=1","Add To Trolley","Buy or Reserve Lee Stafford Blow and Nourish 2200W Argan Oil Hair Dryer.","http://www.argos.co.uk/webapp/wcs/stores/servlet/ArgosProductPurchaseNoJS?storeId=10151&langId=110&catalogId=25051&URL=OrderItemDisplay&errorViewName=ArgosGenericErrorView&catEntryId=1160738&partNumber=2261548&quantity=1","Buy or Reserve","Buy or Reserve Lee Stafford Blow and Nourish 2200W Argan Oil Hair Dryer.","http://www.argos.co.uk/static/Product/partNumber/2261548.htm","","more details on Lee Stafford Blow and Nourish 2200W Argan Oil Hair Dryer.","http://argos.scene7.com/is/image/Argos/2261548_R_SET?$Listers$","more details on Lee Stafford Blow and Nourish 2200W Argan Oil Hair Dryer.","Order now for delivery <span>within <span>2 days</span></span>","Reserve to collect in store","Compare"
"http://www.argos.co.uk/static/Product/partNumber/4435798.htm","Wahl Powerpik 1250W Hair Dryer.","more details on Wahl Powerpik 1250W Hair Dryer.","4435798","17.99","http://www.argos.co.uk/wcsstore/argos/en_GB/siteAssets/images/fasttrack_icon.png","Fast Track","","","","","http://www.argos.co.uk/static/Product/partNumber/4435798.htm#pdpProductReviews","(146)","","http://www.argos.co.uk/wcsstore/argos/en_GB/images/rating/stars/rating-4_3.gif","","146","http://www.argos.co.uk/wcsstore/argos/en_GB/images/icon_collection_grey.png","","http://www.argos.co.uk/wcsstore/argos/en_GB/images/green_arrow.png","","http://www.argos.co.uk/wcsstore/argos/en_GB/images/icon_collection_disabled.png","","http://www.argos.co.uk/wcsstore/argos/en_GB/images/grey_arrow.gif","","http://www.argos.co.uk/wcsstore/argos/en_GB/images/icon_delivery_grey.png","","http://www.argos.co.uk/wcsstore/argos/en_GB/images/icon_delivery_disabled.png","","","http://www.argos.co.uk/webapp/wcs/stores/servlet/ArgosProductPurchaseNoJS?storeId=10151&langId=110&catalogId=25051&URL=OrderItemDisplay&errorViewName=ArgosGenericErrorView&catEntryId=558184&partNumber=4435798&quantity=1","Add To Trolley","Buy or Reserve Wahl Powerpik 1250W Hair Dryer.","http://www.argos.co.uk/webapp/wcs/stores/servlet/ArgosProductPurchaseNoJS?storeId=10151&langId=110&catalogId=25051&URL=OrderItemDisplay&errorViewName=ArgosGenericErrorView&catEntryId=558184&partNumber=4435798&quantity=1","Buy or Reserve","Buy or Reserve Wahl Powerpik 1250W Hair Dryer.","http://www.argos.co.uk/static/Product/partNumber/4435798.htm","","more details on Wahl Powerpik 1250W Hair Dryer.","http://argos.scene7.com/is/image/Argos/4435798_R_SET?$Listers$","more details on Wahl Powerpik 1250W Hair Dryer.","Order now for delivery <span>within <span>2 days</span></span>","Reserve to collect in store","Compare"
"http://www.argos.co.uk/static/Product/partNumber/4434933.htm","BaByliss Pro Speed 2200W Hair Dryer.","more details on BaByliss Pro Speed 2200W Hair Dryer.","4434933","24.99","http://www.argos.co.uk/wcsstore/argos/en_GB/siteAssets/images/fasttrack_icon.png","Fast Track","","","","","http://www.argos.co.uk/static/Product/partNumber/4434933.htm#pdpProductReviews","(365)","","http://www.argos.co.uk/wcsstore/argos/en_GB/images/rating/stars/rating-4_6.gif","","365","http://www.argos.co.uk/wcsstore/argos/en_GB/images/icon_collection_grey.png","","http://www.argos.co.uk/wcsstore/argos/en_GB/images/green_arrow.png","","http://www.argos.co.uk/wcsstore/argos/en_GB/images/icon_collection_disabled.png","","http://www.argos.co.uk/wcsstore/argos/en_GB/images/grey_arrow.gif","","http://www.argos.co.uk/wcsstore/argos/en_GB/images/icon_delivery_grey.png","","http://www.argos.co.uk/wcsstore/argos/en_GB/images/icon_delivery_disabled.png","","","http://www.argos.co.uk/webapp/wcs/stores/servlet/ArgosProductPurchaseNoJS?storeId=10151&langId=110&catalogId=25051&URL=OrderItemDisplay&errorViewName=ArgosGenericErrorView&catEntryId=558188&partNumber=4434933&quantity=1","Add To Trolley","Buy or Reserve BaByliss Pro Speed 2200W Hair Dryer.","http://www.argos.co.uk/webapp/wcs/stores/servlet/ArgosProductPurchaseNoJS?storeId=10151&langId=110&catalogId=25051&URL=OrderItemDisplay&errorViewName=ArgosGenericErrorView&catEntryId=558188&partNumber=4434933&quantity=1","Buy or Reserve","Buy or Reserve BaByliss Pro Speed 2200W Hair Dryer.","http://www.argos.co.uk/static/Product/partNumber/4434933.htm","","more details on BaByliss Pro Speed 2200W Hair Dryer.","http://argos.scene7.com/is/image/Argos/4434933_R_SET?$Listers$","more details on BaByliss Pro Speed 2200W Hair Dryer.","Order now for delivery <span>within <span>2 days</span></span>","Reserve to collect in store","Compare"
"http://www.argos.co.uk/static/Product/partNumber/4436151.htm","Simple Value Compact 1200W Hair Dryer.","more details on Simple Value Compact 1200W Hair Dryer.","4436151","6.99","http://www.argos.co.uk/wcsstore/argos/en_GB/siteAssets/images/fasttrack_icon.png","Fast Track","","","","","http://www.argos.co.uk/static/Product/partNumber/4436151.htm#pdpProductReviews","(615)","","http://www.argos.co.uk/wcsstore/argos/en_GB/images/rating/stars/rating-4_3.gif","","615","http://www.argos.co.uk/wcsstore/argos/en_GB/images/icon_collection_grey.png","","http://www.argos.co.uk/wcsstore/argos/en_GB/images/green_arrow.png","","http://www.argos.co.uk/wcsstore/argos/en_GB/images/icon_collection_disabled.png","","http://www.argos.co.uk/wcsstore/argos/en_GB/images/grey_arrow.gif","","http://www.argos.co.uk/wcsstore/argos/en_GB/images/icon_delivery_grey.png","","http://www.argos.co.uk/wcsstore/argos/en_GB/images/icon_delivery_disabled.png","","","http://www.argos.co.uk/webapp/wcs/stores/servlet/ArgosProductPurchaseNoJS?storeId=10151&langId=110&catalogId=25051&URL=OrderItemDisplay&errorViewName=ArgosGenericErrorView&catEntryId=558192&partNumber=4436151&quantity=1","Add To Trolley","Buy or Reserve Simple Value Compact 1200W Hair Dryer.","http://www.argos.co.uk/webapp/wcs/stores/servlet/ArgosProductPurchaseNoJS?storeId=10151&langId=110&catalogId=25051&URL=OrderItemDisplay&errorViewName=ArgosGenericErrorView&catEntryId=558192&partNumber=4436151&quantity=1","Buy or Reserve","Buy or Reserve Simple Value Compact 1200W Hair Dryer.","http://www.argos.co.uk/static/Product/partNumber/4436151.htm","","more details on Simple Value Compact 1200W Hair Dryer.","http://argos.scene7.com/is/image/Argos/4436151_R_SET?$Listers$","more details on Simple Value Compact 1200W Hair Dryer.","Currently out of stock for delivery","Reserve to collect in store","Compare"
"http://www.argos.co.uk/static/Product/partNumber/4435073.htm","TRESemme Power 2200W Hair Dryer.","more details on TRESemme Power 2200W Hair Dryer.","4435073","18.99","http://www.argos.co.uk/wcsstore/argos/en_GB/siteAssets/images/fasttrack_icon.png","Fast Track","","","","","http://www.argos.co.uk/static/Product/partNumber/4435073.htm#pdpProductReviews","(219)","","http://www.argos.co.uk/wcsstore/argos/en_GB/images/rating/stars/rating-4_4.gif","","219","http://www.argos.co.uk/wcsstore/argos/en_GB/images/icon_collection_grey.png","","http://www.argos.co.uk/wcsstore/argos/en_GB/images/green_arrow.png","","http://www.argos.co.uk/wcsstore/argos/en_GB/images/icon_collection_disabled.png","","http://www.argos.co.uk/wcsstore/argos/en_GB/images/grey_arrow.gif","","http://www.argos.co.uk/wcsstore/argos/en_GB/images/icon_delivery_grey.png","","http://www.argos.co.uk/wcsstore/argos/en_GB/images/icon_delivery_disabled.png","","","http://www.argos.co.uk/webapp/wcs/stores/servlet/ArgosProductPurchaseNoJS?storeId=10151&langId=110&catalogId=25051&URL=OrderItemDisplay&errorViewName=ArgosGenericErrorView&catEntryId=559330&partNumber=4435073&quantity=1","Add To Trolley","Buy or Reserve TRESemme Power 2200W Hair Dryer.","http://www.argos.co.uk/webapp/wcs/stores/servlet/ArgosProductPurchaseNoJS?storeId=10151&langId=110&catalogId=25051&URL=OrderItemDisplay&errorViewName=ArgosGenericErrorView&catEntryId=559330&partNumber=4435073&quantity=1","Buy or Reserve","Buy or Reserve TRESemme Power 2200W Hair Dryer.","http://www.argos.co.uk/static/Product/partNumber/4435073.htm","","more details on TRESemme Power 2200W Hair Dryer.","http://argos.scene7.com/is/image/Argos/4435073_R_SET?$Listers$","more details on TRESemme Power 2200W Hair Dryer.","Order now for delivery <span>within <span>2 days</span></span>","Reserve to collect in store","Compare"
"http://www.argos.co.uk/static/Product/partNumber/4404231.htm","BaByliss Superhood 1200W Hair Dryer.","more details on BaByliss Superhood 1200W Hair Dryer.","4404231","64.99","http://www.argos.co.uk/wcsstore/argos/en_GB/siteAssets/images/fasttrack_icon.png","Fast Track","","","","","http://www.argos.co.uk/static/Product/partNumber/4404231.htm#pdpProductReviews","(150)","","http://www.argos.co.uk/wcsstore/argos/en_GB/images/rating/stars/rating-4_5.gif","","150","http://www.argos.co.uk/wcsstore/argos/en_GB/images/icon_collection_grey.png","","http://www.argos.co.uk/wcsstore/argos/en_GB/images/green_arrow.png","","http://www.argos.co.uk/wcsstore/argos/en_GB/images/icon_collection_disabled.png","","http://www.argos.co.uk/wcsstore/argos/en_GB/images/grey_arrow.gif","","http://www.argos.co.uk/wcsstore/argos/en_GB/images/icon_delivery_grey.png","","http://www.argos.co.uk/wcsstore/argos/en_GB/images/icon_delivery_disabled.png","","","http://www.argos.co.uk/webapp/wcs/stores/servlet/ArgosProductPurchaseNoJS?storeId=10151&langId=110&catalogId=25051&URL=OrderItemDisplay&errorViewName=ArgosGenericErrorView&catEntryId=564840&partNumber=4404231&quantity=1","Add To Trolley","Buy or Reserve BaByliss Superhood 1200W Hair Dryer.","http://www.argos.co.uk/webapp/wcs/stores/servlet/ArgosProductPurchaseNoJS?storeId=10151&langId=110&catalogId=25051&URL=OrderItemDisplay&errorViewName=ArgosGenericErrorView&catEntryId=564840&partNumber=4404231&quantity=1","Buy or Reserve","Buy or Reserve BaByliss Superhood 1200W Hair Dryer.","http://www.argos.co.uk/static/Product/partNumber/4404231.htm","","more details on BaByliss Superhood 1200W Hair Dryer.","http://argos.scene7.com/is/image/Argos/4404231_R_SET?$Listers$","more details on BaByliss Superhood 1200W Hair Dryer.","Order now for delivery <span>within <span>2 days</span></span>","Reserve to collect in store","Compare"
"http://www.argos.co.uk/static/Product/partNumber/4428248.htm","Visiq 1200W Travel Hair Dryer.","more details on Visiq 1200W Travel Hair Dryer.","4428248","6.99","http://www.argos.co.uk/wcsstore/argos/en_GB/siteAssets/images/fasttrack_icon.png","Fast Track","","","","","http://www.argos.co.uk/static/Product/partNumber/4428248.htm#pdpProductReviews","(665)","","http://www.argos.co.uk/wcsstore/argos/en_GB/images/rating/stars/rating-4_4.gif","","665","http://www.argos.co.uk/wcsstore/argos/en_GB/images/icon_collection_grey.png","","http://www.argos.co.uk/wcsstore/argos/en_GB/images/green_arrow.png","","http://www.argos.co.uk/wcsstore/argos/en_GB/images/icon_collection_disabled.png","","http://www.argos.co.uk/wcsstore/argos/en_GB/images/grey_arrow.gif","","http://www.argos.co.uk/wcsstore/argos/en_GB/images/icon_delivery_grey.png","","http://www.argos.co.uk/wcsstore/argos/en_GB/images/icon_delivery_disabled.png","","","http://www.argos.co.uk/webapp/wcs/stores/servlet/ArgosProductPurchaseNoJS?storeId=10151&langId=110&catalogId=25051&URL=OrderItemDisplay&errorViewName=ArgosGenericErrorView&catEntryId=564896&partNumber=4428248&quantity=1","Add To Trolley","Buy or Reserve Visiq 1200W Travel Hair Dryer.","http://www.argos.co.uk/webapp/wcs/stores/servlet/ArgosProductPurchaseNoJS?storeId=10151&langId=110&catalogId=25051&URL=OrderItemDisplay&errorViewName=ArgosGenericErrorView&catEntryId=564896&partNumber=4428248&quantity=1","Buy or Reserve","Buy or Reserve Visiq 1200W Travel Hair Dryer.","http://www.argos.co.uk/static/Product/partNumber/4428248.htm","","more details on Visiq 1200W Travel Hair Dryer.","http://argos.scene7.com/is/image/Argos/4428248_R_SET?$Listers$","more details on Visiq 1200W Travel Hair Dryer.","Order now for delivery <span>within <span>2 days</span></span>","Reserve to collect in store","Compare"
"http://www.argos.co.uk/static/Product/partNumber/4432997.htm","BaByliss Dry and Curl 2100W Hair Dryer.","more details on BaByliss Dry and Curl 2100W Hair Dryer.","4432997","19.99","http://www.argos.co.uk/wcsstore/argos/en_GB/siteAssets/images/fasttrack_icon.png","Fast Track","","","","","http://www.argos.co.uk/static/Product/partNumber/4432997.htm#pdpProductReviews","(140)","","http://www.argos.co.uk/wcsstore/argos/en_GB/images/rating/stars/rating-4_4.gif","","140","http://www.argos.co.uk/wcsstore/argos/en_GB/images/icon_collection_grey.png","","http://www.argos.co.uk/wcsstore/argos/en_GB/images/green_arrow.png","","http://www.argos.co.uk/wcsstore/argos/en_GB/images/icon_collection_disabled.png","","http://www.argos.co.uk/wcsstore/argos/en_GB/images/grey_arrow.gif","","http://www.argos.co.uk/wcsstore/argos/en_GB/images/icon_delivery_grey.png","","http://www.argos.co.uk/wcsstore/argos/en_GB/images/icon_delivery_disabled.png","","","http://www.argos.co.uk/webapp/wcs/stores/servlet/ArgosProductPurchaseNoJS?storeId=10151&langId=110&catalogId=25051&URL=OrderItemDisplay&errorViewName=ArgosGenericErrorView&catEntryId=565072&partNumber=4432997&quantity=1","Add To Trolley","Buy or Reserve BaByliss Dry and Curl 2100W Hair Dryer.","http://www.argos.co.uk/webapp/wcs/stores/servlet/ArgosProductPurchaseNoJS?storeId=10151&langId=110&catalogId=25051&URL=OrderItemDisplay&errorViewName=ArgosGenericErrorView&catEntryId=565072&partNumber=4432997&quantity=1","Buy or Reserve","Buy or Reserve BaByliss Dry and Curl 2100W Hair Dryer.","http://www.argos.co.uk/static/Product/partNumber/4432997.htm","","more details on BaByliss Dry and Curl 2100W Hair Dryer.","http://argos.scene7.com/is/image/Argos/4432997_R_SET?$Listers$","more details on BaByliss Dry and Curl 2100W Hair Dryer.","Order now for delivery <span>within <span>2 days</span></span>","Reserve to collect in store","Compare"
"http://www.argos.co.uk/static/Product/partNumber/4434122.htm","Visiq Diffuser 2000W Hair Dryer.","more details on Visiq Diffuser 2000W Hair Dryer.","4434122","9.99","http://www.argos.co.uk/wcsstore/argos/en_GB/siteAssets/images/fasttrack_icon.png","Fast Track","","","","","http://www.argos.co.uk/static/Product/partNumber/4434122.htm#pdpProductReviews","(224)","","http://www.argos.co.uk/wcsstore/argos/en_GB/images/rating/stars/rating-4_3.gif","","224","http://www.argos.co.uk/wcsstore/argos/en_GB/images/icon_collection_grey.png","","http://www.argos.co.uk/wcsstore/argos/en_GB/images/green_arrow.png","","http://www.argos.co.uk/wcsstore/argos/en_GB/images/icon_collection_disabled.png","","http://www.argos.co.uk/wcsstore/argos/en_GB/images/grey_arrow.gif","","http://www.argos.co.uk/wcsstore/argos/en_GB/images/icon_delivery_grey.png","","http://www.argos.co.uk/wcsstore/argos/en_GB/images/icon_delivery_disabled.png","","","http://www.argos.co.uk/webapp/wcs/stores/servlet/ArgosProductPurchaseNoJS?storeId=10151&langId=110&catalogId=25051&URL=OrderItemDisplay&errorViewName=ArgosGenericErrorView&catEntryId=565130&partNumber=4434122&quantity=1","Add To Trolley","Buy or Reserve Visiq Diffuser 2000W Hair Dryer.","http://www.argos.co.uk/webapp/wcs/stores/servlet/ArgosProductPurchaseNoJS?storeId=10151&langId=110&catalogId=25051&URL=OrderItemDisplay&errorViewName=ArgosGenericErrorView&catEntryId=565130&partNumber=4434122&quantity=1","Buy or Reserve","Buy or Reserve Visiq Diffuser 2000W Hair Dryer.","http://www.argos.co.uk/static/Product/partNumber/4434122.htm","","more details on Visiq Diffuser 2000W Hair Dryer.","http://argos.scene7.com/is/image/Argos/4434122_R_SET?$Listers$","more details on Visiq Diffuser 2000W Hair Dryer.","Order now for delivery <span>within <span>2 days</span></span>","Reserve to collect in store","Compare"
"http://www.argos.co.uk/static/Product/partNumber/4440398.htm","Remington Power Dry 2000W Hair Dryer.","more details on Remington Power Dry 2000W Hair Dryer.","4440398","11.99","http://www.argos.co.uk/wcsstore/argos/en_GB/siteAssets/images/fasttrack_icon.png","Fast Track","","","","","http://www.argos.co.uk/static/Product/partNumber/4440398.htm#pdpProductReviews","(231)","","http://www.argos.co.uk/wcsstore/argos/en_GB/images/rating/stars/rating-4_4.gif","","231","http://www.argos.co.uk/wcsstore/argos/en_GB/images/icon_collection_grey.png","","http://www.argos.co.uk/wcsstore/argos/en_GB/images/green_arrow.png","","http://www.argos.co.uk/wcsstore/argos/en_GB/images/icon_collection_disabled.png","","http://www.argos.co.uk/wcsstore/argos/en_GB/images/grey_arrow.gif","","http://www.argos.co.uk/wcsstore/argos/en_GB/images/icon_delivery_grey.png","","http://www.argos.co.uk/wcsstore/argos/en_GB/images/icon_delivery_disabled.png","","","http://www.argos.co.uk/webapp/wcs/stores/servlet/ArgosProductPurchaseNoJS?storeId=10151&langId=110&catalogId=25051&URL=OrderItemDisplay&errorViewName=ArgosGenericErrorView&catEntryId=792190&partNumber=4440398&quantity=1","Add To Trolley","Buy or Reserve Remington Power Dry 2000W Hair Dryer.","http://www.argos.co.uk/webapp/wcs/stores/servlet/ArgosProductPurchaseNoJS?storeId=10151&langId=110&catalogId=25051&URL=OrderItemDisplay&errorViewName=ArgosGenericErrorView&catEntryId=792190&partNumber=4440398&quantity=1","Buy or Reserve","Buy or Reserve Remington Power Dry 2000W Hair Dryer.","http://www.argos.co.uk/static/Product/partNumber/4440398.htm","","more details on Remington Power Dry 2000W Hair Dryer.","http://argos.scene7.com/is/image/Argos/4440398_R_SET?$Listers$","more details on Remington Power Dry 2000W Hair Dryer.","Order now for delivery <span>within <span>2 days</span></span>","Reserve to collect in store","Compare"