desc_link,desc_link/_text,desc_link/_title,desc_link_numbers,exclusion_image,exclusion_image/_alt,partnum_number,main_price,fasttrack_image,fasttrack_image/_alt,wasprice_value,wasprice_price,saveprice_value,saveprice_value_prices,customerrating_link,customerrating_link/_text,customerrating_link/_title,customerrating_image,customerrating_image/_alt,customerrating_number,image_1,image_1/_alt,image_2,image_2/_alt,image_3,image_3/_alt,image_4,image_4/_alt,image_5,image_5/_alt,image_6,image_6/_alt,addtotrolley_link,addtotrolley_link/_text,addtotrolley_link/_title,buyorreserve_link,buyorreserve_link/_text,buyorreserve_link/_title,image_link,image_link/_text,image_link/_title,image_7,image_7/_alt,ordering_value,storepickup_flag,compare_label
"http://www.argos.co.uk/static/Product/partNumber/4389150.htm","Calvin Klein 4 Piece Men's Fragrance Gift Set.","more details on Calvin Klein 4 Piece Men's Fragrance Gift Set.","4","","","4389150","29.99","http://www.argos.co.uk/wcsstore/argos/en_GB/siteAssets/images/fasttrack_icon.png","Fast Track","","","","","http://www.argos.co.uk/static/Product/partNumber/4389150.htm#pdpProductReviews","(29)","","http://www.argos.co.uk/wcsstore/argos/en_GB/images/rating/stars/rating-4_7.gif","","29","http://www.argos.co.uk/wcsstore/argos/en_GB/images/icon_collection_grey.png","","http://www.argos.co.uk/wcsstore/argos/en_GB/images/green_arrow.png","","http://www.argos.co.uk/wcsstore/argos/en_GB/images/icon_collection_disabled.png","","http://www.argos.co.uk/wcsstore/argos/en_GB/images/grey_arrow.gif","","http://www.argos.co.uk/wcsstore/argos/en_GB/images/icon_delivery_grey.png","","http://www.argos.co.uk/wcsstore/argos/en_GB/images/icon_delivery_disabled.png","","http://www.argos.co.uk/webapp/wcs/stores/servlet/ArgosProductPurchaseNoJS?storeId=10151&langId=110&catalogId=25051&URL=OrderItemDisplay&errorViewName=ArgosGenericErrorView&catEntryId=952032&partNumber=4389150&quantity=1","Add To Trolley","Buy or Reserve Calvin Klein 4 Piece Men's Fragrance Gift Set.","http://www.argos.co.uk/webapp/wcs/stores/servlet/ArgosProductPurchaseNoJS?storeId=10151&langId=110&catalogId=25051&URL=OrderItemDisplay&errorViewName=ArgosGenericErrorView&catEntryId=952032&partNumber=4389150&quantity=1","Buy or Reserve","Buy or Reserve Calvin Klein 4 Piece Men's Fragrance Gift Set.","http://www.argos.co.uk/static/Product/partNumber/4389150.htm","","more details on Calvin Klein 4 Piece Men's Fragrance Gift Set.","http://argos.scene7.com/is/image/Argos/4389150_R_SET?$Listers$","more details on Calvin Klein 4 Piece Men's Fragrance Gift Set.","Currently out of stock for delivery","Reserve to collect in store","Compare"
"http://www.argos.co.uk/static/Product/partNumber/4381938.htm","Paul Smith Extreme for Men - 50ml Eau de Toilette.","more details on Paul Smith Extreme for Men - 50ml Eau de Toilette.","-50","","","4381938","16.99","","","Was","19.99","Save £3.00","3","http://www.argos.co.uk/static/Product/partNumber/4381938.htm#pdpProductReviews","(21)","","http://www.argos.co.uk/wcsstore/argos/en_GB/images/rating/stars/rating-4_8.gif","","21","http://www.argos.co.uk/wcsstore/argos/en_GB/images/icon_collection_grey.png","","http://www.argos.co.uk/wcsstore/argos/en_GB/images/green_arrow.png","","http://www.argos.co.uk/wcsstore/argos/en_GB/images/icon_collection_disabled.png","","http://www.argos.co.uk/wcsstore/argos/en_GB/images/grey_arrow.gif","","http://www.argos.co.uk/wcsstore/argos/en_GB/images/icon_delivery_grey.png","","http://www.argos.co.uk/wcsstore/argos/en_GB/images/icon_delivery_disabled.png","","http://www.argos.co.uk/webapp/wcs/stores/servlet/ArgosProductPurchaseNoJS?storeId=10151&langId=110&catalogId=25051&URL=OrderItemDisplay&errorViewName=ArgosGenericErrorView&catEntryId=614204&partNumber=4381938&quantity=1","Add To Trolley","Buy or Reserve Paul Smith Extreme for Men - 50ml Eau de Toilette.","http://www.argos.co.uk/webapp/wcs/stores/servlet/ArgosProductPurchaseNoJS?storeId=10151&langId=110&catalogId=25051&URL=OrderItemDisplay&errorViewName=ArgosGenericErrorView&catEntryId=614204&partNumber=4381938&quantity=1","Buy or Reserve","Buy or Reserve Paul Smith Extreme for Men - 50ml Eau de Toilette.","http://www.argos.co.uk/static/Product/partNumber/4381938.htm","","more details on Paul Smith Extreme for Men - 50ml Eau de Toilette.","http://argos.scene7.com/is/image/Argos/4381938_R_SET?$Listers$","more details on Paul Smith Extreme for Men - 50ml Eau de Toilette.","Order now for delivery <span>within <span>2 days</span></span>","Reserve to collect in store","Compare"
"http://www.argos.co.uk/static/Product/partNumber/2391023.htm","Police To Be King for Men - 40ml Eau de Toilette.","more details on Police To Be King for Men - 40ml Eau de Toilette.","-40","","","2391023","14.99","http://www.argos.co.uk/wcsstore/argos/en_GB/siteAssets/images/fasttrack_icon.png","Fast Track","","","","","http://www.argos.co.uk/static/Product/partNumber/2391023.htm#pdpProductReviews","(32)","","http://www.argos.co.uk/wcsstore/argos/en_GB/images/rating/stars/rating-4_5.gif","","32","http://www.argos.co.uk/wcsstore/argos/en_GB/images/icon_collection_grey.png","","http://www.argos.co.uk/wcsstore/argos/en_GB/images/green_arrow.png","","http://www.argos.co.uk/wcsstore/argos/en_GB/images/icon_collection_disabled.png","","http://www.argos.co.uk/wcsstore/argos/en_GB/images/grey_arrow.gif","","http://www.argos.co.uk/wcsstore/argos/en_GB/images/icon_delivery_grey.png","","http://www.argos.co.uk/wcsstore/argos/en_GB/images/icon_delivery_disabled.png","","http://www.argos.co.uk/webapp/wcs/stores/servlet/ArgosProductPurchaseNoJS?storeId=10151&langId=110&catalogId=25051&URL=OrderItemDisplay&errorViewName=ArgosGenericErrorView&catEntryId=1120132&partNumber=2391023&quantity=1","Add To Trolley","Buy or Reserve Police To Be King for Men - 40ml Eau de Toilette.","http://www.argos.co.uk/webapp/wcs/stores/servlet/ArgosProductPurchaseNoJS?storeId=10151&langId=110&catalogId=25051&URL=OrderItemDisplay&errorViewName=ArgosGenericErrorView&catEntryId=1120132&partNumber=2391023&quantity=1","Buy or Reserve","Buy or Reserve Police To Be King for Men - 40ml Eau de Toilette.","http://www.argos.co.uk/static/Product/partNumber/2391023.htm","","more details on Police To Be King for Men - 40ml Eau de Toilette.","http://argos.scene7.com/is/image/Argos/2391023_R_SET?$Listers$","more details on Police To Be King for Men - 40ml Eau de Toilette.","Order now for delivery <span>within <span>2 days</span></span>","Reserve to collect in store","Compare"
"http://www.argos.co.uk/static/Product/partNumber/4388388.htm","Davidoff Cool Water for Men - 75ml Aftershave.","more details on Davidoff Cool Water for Men - 75ml Aftershave.","-75","","","4388388","19.99","http://www.argos.co.uk/wcsstore/argos/en_GB/siteAssets/images/fasttrack_icon.png","Fast Track","","","","","http://www.argos.co.uk/static/Product/partNumber/4388388.htm#pdpProductReviews","(22)","","http://www.argos.co.uk/wcsstore/argos/en_GB/images/rating/stars/rating-4_7.gif","","22","http://www.argos.co.uk/wcsstore/argos/en_GB/images/icon_collection_grey.png","","http://www.argos.co.uk/wcsstore/argos/en_GB/images/green_arrow.png","","http://www.argos.co.uk/wcsstore/argos/en_GB/images/icon_collection_disabled.png","","http://www.argos.co.uk/wcsstore/argos/en_GB/images/grey_arrow.gif","","http://www.argos.co.uk/wcsstore/argos/en_GB/images/icon_delivery_grey.png","","http://www.argos.co.uk/wcsstore/argos/en_GB/images/icon_delivery_disabled.png","","http://www.argos.co.uk/webapp/wcs/stores/servlet/ArgosProductPurchaseNoJS?storeId=10151&langId=110&catalogId=25051&URL=OrderItemDisplay&errorViewName=ArgosGenericErrorView&catEntryId=898528&partNumber=4388388&quantity=1","Add To Trolley","Buy or Reserve Davidoff Cool Water for Men - 75ml Aftershave.","http://www.argos.co.uk/webapp/wcs/stores/servlet/ArgosProductPurchaseNoJS?storeId=10151&langId=110&catalogId=25051&URL=OrderItemDisplay&errorViewName=ArgosGenericErrorView&catEntryId=898528&partNumber=4388388&quantity=1","Buy or Reserve","Buy or Reserve Davidoff Cool Water for Men - 75ml Aftershave.","http://www.argos.co.uk/static/Product/partNumber/4388388.htm","","more details on Davidoff Cool Water for Men - 75ml Aftershave.","http://argos.scene7.com/is/image/Argos/4388388_R_SET?$Listers$","more details on Davidoff Cool Water for Men - 75ml Aftershave.","Order now for delivery <span>within <span>2 days</span></span>","Reserve to collect in store","Compare"
"http://www.argos.co.uk/static/Product/partNumber/4382133.htm","Calvin Klein Obsession for Men - 30ml Eau de Toilette.","more details on Calvin Klein Obsession for Men - 30ml Eau de Toilette.","-30","","","4382133","19.99","http://www.argos.co.uk/wcsstore/argos/en_GB/siteAssets/images/fasttrack_icon.png","Fast Track","","","","","http://www.argos.co.uk/static/Product/partNumber/4382133.htm#pdpProductReviews","(11)","","http://www.argos.co.uk/wcsstore/argos/en_GB/images/rating/stars/rating-4_5.gif","","11","http://www.argos.co.uk/wcsstore/argos/en_GB/images/icon_collection_grey.png","","http://www.argos.co.uk/wcsstore/argos/en_GB/images/green_arrow.png","","http://www.argos.co.uk/wcsstore/argos/en_GB/images/icon_collection_disabled.png","","http://www.argos.co.uk/wcsstore/argos/en_GB/images/grey_arrow.gif","","http://www.argos.co.uk/wcsstore/argos/en_GB/images/icon_delivery_grey.png","","http://www.argos.co.uk/wcsstore/argos/en_GB/images/icon_delivery_disabled.png","","http://www.argos.co.uk/webapp/wcs/stores/servlet/ArgosProductPurchaseNoJS?storeId=10151&langId=110&catalogId=25051&URL=OrderItemDisplay&errorViewName=ArgosGenericErrorView&catEntryId=899512&partNumber=4382133&quantity=1","Add To Trolley","Buy or Reserve Calvin Klein Obsession for Men - 30ml Eau de Toilette.","http://www.argos.co.uk/webapp/wcs/stores/servlet/ArgosProductPurchaseNoJS?storeId=10151&langId=110&catalogId=25051&URL=OrderItemDisplay&errorViewName=ArgosGenericErrorView&catEntryId=899512&partNumber=4382133&quantity=1","Buy or Reserve","Buy or Reserve Calvin Klein Obsession for Men - 30ml Eau de Toilette.","http://www.argos.co.uk/static/Product/partNumber/4382133.htm","","more details on Calvin Klein Obsession for Men - 30ml Eau de Toilette.","http://argos.scene7.com/is/image/Argos/4382133_R_SET?$Listers$","more details on Calvin Klein Obsession for Men - 30ml Eau de Toilette.","Order now for delivery <span>within <span>2 days</span></span>","Reserve to collect in store","Compare"
"http://www.argos.co.uk/static/Product/partNumber/4387808.htm","Paco Rabanne Million for Men - 50ml Eau de Toilette.","more details on Paco Rabanne Million for Men - 50ml Eau de Toilette.","-50","http://www.argos.co.uk/wcsstore/argos/en_GB/images/p8/icon_dagger.gif","Excluded from the Argos 30 day money back guarantee.","4387808","36.99","http://www.argos.co.uk/wcsstore/argos/en_GB/siteAssets/images/fasttrack_icon.png","Fast Track","","","","","http://www.argos.co.uk/static/Product/partNumber/4387808.htm#pdpProductReviews","(34)","","http://www.argos.co.uk/wcsstore/argos/en_GB/images/rating/stars/rating-5_0.gif","","34","http://www.argos.co.uk/wcsstore/argos/en_GB/images/icon_collection_grey.png","","http://www.argos.co.uk/wcsstore/argos/en_GB/images/green_arrow.png","","http://www.argos.co.uk/wcsstore/argos/en_GB/images/icon_collection_disabled.png","","http://www.argos.co.uk/wcsstore/argos/en_GB/images/grey_arrow.gif","","http://www.argos.co.uk/wcsstore/argos/en_GB/images/icon_delivery_grey.png","","http://www.argos.co.uk/wcsstore/argos/en_GB/images/icon_delivery_disabled.png","","http://www.argos.co.uk/webapp/wcs/stores/servlet/ArgosProductPurchaseNoJS?storeId=10151&langId=110&catalogId=25051&URL=OrderItemDisplay&errorViewName=ArgosGenericErrorView&catEntryId=845514&partNumber=4387808&quantity=1","Add To Trolley","Buy or Reserve Paco Rabanne Million for Men - 50ml Eau de Toilette.","http://www.argos.co.uk/webapp/wcs/stores/servlet/ArgosProductPurchaseNoJS?storeId=10151&langId=110&catalogId=25051&URL=OrderItemDisplay&errorViewName=ArgosGenericErrorView&catEntryId=845514&partNumber=4387808&quantity=1","Buy or Reserve","Buy or Reserve Paco Rabanne Million for Men - 50ml Eau de Toilette.","http://www.argos.co.uk/static/Product/partNumber/4387808.htm","","more details on Paco Rabanne Million for Men - 50ml Eau de Toilette.","http://argos.scene7.com/is/image/Argos/4387808_R_SET?$Listers$","more details on Paco Rabanne Million for Men - 50ml Eau de Toilette.","Order now for delivery <span>within <span>2 days</span></span>","Reserve to collect in store","Compare"
"http://www.argos.co.uk/static/Product/partNumber/4837310.htm","David Beckham Beyond for Men - 90ml Eau de Toilette.","more details on David Beckham Beyond for Men - 90ml Eau de Toilette.","-90","http://www.argos.co.uk/wcsstore/argos/en_GB/images/p8/icon_dagger.gif","Excluded from the Argos 30 day money back guarantee.","4837310","19.99","http://www.argos.co.uk/wcsstore/argos/en_GB/siteAssets/images/fasttrack_icon.png","Fast Track","","","","","http://www.argos.co.uk/static/Product/partNumber/4837310.htm#pdpProductReviews","(2)","","http://www.argos.co.uk/wcsstore/argos/en_GB/images/rating/stars/rating-5_0.gif","","2","http://www.argos.co.uk/wcsstore/argos/en_GB/images/icon_collection_grey.png","","http://www.argos.co.uk/wcsstore/argos/en_GB/images/green_arrow.png","","http://www.argos.co.uk/wcsstore/argos/en_GB/images/icon_collection_disabled.png","","http://www.argos.co.uk/wcsstore/argos/en_GB/images/grey_arrow.gif","","http://www.argos.co.uk/wcsstore/argos/en_GB/images/icon_delivery_grey.png","","http://www.argos.co.uk/wcsstore/argos/en_GB/images/icon_delivery_disabled.png","","http://www.argos.co.uk/webapp/wcs/stores/servlet/ArgosProductPurchaseNoJS?storeId=10151&langId=110&catalogId=25051&URL=OrderItemDisplay&errorViewName=ArgosGenericErrorView&catEntryId=1401083&partNumber=4837310&quantity=1","Add To Trolley","Buy or Reserve David Beckham Beyond for Men - 90ml Eau de Toilette.","http://www.argos.co.uk/webapp/wcs/stores/servlet/ArgosProductPurchaseNoJS?storeId=10151&langId=110&catalogId=25051&URL=OrderItemDisplay&errorViewName=ArgosGenericErrorView&catEntryId=1401083&partNumber=4837310&quantity=1","Buy or Reserve","Buy or Reserve David Beckham Beyond for Men - 90ml Eau de Toilette.","http://www.argos.co.uk/static/Product/partNumber/4837310.htm","","more details on David Beckham Beyond for Men - 90ml Eau de Toilette.","http://argos.scene7.com/is/image/Argos/4837310_R_SET?$Listers$","more details on David Beckham Beyond for Men - 90ml Eau de Toilette.","Order now for delivery <span>within <span>2 days</span></span>","Reserve to collect in store","Compare"
"http://www.argos.co.uk/static/Product/partNumber/4759577.htm","Davidoff Adventure for Men - 100ml Eau de Toilette.","more details on Davidoff Adventure for Men - 100ml Eau de Toilette.","-100","","","4759577","19.99","http://www.argos.co.uk/wcsstore/argos/en_GB/siteAssets/images/fasttrack_icon.png","Fast Track","","","","","http://www.argos.co.uk/static/Product/partNumber/4759577.htm#pdpProductReviews","(2)","","http://www.argos.co.uk/wcsstore/argos/en_GB/images/rating/stars/rating-4_5.gif","","2","http://www.argos.co.uk/wcsstore/argos/en_GB/images/icon_collection_grey.png","","http://www.argos.co.uk/wcsstore/argos/en_GB/images/green_arrow.png","","http://www.argos.co.uk/wcsstore/argos/en_GB/images/icon_collection_disabled.png","","http://www.argos.co.uk/wcsstore/argos/en_GB/images/grey_arrow.gif","","http://www.argos.co.uk/wcsstore/argos/en_GB/images/icon_delivery_grey.png","","http://www.argos.co.uk/wcsstore/argos/en_GB/images/icon_delivery_disabled.png","","http://www.argos.co.uk/webapp/wcs/stores/servlet/ArgosProductPurchaseNoJS?storeId=10151&langId=110&catalogId=25051&URL=OrderItemDisplay&errorViewName=ArgosGenericErrorView&catEntryId=1403609&partNumber=4759577&quantity=1","Add To Trolley","Buy or Reserve Davidoff Adventure for Men - 100ml Eau de Toilette.","http://www.argos.co.uk/webapp/wcs/stores/servlet/ArgosProductPurchaseNoJS?storeId=10151&langId=110&catalogId=25051&URL=OrderItemDisplay&errorViewName=ArgosGenericErrorView&catEntryId=1403609&partNumber=4759577&quantity=1","Buy or Reserve","Buy or Reserve Davidoff Adventure for Men - 100ml Eau de Toilette.","http://www.argos.co.uk/static/Product/partNumber/4759577.htm","","more details on Davidoff Adventure for Men - 100ml Eau de Toilette.","http://argos.scene7.com/is/image/Argos/4759577_R_SET?$Listers$","more details on Davidoff Adventure for Men - 100ml Eau de Toilette.","Order now for delivery <span>within <span>2 days</span></span>","Reserve to collect in store","Compare"
"http://www.argos.co.uk/static/Product/partNumber/4819060.htm","Jimmy Choo Man for Men - 30ml Eau de Toilette.","more details on Jimmy Choo Man for Men - 30ml Eau de Toilette.","-30","http://www.argos.co.uk/wcsstore/argos/en_GB/images/p8/icon_dagger.gif","Excluded from the Argos 30 day money back guarantee.","4819060","24.99","http://www.argos.co.uk/wcsstore/argos/en_GB/siteAssets/images/fasttrack_icon.png","Fast Track","","","","","http://www.argos.co.uk/static/Product/partNumber/4819060.htm#pdpProductReviews","(2)","","http://www.argos.co.uk/wcsstore/argos/en_GB/images/rating/stars/rating-5_0.gif","","2","http://www.argos.co.uk/wcsstore/argos/en_GB/images/icon_collection_grey.png","","http://www.argos.co.uk/wcsstore/argos/en_GB/images/green_arrow.png","","http://www.argos.co.uk/wcsstore/argos/en_GB/images/icon_collection_disabled.png","","http://www.argos.co.uk/wcsstore/argos/en_GB/images/grey_arrow.gif","","http://www.argos.co.uk/wcsstore/argos/en_GB/images/icon_delivery_grey.png","","http://www.argos.co.uk/wcsstore/argos/en_GB/images/icon_delivery_disabled.png","","http://www.argos.co.uk/webapp/wcs/stores/servlet/ArgosProductPurchaseNoJS?storeId=10151&langId=110&catalogId=25051&URL=OrderItemDisplay&errorViewName=ArgosGenericErrorView&catEntryId=1403623&partNumber=4819060&quantity=1","Add To Trolley","Buy or Reserve Jimmy Choo Man for Men - 30ml Eau de Toilette.","http://www.argos.co.uk/webapp/wcs/stores/servlet/ArgosProductPurchaseNoJS?storeId=10151&langId=110&catalogId=25051&URL=OrderItemDisplay&errorViewName=ArgosGenericErrorView&catEntryId=1403623&partNumber=4819060&quantity=1","Buy or Reserve","Buy or Reserve Jimmy Choo Man for Men - 30ml Eau de Toilette.","http://www.argos.co.uk/static/Product/partNumber/4819060.htm","","more details on Jimmy Choo Man for Men - 30ml Eau de Toilette.","http://argos.scene7.com/is/image/Argos/4819060_R_SET?$Listers$","more details on Jimmy Choo Man for Men - 30ml Eau de Toilette.","Order now for delivery <span>within <span>2 days</span></span>","Reserve to collect in store","Compare"
"http://www.argos.co.uk/static/Product/partNumber/4486716.htm","Davidoff Cool Water for Men - 125ml Aftershave.","more details on Davidoff Cool Water for Men - 125ml Aftershave.","-125","","","4486716","49.99","http://www.argos.co.uk/wcsstore/argos/en_GB/siteAssets/images/fasttrack_icon.png","Fast Track","","","","","http://www.argos.co.uk/static/Product/partNumber/4486716.htm#pdpProductReviews","(27)","","http://www.argos.co.uk/wcsstore/argos/en_GB/images/rating/stars/rating-4_7.gif","","27","http://www.argos.co.uk/wcsstore/argos/en_GB/images/icon_collection_grey.png","","http://www.argos.co.uk/wcsstore/argos/en_GB/images/green_arrow.png","","http://www.argos.co.uk/wcsstore/argos/en_GB/images/icon_collection_disabled.png","","http://www.argos.co.uk/wcsstore/argos/en_GB/images/grey_arrow.gif","","http://www.argos.co.uk/wcsstore/argos/en_GB/images/icon_delivery_grey.png","","http://www.argos.co.uk/wcsstore/argos/en_GB/images/icon_delivery_disabled.png","","http://www.argos.co.uk/webapp/wcs/stores/servlet/ArgosProductPurchaseNoJS?storeId=10151&langId=110&catalogId=25051&URL=OrderItemDisplay&errorViewName=ArgosGenericErrorView&catEntryId=1378755&partNumber=4486716&quantity=1","Add To Trolley","Buy or Reserve Davidoff Cool Water for Men - 125ml Aftershave.","http://www.argos.co.uk/webapp/wcs/stores/servlet/ArgosProductPurchaseNoJS?storeId=10151&langId=110&catalogId=25051&URL=OrderItemDisplay&errorViewName=ArgosGenericErrorView&catEntryId=1378755&partNumber=4486716&quantity=1","Buy or Reserve","Buy or Reserve Davidoff Cool Water for Men - 125ml Aftershave.","http://www.argos.co.uk/static/Product/partNumber/4486716.htm","","more details on Davidoff Cool Water for Men - 125ml Aftershave.","http://argos.scene7.com/is/image/Argos/4486716_R_SET?$Listers$","more details on Davidoff Cool Water for Men - 125ml Aftershave.","Order now for delivery <span>within <span>2 days</span></span>","Reserve to collect in store","Compare"
"http://www.argos.co.uk/static/Product/partNumber/3824135.htm","Jimmy Choo Man for Men - 50ml Eau de Toilette.","more details on Jimmy Choo Man for Men - 50ml Eau de Toilette.","-50","http://www.argos.co.uk/wcsstore/argos/en_GB/images/p8/icon_dagger.gif","Excluded from the Argos 30 day money back guarantee.","3824135","34.99","http://www.argos.co.uk/wcsstore/argos/en_GB/siteAssets/images/fasttrack_icon.png","Fast Track","","","","","http://www.argos.co.uk/static/Product/partNumber/3824135.htm#pdpProductReviews","(9)","","http://www.argos.co.uk/wcsstore/argos/en_GB/images/rating/stars/rating-4_4.gif","","9","http://www.argos.co.uk/wcsstore/argos/en_GB/images/icon_collection_grey.png","","http://www.argos.co.uk/wcsstore/argos/en_GB/images/green_arrow.png","","http://www.argos.co.uk/wcsstore/argos/en_GB/images/icon_collection_disabled.png","","http://www.argos.co.uk/wcsstore/argos/en_GB/images/grey_arrow.gif","","http://www.argos.co.uk/wcsstore/argos/en_GB/images/icon_delivery_grey.png","","http://www.argos.co.uk/wcsstore/argos/en_GB/images/icon_delivery_disabled.png","","http://www.argos.co.uk/webapp/wcs/stores/servlet/ArgosProductPurchaseNoJS?storeId=10151&langId=110&catalogId=25051&URL=OrderItemDisplay&errorViewName=ArgosGenericErrorView&catEntryId=1304301&partNumber=3824135&quantity=1","Add To Trolley","Buy or Reserve Jimmy Choo Man for Men - 50ml Eau de Toilette.","http://www.argos.co.uk/webapp/wcs/stores/servlet/ArgosProductPurchaseNoJS?storeId=10151&langId=110&catalogId=25051&URL=OrderItemDisplay&errorViewName=ArgosGenericErrorView&catEntryId=1304301&partNumber=3824135&quantity=1","Buy or Reserve","Buy or Reserve Jimmy Choo Man for Men - 50ml Eau de Toilette.","http://www.argos.co.uk/static/Product/partNumber/3824135.htm","","more details on Jimmy Choo Man for Men - 50ml Eau de Toilette.","http://argos.scene7.com/is/image/Argos/3824135_R_SET?$Listers$","more details on Jimmy Choo Man for Men - 50ml Eau de Toilette.","Order now for delivery <span>within <span>2 days</span></span>","Reserve to collect in store","Compare"
"http://www.argos.co.uk/static/Product/partNumber/4389442.htm","Joop Homme for Men - 75ml Aftershave.","more details on Joop Homme for Men - 75ml Aftershave.","-75","","","4389442","15.23","http://www.argos.co.uk/wcsstore/argos/en_GB/siteAssets/images/fasttrack_icon.png","Fast Track","Was","24.99","Save Over £9.00","9","http://www.argos.co.uk/static/Product/partNumber/4389442.htm#pdpProductReviews","(56)","","http://www.argos.co.uk/wcsstore/argos/en_GB/images/rating/stars/rating-4_8.gif","","56","http://www.argos.co.uk/wcsstore/argos/en_GB/images/icon_collection_grey.png","","http://www.argos.co.uk/wcsstore/argos/en_GB/images/green_arrow.png","","http://www.argos.co.uk/wcsstore/argos/en_GB/images/icon_collection_disabled.png","","http://www.argos.co.uk/wcsstore/argos/en_GB/images/grey_arrow.gif","","http://www.argos.co.uk/wcsstore/argos/en_GB/images/icon_delivery_grey.png","","http://www.argos.co.uk/wcsstore/argos/en_GB/images/icon_delivery_disabled.png","","http://www.argos.co.uk/webapp/wcs/stores/servlet/ArgosProductPurchaseNoJS?storeId=10151&langId=110&catalogId=25051&URL=OrderItemDisplay&errorViewName=ArgosGenericErrorView&catEntryId=998108&partNumber=4389442&quantity=1","Add To Trolley","Buy or Reserve Joop Homme for Men - 75ml Aftershave.","http://www.argos.co.uk/webapp/wcs/stores/servlet/ArgosProductPurchaseNoJS?storeId=10151&langId=110&catalogId=25051&URL=OrderItemDisplay&errorViewName=ArgosGenericErrorView&catEntryId=998108&partNumber=4389442&quantity=1","Buy or Reserve","Buy or Reserve Joop Homme for Men - 75ml Aftershave.","http://www.argos.co.uk/static/Product/partNumber/4389442.htm","","more details on Joop Homme for Men - 75ml Aftershave.","http://argos.scene7.com/is/image/Argos/4389442_R_SET?$Listers$","more details on Joop Homme for Men - 75ml Aftershave.","Order now for delivery <span>within <span>2 days</span></span>","Reserve to collect in store","Compare"
"http://www.argos.co.uk/static/Product/partNumber/4380214.htm","Jean Paul Gaultier Le Male for Men - 75ml Eau de Toilette.","more details on Jean Paul Gaultier Le Male for Men - 75ml Eau de Toilette.","-75","http://www.argos.co.uk/wcsstore/argos/en_GB/images/p8/icon_dagger.gif","Excluded from the Argos 30 day money back guarantee.","4380214","29.99","http://www.argos.co.uk/wcsstore/argos/en_GB/siteAssets/images/fasttrack_icon.png","Fast Track","Was","33.99","Save £4.00","4","http://www.argos.co.uk/static/Product/partNumber/4380214.htm#pdpProductReviews","(376)","","http://www.argos.co.uk/wcsstore/argos/en_GB/images/rating/stars/rating-4_9.gif","","376","http://www.argos.co.uk/wcsstore/argos/en_GB/images/icon_collection_grey.png","","http://www.argos.co.uk/wcsstore/argos/en_GB/images/green_arrow.png","","http://www.argos.co.uk/wcsstore/argos/en_GB/images/icon_collection_disabled.png","","http://www.argos.co.uk/wcsstore/argos/en_GB/images/grey_arrow.gif","","http://www.argos.co.uk/wcsstore/argos/en_GB/images/icon_delivery_grey.png","","http://www.argos.co.uk/wcsstore/argos/en_GB/images/icon_delivery_disabled.png","","http://www.argos.co.uk/webapp/wcs/stores/servlet/ArgosProductPurchaseNoJS?storeId=10151&langId=110&catalogId=25051&URL=OrderItemDisplay&errorViewName=ArgosGenericErrorView&catEntryId=563462&partNumber=4380214&quantity=1","Add To Trolley","Buy or Reserve Jean Paul Gaultier Le Male for Men - 75ml Eau de Toilette.","http://www.argos.co.uk/webapp/wcs/stores/servlet/ArgosProductPurchaseNoJS?storeId=10151&langId=110&catalogId=25051&URL=OrderItemDisplay&errorViewName=ArgosGenericErrorView&catEntryId=563462&partNumber=4380214&quantity=1","Buy or Reserve","Buy or Reserve Jean Paul Gaultier Le Male for Men - 75ml Eau de Toilette.","http://www.argos.co.uk/static/Product/partNumber/4380214.htm","","more details on Jean Paul Gaultier Le Male for Men - 75ml Eau de Toilette.","http://argos.scene7.com/is/image/Argos/4380214_R_SET?$Listers$","more details on Jean Paul Gaultier Le Male for Men - 75ml Eau de Toilette.","Order now for delivery <span>within <span>2 days</span></span>","Reserve to collect in store","Compare"
"http://www.argos.co.uk/static/Product/partNumber/4381653.htm","5 Piece Men's Fragrance Gift Set.","more details on 5 Piece Men's Fragrance Gift Set.","5","","","4381653","19.99","http://www.argos.co.uk/wcsstore/argos/en_GB/siteAssets/images/fasttrack_icon.png","Fast Track","","","","","http://www.argos.co.uk/static/Product/partNumber/4381653.htm#pdpProductReviews","(68)","","http://www.argos.co.uk/wcsstore/argos/en_GB/images/rating/stars/rating-4_1.gif","","68","http://www.argos.co.uk/wcsstore/argos/en_GB/images/icon_collection_grey.png","","http://www.argos.co.uk/wcsstore/argos/en_GB/images/green_arrow.png","","http://www.argos.co.uk/wcsstore/argos/en_GB/images/icon_collection_disabled.png","","http://www.argos.co.uk/wcsstore/argos/en_GB/images/grey_arrow.gif","","http://www.argos.co.uk/wcsstore/argos/en_GB/images/icon_delivery_grey.png","","http://www.argos.co.uk/wcsstore/argos/en_GB/images/icon_delivery_disabled.png","","http://www.argos.co.uk/webapp/wcs/stores/servlet/ArgosProductPurchaseNoJS?storeId=10151&langId=110&catalogId=25051&URL=OrderItemDisplay&errorViewName=ArgosGenericErrorView&catEntryId=563530&partNumber=4381653&quantity=1","Add To Trolley","Buy or Reserve 5 Piece Men's Fragrance Gift Set.","http://www.argos.co.uk/webapp/wcs/stores/servlet/ArgosProductPurchaseNoJS?storeId=10151&langId=110&catalogId=25051&URL=OrderItemDisplay&errorViewName=ArgosGenericErrorView&catEntryId=563530&partNumber=4381653&quantity=1","Buy or Reserve","Buy or Reserve 5 Piece Men's Fragrance Gift Set.","http://www.argos.co.uk/static/Product/partNumber/4381653.htm","","more details on 5 Piece Men's Fragrance Gift Set.","http://argos.scene7.com/is/image/Argos/4381653_R_SET?$Listers$","more details on 5 Piece Men's Fragrance Gift Set.","Currently out of stock for delivery","Reserve to collect in store","Compare"
"http://www.argos.co.uk/static/Product/partNumber/3564385.htm","Paco Rabanne Invictus for Men - 50ml Eau de Toilette.","more details on Paco Rabanne Invictus for Men - 50ml Eau de Toilette.","-50","","","3564385","39.5","http://www.argos.co.uk/wcsstore/argos/en_GB/siteAssets/images/fasttrack_icon.png","Fast Track","","","","","http://www.argos.co.uk/static/Product/partNumber/3564385.htm#pdpProductReviews","(15)","","http://www.argos.co.uk/wcsstore/argos/en_GB/images/rating/stars/rating-4_9.gif","","15","http://www.argos.co.uk/wcsstore/argos/en_GB/images/icon_collection_grey.png","","http://www.argos.co.uk/wcsstore/argos/en_GB/images/green_arrow.png","","http://www.argos.co.uk/wcsstore/argos/en_GB/images/icon_collection_disabled.png","","http://www.argos.co.uk/wcsstore/argos/en_GB/images/grey_arrow.gif","","http://www.argos.co.uk/wcsstore/argos/en_GB/images/icon_delivery_grey.png","","http://www.argos.co.uk/wcsstore/argos/en_GB/images/icon_delivery_disabled.png","","http://www.argos.co.uk/webapp/wcs/stores/servlet/ArgosProductPurchaseNoJS?storeId=10151&langId=110&catalogId=25051&URL=OrderItemDisplay&errorViewName=ArgosGenericErrorView&catEntryId=1258356&partNumber=3564385&quantity=1","Add To Trolley","Buy or Reserve Paco Rabanne Invictus for Men - 50ml Eau de Toilette.","http://www.argos.co.uk/webapp/wcs/stores/servlet/ArgosProductPurchaseNoJS?storeId=10151&langId=110&catalogId=25051&URL=OrderItemDisplay&errorViewName=ArgosGenericErrorView&catEntryId=1258356&partNumber=3564385&quantity=1","Buy or Reserve","Buy or Reserve Paco Rabanne Invictus for Men - 50ml Eau de Toilette.","http://www.argos.co.uk/static/Product/partNumber/3564385.htm","","more details on Paco Rabanne Invictus for Men - 50ml Eau de Toilette.","http://argos.scene7.com/is/image/Argos/3564385_R_SET?$Listers$","more details on Paco Rabanne Invictus for Men - 50ml Eau de Toilette.","Currently out of stock for delivery","Reserve to collect in store","Compare"
"http://www.argos.co.uk/static/Product/partNumber/2465272.htm","Diesel Only the Brave Tattoo for Men - 50ml Eau de Toilette.","more details on Diesel Only the Brave Tattoo for Men - 50ml Eau de Toilette.","-50","","","2465272","37.99","http://www.argos.co.uk/wcsstore/argos/en_GB/siteAssets/images/fasttrack_icon.png","Fast Track","","","","","http://www.argos.co.uk/static/Product/partNumber/2465272.htm#pdpProductReviews","(8)","","http://www.argos.co.uk/wcsstore/argos/en_GB/images/rating/stars/rating-5_0.gif","","8","http://www.argos.co.uk/wcsstore/argos/en_GB/images/icon_collection_grey.png","","http://www.argos.co.uk/wcsstore/argos/en_GB/images/green_arrow.png","","http://www.argos.co.uk/wcsstore/argos/en_GB/images/icon_collection_disabled.png","","http://www.argos.co.uk/wcsstore/argos/en_GB/images/grey_arrow.gif","","http://www.argos.co.uk/wcsstore/argos/en_GB/images/icon_delivery_grey.png","","http://www.argos.co.uk/wcsstore/argos/en_GB/images/icon_delivery_disabled.png","","http://www.argos.co.uk/webapp/wcs/stores/servlet/ArgosProductPurchaseNoJS?storeId=10151&langId=110&catalogId=25051&URL=OrderItemDisplay&errorViewName=ArgosGenericErrorView&catEntryId=1121552&partNumber=2465272&quantity=1","Add To Trolley","Buy or Reserve Diesel Only the Brave Tattoo for Men - 50ml Eau de Toilette.","http://www.argos.co.uk/webapp/wcs/stores/servlet/ArgosProductPurchaseNoJS?storeId=10151&langId=110&catalogId=25051&URL=OrderItemDisplay&errorViewName=ArgosGenericErrorView&catEntryId=1121552&partNumber=2465272&quantity=1","Buy or Reserve","Buy or Reserve Diesel Only the Brave Tattoo for Men - 50ml Eau de Toilette.","http://www.argos.co.uk/static/Product/partNumber/2465272.htm","","more details on Diesel Only the Brave Tattoo for Men - 50ml Eau de Toilette.","http://argos.scene7.com/is/image/Argos/2465272_R_SET?$Listers$","more details on Diesel Only the Brave Tattoo for Men - 50ml Eau de Toilette.","Order now for delivery <span>within <span>2 days</span></span>","Reserve to collect in store","Compare"
"http://www.argos.co.uk/static/Product/partNumber/2289489.htm","Jean Paul Gaultier for Men - 125ml Eau de Toilette.","more details on Jean Paul Gaultier for Men - 125ml Eau de Toilette.","-125","http://www.argos.co.uk/wcsstore/argos/en_GB/images/p8/icon_dagger.gif","Excluded from the Argos 30 day money back guarantee.","2289489","44.99","http://www.argos.co.uk/wcsstore/argos/en_GB/siteAssets/images/fasttrack_icon.png","Fast Track","Was","49.99","Save 10%","","http://www.argos.co.uk/static/Product/partNumber/2289489.htm#pdpProductReviews","(22)","","http://www.argos.co.uk/wcsstore/argos/en_GB/images/rating/stars/rating-4_8.gif","","22","http://www.argos.co.uk/wcsstore/argos/en_GB/images/icon_collection_grey.png","","http://www.argos.co.uk/wcsstore/argos/en_GB/images/green_arrow.png","","http://www.argos.co.uk/wcsstore/argos/en_GB/images/icon_collection_disabled.png","","http://www.argos.co.uk/wcsstore/argos/en_GB/images/grey_arrow.gif","","http://www.argos.co.uk/wcsstore/argos/en_GB/images/icon_delivery_grey.png","","http://www.argos.co.uk/wcsstore/argos/en_GB/images/icon_delivery_disabled.png","","http://www.argos.co.uk/webapp/wcs/stores/servlet/ArgosProductPurchaseNoJS?storeId=10151&langId=110&catalogId=25051&URL=OrderItemDisplay&errorViewName=ArgosGenericErrorView&catEntryId=1153480&partNumber=2289489&quantity=1","Add To Trolley","Buy or Reserve Jean Paul Gaultier for Men - 125ml Eau de Toilette.","http://www.argos.co.uk/webapp/wcs/stores/servlet/ArgosProductPurchaseNoJS?storeId=10151&langId=110&catalogId=25051&URL=OrderItemDisplay&errorViewName=ArgosGenericErrorView&catEntryId=1153480&partNumber=2289489&quantity=1","Buy or Reserve","Buy or Reserve Jean Paul Gaultier for Men - 125ml Eau de Toilette.","http://www.argos.co.uk/static/Product/partNumber/2289489.htm","","more details on Jean Paul Gaultier for Men - 125ml Eau de Toilette.","http://argos.scene7.com/is/image/Argos/2289489_R_SET?$Listers$","more details on Jean Paul Gaultier for Men - 125ml Eau de Toilette.","Order now for delivery <span>within <span>2 days</span></span>","Reserve to collect in store","Compare"
"http://www.argos.co.uk/static/Product/partNumber/2397144.htm","Paco Rabanne 1 Million for Men - 100ml Eau de Toilette.","more details on Paco Rabanne 1 Million for Men - 100ml Eau de Toilette.","1; -100","http://www.argos.co.uk/wcsstore/argos/en_GB/images/p8/icon_dagger.gif","Excluded from the Argos 30 day money back guarantee.","2397144","52.99","http://www.argos.co.uk/wcsstore/argos/en_GB/siteAssets/images/fasttrack_icon.png","Fast Track","","","","","http://www.argos.co.uk/static/Product/partNumber/2397144.htm#pdpProductReviews","(16)","","http://www.argos.co.uk/wcsstore/argos/en_GB/images/rating/stars/rating-5_0.gif","","16","http://www.argos.co.uk/wcsstore/argos/en_GB/images/icon_collection_grey.png","","http://www.argos.co.uk/wcsstore/argos/en_GB/images/green_arrow.png","","http://www.argos.co.uk/wcsstore/argos/en_GB/images/icon_collection_disabled.png","","http://www.argos.co.uk/wcsstore/argos/en_GB/images/grey_arrow.gif","","http://www.argos.co.uk/wcsstore/argos/en_GB/images/icon_delivery_grey.png","","http://www.argos.co.uk/wcsstore/argos/en_GB/images/icon_delivery_disabled.png","","http://www.argos.co.uk/webapp/wcs/stores/servlet/ArgosProductPurchaseNoJS?storeId=10151&langId=110&catalogId=25051&URL=OrderItemDisplay&errorViewName=ArgosGenericErrorView&catEntryId=1153502&partNumber=2397144&quantity=1","Add To Trolley","Buy or Reserve Paco Rabanne 1 Million for Men - 100ml Eau de Toilette.","http://www.argos.co.uk/webapp/wcs/stores/servlet/ArgosProductPurchaseNoJS?storeId=10151&langId=110&catalogId=25051&URL=OrderItemDisplay&errorViewName=ArgosGenericErrorView&catEntryId=1153502&partNumber=2397144&quantity=1","Buy or Reserve","Buy or Reserve Paco Rabanne 1 Million for Men - 100ml Eau de Toilette.","http://www.argos.co.uk/static/Product/partNumber/2397144.htm","","more details on Paco Rabanne 1 Million for Men - 100ml Eau de Toilette.","http://argos.scene7.com/is/image/Argos/2397144_R_SET?$Listers$","more details on Paco Rabanne 1 Million for Men - 100ml Eau de Toilette.","Order now for delivery <span>within <span>2 days</span></span>","Reserve to collect in store","Compare"
"http://www.argos.co.uk/static/Product/partNumber/2282259.htm","DKNY Male for Men - 30ml Eau de Toilette.","more details on DKNY Male for Men - 30ml Eau de Toilette.","-30","","","2282259","19.99","http://www.argos.co.uk/wcsstore/argos/en_GB/siteAssets/images/fasttrack_icon.png","Fast Track","","","","","http://www.argos.co.uk/static/Product/partNumber/2282259.htm#pdpProductReviews","(13)","","http://www.argos.co.uk/wcsstore/argos/en_GB/images/rating/stars/rating-4_8.gif","","13","http://www.argos.co.uk/wcsstore/argos/en_GB/images/icon_collection_grey.png","","http://www.argos.co.uk/wcsstore/argos/en_GB/images/green_arrow.png","","http://www.argos.co.uk/wcsstore/argos/en_GB/images/icon_collection_disabled.png","","http://www.argos.co.uk/wcsstore/argos/en_GB/images/grey_arrow.gif","","http://www.argos.co.uk/wcsstore/argos/en_GB/images/icon_delivery_grey.png","","http://www.argos.co.uk/wcsstore/argos/en_GB/images/icon_delivery_disabled.png","","http://www.argos.co.uk/webapp/wcs/stores/servlet/ArgosProductPurchaseNoJS?storeId=10151&langId=110&catalogId=25051&URL=OrderItemDisplay&errorViewName=ArgosGenericErrorView&catEntryId=1153508&partNumber=2282259&quantity=1","Add To Trolley","Buy or Reserve DKNY Male for Men - 30ml Eau de Toilette.","http://www.argos.co.uk/webapp/wcs/stores/servlet/ArgosProductPurchaseNoJS?storeId=10151&langId=110&catalogId=25051&URL=OrderItemDisplay&errorViewName=ArgosGenericErrorView&catEntryId=1153508&partNumber=2282259&quantity=1","Buy or Reserve","Buy or Reserve DKNY Male for Men - 30ml Eau de Toilette.","http://www.argos.co.uk/static/Product/partNumber/2282259.htm","","more details on DKNY Male for Men - 30ml Eau de Toilette.","http://argos.scene7.com/is/image/Argos/2282259_R_SET?$Listers$","more details on DKNY Male for Men - 30ml Eau de Toilette.","Order now for delivery <span>within <span>2 days</span></span>","Reserve to collect in store","Compare"
"http://www.argos.co.uk/static/Product/partNumber/4389552.htm","Joop! Jump for Men - 100ml Eau de Toilette.","more details on Joop! Jump for Men - 100ml Eau de Toilette.","-100","","","4389552","26.99","http://www.argos.co.uk/wcsstore/argos/en_GB/siteAssets/images/fasttrack_icon.png","Fast Track","","","","","http://www.argos.co.uk/static/Product/partNumber/4389552.htm#pdpProductReviews","(27)","","http://www.argos.co.uk/wcsstore/argos/en_GB/images/rating/stars/rating-4_8.gif","","27","http://www.argos.co.uk/wcsstore/argos/en_GB/images/icon_collection_grey.png","","http://www.argos.co.uk/wcsstore/argos/en_GB/images/green_arrow.png","","http://www.argos.co.uk/wcsstore/argos/en_GB/images/icon_collection_disabled.png","","http://www.argos.co.uk/wcsstore/argos/en_GB/images/grey_arrow.gif","","http://www.argos.co.uk/wcsstore/argos/en_GB/images/icon_delivery_grey.png","","http://www.argos.co.uk/wcsstore/argos/en_GB/images/icon_delivery_disabled.png","","http://www.argos.co.uk/webapp/wcs/stores/servlet/ArgosProductPurchaseNoJS?storeId=10151&langId=110&catalogId=25051&URL=OrderItemDisplay&errorViewName=ArgosGenericErrorView&catEntryId=998060&partNumber=4389552&quantity=1","Add To Trolley","Buy or Reserve Joop! Jump for Men - 100ml Eau de Toilette.","http://www.argos.co.uk/webapp/wcs/stores/servlet/ArgosProductPurchaseNoJS?storeId=10151&langId=110&catalogId=25051&URL=OrderItemDisplay&errorViewName=ArgosGenericErrorView&catEntryId=998060&partNumber=4389552&quantity=1","Buy or Reserve","Buy or Reserve Joop! Jump for Men - 100ml Eau de Toilette.","http://www.argos.co.uk/static/Product/partNumber/4389552.htm","","more details on Joop! Jump for Men - 100ml Eau de Toilette.","http://argos.scene7.com/is/image/Argos/4389552_R_SET?$Listers$","more details on Joop! Jump for Men - 100ml Eau de Toilette.","Order now for delivery <span>within <span>2 days</span></span>","Reserve to collect in store","Compare"
"http://www.argos.co.uk/static/Product/partNumber/4389538.htm","Armani Code for Men - 50ml Eau de Toilette.","more details on Armani Code for Men - 50ml Eau de Toilette.","-50","","","4389538","44.99","http://www.argos.co.uk/wcsstore/argos/en_GB/siteAssets/images/fasttrack_icon.png","Fast Track","","","","","http://www.argos.co.uk/static/Product/partNumber/4389538.htm#pdpProductReviews","(9)","","http://www.argos.co.uk/wcsstore/argos/en_GB/images/rating/stars/rating-4_9.gif","","9","http://www.argos.co.uk/wcsstore/argos/en_GB/images/icon_collection_grey.png","","http://www.argos.co.uk/wcsstore/argos/en_GB/images/green_arrow.png","","http://www.argos.co.uk/wcsstore/argos/en_GB/images/icon_collection_disabled.png","","http://www.argos.co.uk/wcsstore/argos/en_GB/images/grey_arrow.gif","","http://www.argos.co.uk/wcsstore/argos/en_GB/images/icon_delivery_grey.png","","http://www.argos.co.uk/wcsstore/argos/en_GB/images/icon_delivery_disabled.png","","http://www.argos.co.uk/webapp/wcs/stores/servlet/ArgosProductPurchaseNoJS?storeId=10151&langId=110&catalogId=25051&URL=OrderItemDisplay&errorViewName=ArgosGenericErrorView&catEntryId=998066&partNumber=4389538&quantity=1","Add To Trolley","Buy or Reserve Armani Code for Men - 50ml Eau de Toilette.","http://www.argos.co.uk/webapp/wcs/stores/servlet/ArgosProductPurchaseNoJS?storeId=10151&langId=110&catalogId=25051&URL=OrderItemDisplay&errorViewName=ArgosGenericErrorView&catEntryId=998066&partNumber=4389538&quantity=1","Buy or Reserve","Buy or Reserve Armani Code for Men - 50ml Eau de Toilette.","http://www.argos.co.uk/static/Product/partNumber/4389538.htm","","more details on Armani Code for Men - 50ml Eau de Toilette.","http://argos.scene7.com/is/image/Argos/4389538_R_SET?$Listers$","more details on Armani Code for Men - 50ml Eau de Toilette.","Order now for delivery <span>within <span>2 days</span></span>","Reserve to collect in store","Compare"
"http://www.argos.co.uk/static/Product/partNumber/4389507.htm","Police for Men - 100ml Eau de Toilette.","more details on Police for Men - 100ml Eau de Toilette.","-100","","","4389507","12.99","http://www.argos.co.uk/wcsstore/argos/en_GB/siteAssets/images/fasttrack_icon.png","Fast Track","","","","","http://www.argos.co.uk/static/Product/partNumber/4389507.htm#pdpProductReviews","(24)","","http://www.argos.co.uk/wcsstore/argos/en_GB/images/rating/stars/rating-4_6.gif","","24","http://www.argos.co.uk/wcsstore/argos/en_GB/images/icon_collection_grey.png","","http://www.argos.co.uk/wcsstore/argos/en_GB/images/green_arrow.png","","http://www.argos.co.uk/wcsstore/argos/en_GB/images/icon_collection_disabled.png","","http://www.argos.co.uk/wcsstore/argos/en_GB/images/grey_arrow.gif","","http://www.argos.co.uk/wcsstore/argos/en_GB/images/icon_delivery_grey.png","","http://www.argos.co.uk/wcsstore/argos/en_GB/images/icon_delivery_disabled.png","","http://www.argos.co.uk/webapp/wcs/stores/servlet/ArgosProductPurchaseNoJS?storeId=10151&langId=110&catalogId=25051&URL=OrderItemDisplay&errorViewName=ArgosGenericErrorView&catEntryId=998086&partNumber=4389507&quantity=1","Add To Trolley","Buy or Reserve Police for Men - 100ml Eau de Toilette.","http://www.argos.co.uk/webapp/wcs/stores/servlet/ArgosProductPurchaseNoJS?storeId=10151&langId=110&catalogId=25051&URL=OrderItemDisplay&errorViewName=ArgosGenericErrorView&catEntryId=998086&partNumber=4389507&quantity=1","Buy or Reserve","Buy or Reserve Police for Men - 100ml Eau de Toilette.","http://www.argos.co.uk/static/Product/partNumber/4389507.htm","","more details on Police for Men - 100ml Eau de Toilette.","http://argos.scene7.com/is/image/Argos/4389507_R_SET?$Listers$","more details on Police for Men - 100ml Eau de Toilette.","Order now for delivery <span>within <span>2 days</span></span>","Reserve to collect in store","Compare"
"http://www.argos.co.uk/static/Product/partNumber/4380441.htm","Issey Miyake for Men - 75ml Eau de Toilette.","more details on Issey Miyake for Men - 75ml Eau de Toilette.","-75","","","4380441","37.99","http://www.argos.co.uk/wcsstore/argos/en_GB/siteAssets/images/fasttrack_icon.png","Fast Track","Was","39.99","Save £2.00","2","http://www.argos.co.uk/static/Product/partNumber/4380441.htm#pdpProductReviews","(26)","","http://www.argos.co.uk/wcsstore/argos/en_GB/images/rating/stars/rating-4_8.gif","","26","http://www.argos.co.uk/wcsstore/argos/en_GB/images/icon_collection_grey.png","","http://www.argos.co.uk/wcsstore/argos/en_GB/images/green_arrow.png","","http://www.argos.co.uk/wcsstore/argos/en_GB/images/icon_collection_disabled.png","","http://www.argos.co.uk/wcsstore/argos/en_GB/images/grey_arrow.gif","","http://www.argos.co.uk/wcsstore/argos/en_GB/images/icon_delivery_grey.png","","http://www.argos.co.uk/wcsstore/argos/en_GB/images/icon_delivery_disabled.png","","http://www.argos.co.uk/webapp/wcs/stores/servlet/ArgosProductPurchaseNoJS?storeId=10151&langId=110&catalogId=25051&URL=OrderItemDisplay&errorViewName=ArgosGenericErrorView&catEntryId=563460&partNumber=4380441&quantity=1","Add To Trolley","Buy or Reserve Issey Miyake for Men - 75ml Eau de Toilette.","http://www.argos.co.uk/webapp/wcs/stores/servlet/ArgosProductPurchaseNoJS?storeId=10151&langId=110&catalogId=25051&URL=OrderItemDisplay&errorViewName=ArgosGenericErrorView&catEntryId=563460&partNumber=4380441&quantity=1","Buy or Reserve","Buy or Reserve Issey Miyake for Men - 75ml Eau de Toilette.","http://www.argos.co.uk/static/Product/partNumber/4380441.htm","","more details on Issey Miyake for Men - 75ml Eau de Toilette.","http://argos.scene7.com/is/image/Argos/4380441_R_SET?$Listers$","more details on Issey Miyake for Men - 75ml Eau de Toilette.","Order now for delivery <span>within <span>2 days</span></span>","Reserve to collect in store","Compare"
"http://www.argos.co.uk/static/Product/partNumber/4385226.htm","CK One for Men and Women - 100ml Eau de Toilette.","more details on CK One for Men and Women - 100ml Eau de Toilette.","-100","","","4385226","24.99","http://www.argos.co.uk/wcsstore/argos/en_GB/siteAssets/images/fasttrack_icon.png","Fast Track","","","","","http://www.argos.co.uk/static/Product/partNumber/4385226.htm#pdpProductReviews","(23)","","http://www.argos.co.uk/wcsstore/argos/en_GB/images/rating/stars/rating-4_7.gif","","23","http://www.argos.co.uk/wcsstore/argos/en_GB/images/icon_collection_grey.png","","http://www.argos.co.uk/wcsstore/argos/en_GB/images/green_arrow.png","","http://www.argos.co.uk/wcsstore/argos/en_GB/images/icon_collection_disabled.png","","http://www.argos.co.uk/wcsstore/argos/en_GB/images/grey_arrow.gif","","http://www.argos.co.uk/wcsstore/argos/en_GB/images/icon_delivery_grey.png","","http://www.argos.co.uk/wcsstore/argos/en_GB/images/icon_delivery_disabled.png","","http://www.argos.co.uk/webapp/wcs/stores/servlet/ArgosProductPurchaseNoJS?storeId=10151&langId=110&catalogId=25051&URL=OrderItemDisplay&errorViewName=ArgosGenericErrorView&catEntryId=563816&partNumber=4385226&quantity=1","Add To Trolley","Buy or Reserve CK One for Men and Women - 100ml Eau de Toilette.","http://www.argos.co.uk/webapp/wcs/stores/servlet/ArgosProductPurchaseNoJS?storeId=10151&langId=110&catalogId=25051&URL=OrderItemDisplay&errorViewName=ArgosGenericErrorView&catEntryId=563816&partNumber=4385226&quantity=1","Buy or Reserve","Buy or Reserve CK One for Men and Women - 100ml Eau de Toilette.","http://www.argos.co.uk/static/Product/partNumber/4385226.htm","","more details on CK One for Men and Women - 100ml Eau de Toilette.","http://argos.scene7.com/is/image/Argos/4385226_R_SET?$Listers$","more details on CK One for Men and Women - 100ml Eau de Toilette.","Order now for delivery <span>within <span>2 days</span></span>","Reserve to collect in store","Compare"
"http://www.argos.co.uk/static/Product/partNumber/4385350.htm","Brut Men's 2 Piece Fragrance Gift Set.","more details on Brut Men's 2 Piece Fragrance Gift Set.","2","","","4385350","6.99","http://www.argos.co.uk/wcsstore/argos/en_GB/siteAssets/images/fasttrack_icon.png","Fast Track","","","","","http://www.argos.co.uk/static/Product/partNumber/4385350.htm#pdpProductReviews","(26)","","http://www.argos.co.uk/wcsstore/argos/en_GB/images/rating/stars/rating-4_7.gif","","26","http://www.argos.co.uk/wcsstore/argos/en_GB/images/icon_collection_grey.png","","http://www.argos.co.uk/wcsstore/argos/en_GB/images/green_arrow.png","","http://www.argos.co.uk/wcsstore/argos/en_GB/images/icon_collection_disabled.png","","http://www.argos.co.uk/wcsstore/argos/en_GB/images/grey_arrow.gif","","http://www.argos.co.uk/wcsstore/argos/en_GB/images/icon_delivery_grey.png","","http://www.argos.co.uk/wcsstore/argos/en_GB/images/icon_delivery_disabled.png","","http://www.argos.co.uk/webapp/wcs/stores/servlet/ArgosProductPurchaseNoJS?storeId=10151&langId=110&catalogId=25051&URL=OrderItemDisplay&errorViewName=ArgosGenericErrorView&catEntryId=565514&partNumber=4385350&quantity=1","Add To Trolley","Buy or Reserve Brut Men's 2 Piece Fragrance Gift Set.","http://www.argos.co.uk/webapp/wcs/stores/servlet/ArgosProductPurchaseNoJS?storeId=10151&langId=110&catalogId=25051&URL=OrderItemDisplay&errorViewName=ArgosGenericErrorView&catEntryId=565514&partNumber=4385350&quantity=1","Buy or Reserve","Buy or Reserve Brut Men's 2 Piece Fragrance Gift Set.","http://www.argos.co.uk/static/Product/partNumber/4385350.htm","","more details on Brut Men's 2 Piece Fragrance Gift Set.","http://argos.scene7.com/is/image/Argos/4385350_R_SET?$Listers$","more details on Brut Men's 2 Piece Fragrance Gift Set.","Order now for delivery <span>within <span>2 days</span></span>","Reserve to collect in store","Compare"
"http://www.argos.co.uk/static/Product/partNumber/4385336.htm","Old Spice 2 Piece Men's Fragrance Gift Set.","more details on Old Spice 2 Piece Men's Fragrance Gift Set.","2","","","4385336","7.99","http://www.argos.co.uk/wcsstore/argos/en_GB/siteAssets/images/fasttrack_icon.png","Fast Track","","","","","http://www.argos.co.uk/static/Product/partNumber/4385336.htm#pdpProductReviews","(34)","","http://www.argos.co.uk/wcsstore/argos/en_GB/images/rating/stars/rating-4_7.gif","","34","http://www.argos.co.uk/wcsstore/argos/en_GB/images/icon_collection_grey.png","","http://www.argos.co.uk/wcsstore/argos/en_GB/images/green_arrow.png","","http://www.argos.co.uk/wcsstore/argos/en_GB/images/icon_collection_disabled.png","","http://www.argos.co.uk/wcsstore/argos/en_GB/images/grey_arrow.gif","","http://www.argos.co.uk/wcsstore/argos/en_GB/images/icon_delivery_grey.png","","http://www.argos.co.uk/wcsstore/argos/en_GB/images/icon_delivery_disabled.png","","http://www.argos.co.uk/webapp/wcs/stores/servlet/ArgosProductPurchaseNoJS?storeId=10151&langId=110&catalogId=25051&URL=OrderItemDisplay&errorViewName=ArgosGenericErrorView&catEntryId=565522&partNumber=4385336&quantity=1","Add To Trolley","Buy or Reserve Old Spice 2 Piece Men's Fragrance Gift Set.","http://www.argos.co.uk/webapp/wcs/stores/servlet/ArgosProductPurchaseNoJS?storeId=10151&langId=110&catalogId=25051&URL=OrderItemDisplay&errorViewName=ArgosGenericErrorView&catEntryId=565522&partNumber=4385336&quantity=1","Buy or Reserve","Buy or Reserve Old Spice 2 Piece Men's Fragrance Gift Set.","http://www.argos.co.uk/static/Product/partNumber/4385336.htm","","more details on Old Spice 2 Piece Men's Fragrance Gift Set.","http://argos.scene7.com/is/image/Argos/4385336_R_SET?$Listers$","more details on Old Spice 2 Piece Men's Fragrance Gift Set.","Order now for delivery <span>within <span>2 days</span></span>","Reserve to collect in store","Compare"
"http://www.argos.co.uk/static/Product/partNumber/4387822.htm","Diesel Only the Brave for Men - 35ml Eau de Toilette.","more details on Diesel Only the Brave for Men - 35ml Eau de Toilette.","-35","","","4387822","34.99","http://www.argos.co.uk/wcsstore/argos/en_GB/siteAssets/images/fasttrack_icon.png","Fast Track","","","","","http://www.argos.co.uk/static/Product/partNumber/4387822.htm#pdpProductReviews","(26)","","http://www.argos.co.uk/wcsstore/argos/en_GB/images/rating/stars/rating-4_8.gif","","26","http://www.argos.co.uk/wcsstore/argos/en_GB/images/icon_collection_grey.png","","http://www.argos.co.uk/wcsstore/argos/en_GB/images/green_arrow.png","","http://www.argos.co.uk/wcsstore/argos/en_GB/images/icon_collection_disabled.png","","http://www.argos.co.uk/wcsstore/argos/en_GB/images/grey_arrow.gif","","http://www.argos.co.uk/wcsstore/argos/en_GB/images/icon_delivery_grey.png","","http://www.argos.co.uk/wcsstore/argos/en_GB/images/icon_delivery_disabled.png","","http://www.argos.co.uk/webapp/wcs/stores/servlet/ArgosProductPurchaseNoJS?storeId=10151&langId=110&catalogId=25051&URL=OrderItemDisplay&errorViewName=ArgosGenericErrorView&catEntryId=846012&partNumber=4387822&quantity=1","Add To Trolley","Buy or Reserve Diesel Only the Brave for Men - 35ml Eau de Toilette.","http://www.argos.co.uk/webapp/wcs/stores/servlet/ArgosProductPurchaseNoJS?storeId=10151&langId=110&catalogId=25051&URL=OrderItemDisplay&errorViewName=ArgosGenericErrorView&catEntryId=846012&partNumber=4387822&quantity=1","Buy or Reserve","Buy or Reserve Diesel Only the Brave for Men - 35ml Eau de Toilette.","http://www.argos.co.uk/static/Product/partNumber/4387822.htm","","more details on Diesel Only the Brave for Men - 35ml Eau de Toilette.","http://argos.scene7.com/is/image/Argos/4387822_R_SET?$Listers$","more details on Diesel Only the Brave for Men - 35ml Eau de Toilette.","Order now for delivery <span>within <span>2 days</span></span>","Reserve to collect in store","Compare"
"http://www.argos.co.uk/static/Product/partNumber/4388292.htm","David Beckham Homme for Men - 75ml Eau de Toilette.","more details on David Beckham Homme for Men - 75ml Eau de Toilette.","-75","","","4388292","14.99","http://www.argos.co.uk/wcsstore/argos/en_GB/siteAssets/images/fasttrack_icon.png","Fast Track","","","","","http://www.argos.co.uk/static/Product/partNumber/4388292.htm#pdpProductReviews","(31)","","http://www.argos.co.uk/wcsstore/argos/en_GB/images/rating/stars/rating-4_5.gif","","31","http://www.argos.co.uk/wcsstore/argos/en_GB/images/icon_collection_grey.png","","http://www.argos.co.uk/wcsstore/argos/en_GB/images/green_arrow.png","","http://www.argos.co.uk/wcsstore/argos/en_GB/images/icon_collection_disabled.png","","http://www.argos.co.uk/wcsstore/argos/en_GB/images/grey_arrow.gif","","http://www.argos.co.uk/wcsstore/argos/en_GB/images/icon_delivery_grey.png","","http://www.argos.co.uk/wcsstore/argos/en_GB/images/icon_delivery_disabled.png","","http://www.argos.co.uk/webapp/wcs/stores/servlet/ArgosProductPurchaseNoJS?storeId=10151&langId=110&catalogId=25051&URL=OrderItemDisplay&errorViewName=ArgosGenericErrorView&catEntryId=898530&partNumber=4388292&quantity=1","Add To Trolley","Buy or Reserve David Beckham Homme for Men - 75ml Eau de Toilette.","http://www.argos.co.uk/webapp/wcs/stores/servlet/ArgosProductPurchaseNoJS?storeId=10151&langId=110&catalogId=25051&URL=OrderItemDisplay&errorViewName=ArgosGenericErrorView&catEntryId=898530&partNumber=4388292&quantity=1","Buy or Reserve","Buy or Reserve David Beckham Homme for Men - 75ml Eau de Toilette.","http://www.argos.co.uk/static/Product/partNumber/4388292.htm","","more details on David Beckham Homme for Men - 75ml Eau de Toilette.","http://argos.scene7.com/is/image/Argos/4388292_R_SET?$Listers$","more details on David Beckham Homme for Men - 75ml Eau de Toilette.","Order now for delivery <span>within <span>2 days</span></span>","Reserve to collect in store","Compare"
"http://www.argos.co.uk/static/Product/partNumber/4388807.htm","Police To Be for Men - 40ml Eau de Toilette.","more details on Police To Be for Men - 40ml Eau de Toilette.","-40","","","4388807","14.99","http://www.argos.co.uk/wcsstore/argos/en_GB/siteAssets/images/fasttrack_icon.png","Fast Track","","","","","http://www.argos.co.uk/static/Product/partNumber/4388807.htm#pdpProductReviews","(21)","","http://www.argos.co.uk/wcsstore/argos/en_GB/images/rating/stars/rating-4_7.gif","","21","http://www.argos.co.uk/wcsstore/argos/en_GB/images/icon_collection_grey.png","","http://www.argos.co.uk/wcsstore/argos/en_GB/images/green_arrow.png","","http://www.argos.co.uk/wcsstore/argos/en_GB/images/icon_collection_disabled.png","","http://www.argos.co.uk/wcsstore/argos/en_GB/images/grey_arrow.gif","","http://www.argos.co.uk/wcsstore/argos/en_GB/images/icon_delivery_grey.png","","http://www.argos.co.uk/wcsstore/argos/en_GB/images/icon_delivery_disabled.png","","http://www.argos.co.uk/webapp/wcs/stores/servlet/ArgosProductPurchaseNoJS?storeId=10151&langId=110&catalogId=25051&URL=OrderItemDisplay&errorViewName=ArgosGenericErrorView&catEntryId=913216&partNumber=4388807&quantity=1","Add To Trolley","Buy or Reserve Police To Be for Men - 40ml Eau de Toilette.","http://www.argos.co.uk/webapp/wcs/stores/servlet/ArgosProductPurchaseNoJS?storeId=10151&langId=110&catalogId=25051&URL=OrderItemDisplay&errorViewName=ArgosGenericErrorView&catEntryId=913216&partNumber=4388807&quantity=1","Buy or Reserve","Buy or Reserve Police To Be for Men - 40ml Eau de Toilette.","http://www.argos.co.uk/static/Product/partNumber/4388807.htm","","more details on Police To Be for Men - 40ml Eau de Toilette.","http://argos.scene7.com/is/image/Argos/4388807_R_SET?$Listers$","more details on Police To Be for Men - 40ml Eau de Toilette.","Order now for delivery <span>within <span>2 days</span></span>","Reserve to collect in store","Compare"