desc_link,desc_link/_text,desc_link/_title,partnum_number,main_price,fasttrack_image,fasttrack_image/_alt,wasprice_value,wasprice_price,saveprice_value,saveprice_value_prices,customerrating_link,customerrating_link/_text,customerrating_link/_title,customerrating_image,customerrating_image/_alt,customerrating_number,specialoffercount_value,specialoffercount_value_numbers,image_1,image_1/_alt,image_2,image_2/_alt,image_3,image_3/_alt,image_4,image_4/_alt,image_5,image_5/_alt,image_6,image_6/_alt,delivery_value,addtotrolley_link,addtotrolley_link/_text,addtotrolley_link/_title,buyorreserve_link,buyorreserve_link/_text,buyorreserve_link/_title,image_link,image_link/_text,image_link/_title,image_7,image_7/_alt,ordering_description,ordering_description_dates,ordering_value,compare_label
"http://www.argos.co.uk/static/Product/partNumber/4453440.htm","Sim Free Apple iPhone 6 16Gb Refurbished – Gold.","more details on Sim Free Apple iPhone 6 16Gb Refurbished – Gold.","4453440","399.95","","","Was","449.95","Save £50.00","50","http://www.argos.co.uk/static/Product/partNumber/4453440.htm#pdpProductReviews","(21)","","http://www.argos.co.uk/wcsstore/argos/en_GB/images/rating/stars/rating-4_9.gif","","21","+ 2 special offers","2","http://www.argos.co.uk/wcsstore/argos/en_GB/images/icon_collection_grey.png","","http://www.argos.co.uk/wcsstore/argos/en_GB/images/green_arrow.png","","http://www.argos.co.uk/wcsstore/argos/en_GB/images/icon_collection_disabled.png","","http://www.argos.co.uk/wcsstore/argos/en_GB/images/grey_arrow.gif","","http://www.argos.co.uk/wcsstore/argos/en_GB/images/icon_delivery_grey.png","","http://www.argos.co.uk/wcsstore/argos/en_GB/images/icon_delivery_disabled.png","","+ Free Delivery","http://www.argos.co.uk/webapp/wcs/stores/servlet/ArgosProductPurchaseNoJS?storeId=10151&langId=110&catalogId=25051&URL=OrderItemDisplay&errorViewName=ArgosGenericErrorView&catEntryId=1349221&partNumber=4453440&quantity=1","Add To Trolley","Buy or Reserve Sim Free Apple iPhone 6 16Gb Refurbished – Gold.","http://www.argos.co.uk/webapp/wcs/stores/servlet/ArgosProductPurchaseNoJS?storeId=10151&langId=110&catalogId=25051&URL=OrderItemDisplay&errorViewName=ArgosGenericErrorView&catEntryId=1349221&partNumber=4453440&quantity=1","Buy or Reserve","Buy or Reserve Sim Free Apple iPhone 6 16Gb Refurbished – Gold.","http://www.argos.co.uk/static/Product/partNumber/4453440.htm","","more details on Sim Free Apple iPhone 6 16Gb Refurbished – Gold.","http://argos.scene7.com/is/image/Argos/4453440_R_SET?$Listers$","more details on Sim Free Apple iPhone 6 16Gb Refurbished – Gold.","Currently out of stock for delivery","","Reserve to collect in store","Compare"
"http://www.argos.co.uk/static/Product/partNumber/3914588.htm","Sim Free Sony Xperia Z3 Plus Black.","more details on Sim Free Sony Xperia Z3 Plus Black.","3914588","349.95","http://www.argos.co.uk/wcsstore/argos/en_GB/siteAssets/images/fasttrack_icon.png","Fast Track","","","","","","","","","","","","","http://www.argos.co.uk/wcsstore/argos/en_GB/images/icon_collection_grey.png","","http://www.argos.co.uk/wcsstore/argos/en_GB/images/green_arrow.png","","http://www.argos.co.uk/wcsstore/argos/en_GB/images/icon_collection_disabled.png","","http://www.argos.co.uk/wcsstore/argos/en_GB/images/grey_arrow.gif","","http://www.argos.co.uk/wcsstore/argos/en_GB/images/icon_delivery_grey.png","","http://www.argos.co.uk/wcsstore/argos/en_GB/images/icon_delivery_disabled.png","","+ Free Delivery","http://www.argos.co.uk/webapp/wcs/stores/servlet/ArgosProductPurchaseNoJS?storeId=10151&langId=110&catalogId=25051&URL=OrderItemDisplay&errorViewName=ArgosGenericErrorView&catEntryId=1418215&partNumber=3914588&quantity=1","Add To Trolley","Buy or Reserve Sim Free Sony Xperia Z3 Plus Black.","http://www.argos.co.uk/webapp/wcs/stores/servlet/ArgosProductPurchaseNoJS?storeId=10151&langId=110&catalogId=25051&URL=OrderItemDisplay&errorViewName=ArgosGenericErrorView&catEntryId=1418215&partNumber=3914588&quantity=1","Buy or Reserve","Buy or Reserve Sim Free Sony Xperia Z3 Plus Black.","http://www.argos.co.uk/static/Product/partNumber/3914588.htm","","more details on Sim Free Sony Xperia Z3 Plus Black.","http://argos.scene7.com/is/image/Argos/3914588_R_SET?$Listers$","more details on Sim Free Sony Xperia Z3 Plus Black.","Order now for delivery <span>within <span>2 days</span></span>","","Reserve to collect in store","Compare"
"http://www.argos.co.uk/static/Product/partNumber/5177361.htm","Sim Free Samsung Galaxy S7- Black.","more details on Sim Free Samsung Galaxy S7-  Black.","5177361","569.95","","","","","","","","","","","","","","","http://www.argos.co.uk/wcsstore/argos/en_GB/images/icon_collection_grey.png","","http://www.argos.co.uk/wcsstore/argos/en_GB/images/green_arrow.png","","http://www.argos.co.uk/wcsstore/argos/en_GB/images/icon_collection_disabled.png","","http://www.argos.co.uk/wcsstore/argos/en_GB/images/grey_arrow.gif","","http://www.argos.co.uk/wcsstore/argos/en_GB/images/icon_delivery_grey.png","","http://www.argos.co.uk/wcsstore/argos/en_GB/images/icon_delivery_disabled.png","","+ Free Delivery","http://www.argos.co.uk/webapp/wcs/stores/servlet/ArgosProductPurchaseNoJS?storeId=10151&langId=110&catalogId=25051&URL=OrderItemDisplay&errorViewName=ArgosGenericErrorView&catEntryId=1425921&partNumber=5177361&quantity=1","Add To Trolley","Buy or Reserve Sim Free Samsung Galaxy S7-  Black.","http://www.argos.co.uk/webapp/wcs/stores/servlet/ArgosProductPurchaseNoJS?storeId=10151&langId=110&catalogId=25051&URL=OrderItemDisplay&errorViewName=ArgosGenericErrorView&catEntryId=1425921&partNumber=5177361&quantity=1","Buy or Reserve","Buy or Reserve Sim Free Samsung Galaxy S7-  Black.","http://www.argos.co.uk/static/Product/partNumber/5177361.htm","","more details on Sim Free Samsung Galaxy S7-  Black.","http://argos.scene7.com/is/image/Argos/5177361_R_SET?$Listers$","more details on Sim Free Samsung Galaxy S7-  Black.","Order now for delivery <span>within <span>2 days</span></span>","","Reserve to collect in store","Compare"
"http://www.argos.co.uk/static/Product/partNumber/4188186.htm","Sim Free LG G3 S - Black.","more details on Sim Free LG G3 S - Black.","4188186","129.95","http://www.argos.co.uk/wcsstore/argos/en_GB/siteAssets/images/fasttrack_icon.png","Fast Track","Was","159.95","Save £30.00","30","http://www.argos.co.uk/static/Product/partNumber/4188186.htm#pdpProductReviews","(49)","","http://www.argos.co.uk/wcsstore/argos/en_GB/images/rating/stars/rating-4_7.gif","","49","+ 4 special offers","4","http://www.argos.co.uk/wcsstore/argos/en_GB/images/icon_collection_grey.png","","http://www.argos.co.uk/wcsstore/argos/en_GB/images/green_arrow.png","","http://www.argos.co.uk/wcsstore/argos/en_GB/images/icon_collection_disabled.png","","http://www.argos.co.uk/wcsstore/argos/en_GB/images/grey_arrow.gif","","http://www.argos.co.uk/wcsstore/argos/en_GB/images/icon_delivery_grey.png","","http://www.argos.co.uk/wcsstore/argos/en_GB/images/icon_delivery_disabled.png","","+ Free Delivery","http://www.argos.co.uk/webapp/wcs/stores/servlet/ArgosProductPurchaseNoJS?storeId=10151&langId=110&catalogId=25051&URL=OrderItemDisplay&errorViewName=ArgosGenericErrorView&catEntryId=1320771&partNumber=4188186&quantity=1","Add To Trolley","Buy or Reserve Sim Free LG G3 S - Black.","http://www.argos.co.uk/webapp/wcs/stores/servlet/ArgosProductPurchaseNoJS?storeId=10151&langId=110&catalogId=25051&URL=OrderItemDisplay&errorViewName=ArgosGenericErrorView&catEntryId=1320771&partNumber=4188186&quantity=1","Buy or Reserve","Buy or Reserve Sim Free LG G3 S - Black.","http://www.argos.co.uk/static/Product/partNumber/4188186.htm","","more details on Sim Free LG G3 S - Black.","http://argos.scene7.com/is/image/Argos/4188186_R_SET?$Listers$","more details on Sim Free LG G3 S - Black.","Currently out of stock for delivery","","Reserve to collect in store","Compare"
"http://www.argos.co.uk/static/Product/partNumber/2782340.htm","Sim Free LG G3 Mobile Phone - Black.","more details on Sim Free LG G3 Mobile Phone - Black.","2782340","199.95","","","Was","249.95","Save 20%","","http://www.argos.co.uk/static/Product/partNumber/2782340.htm#pdpProductReviews","(578)","","http://www.argos.co.uk/wcsstore/argos/en_GB/images/rating/stars/rating-4_4.gif","","578","+ 4 special offers","4","http://www.argos.co.uk/wcsstore/argos/en_GB/images/icon_collection_grey.png","","http://www.argos.co.uk/wcsstore/argos/en_GB/images/green_arrow.png","","http://www.argos.co.uk/wcsstore/argos/en_GB/images/icon_collection_disabled.png","","http://www.argos.co.uk/wcsstore/argos/en_GB/images/grey_arrow.gif","","http://www.argos.co.uk/wcsstore/argos/en_GB/images/icon_delivery_grey.png","","http://www.argos.co.uk/wcsstore/argos/en_GB/images/icon_delivery_disabled.png","","+ Free Delivery","http://www.argos.co.uk/webapp/wcs/stores/servlet/ArgosProductPurchaseNoJS?storeId=10151&langId=110&catalogId=25051&URL=OrderItemDisplay&errorViewName=ArgosGenericErrorView&catEntryId=1185602&partNumber=2782340&quantity=1","Add To Trolley","Buy or Reserve Sim Free LG G3 Mobile Phone - Black.","http://www.argos.co.uk/webapp/wcs/stores/servlet/ArgosProductPurchaseNoJS?storeId=10151&langId=110&catalogId=25051&URL=OrderItemDisplay&errorViewName=ArgosGenericErrorView&catEntryId=1185602&partNumber=2782340&quantity=1","Buy or Reserve","Buy or Reserve Sim Free LG G3 Mobile Phone - Black.","http://www.argos.co.uk/static/Product/partNumber/2782340.htm","","more details on Sim Free LG G3 Mobile Phone - Black.","http://argos.scene7.com/is/image/Argos/2782340_R_SET?$Listers$","more details on Sim Free LG G3 Mobile Phone - Black.","Currently out of stock for delivery","","Reserve to collect in store","Compare"
"http://www.argos.co.uk/static/Product/partNumber/4537445.htm","Sim Free Apple iPhone 6s 64GB Mobile Phone - Space Grey.","more details on Sim Free Apple iPhone 6s 64GB Mobile Phone - Space Grey.","4537445","619","http://www.argos.co.uk/wcsstore/argos/en_GB/siteAssets/images/fasttrack_icon.png","Fast Track","","","","","http://www.argos.co.uk/static/Product/partNumber/4537445.htm#pdpProductReviews","(51)","","http://www.argos.co.uk/wcsstore/argos/en_GB/images/rating/stars/rating-4_8.gif","","51","+ 3 special offers","3","http://www.argos.co.uk/wcsstore/argos/en_GB/images/icon_collection_grey.png","","http://www.argos.co.uk/wcsstore/argos/en_GB/images/green_arrow.png","","http://www.argos.co.uk/wcsstore/argos/en_GB/images/icon_collection_disabled.png","","http://www.argos.co.uk/wcsstore/argos/en_GB/images/grey_arrow.gif","","http://www.argos.co.uk/wcsstore/argos/en_GB/images/icon_delivery_grey.png","","http://www.argos.co.uk/wcsstore/argos/en_GB/images/icon_delivery_disabled.png","","+ Free Delivery","http://www.argos.co.uk/webapp/wcs/stores/servlet/ArgosProductPurchaseNoJS?storeId=10151&langId=110&catalogId=25051&URL=OrderItemDisplay&errorViewName=ArgosGenericErrorView&catEntryId=1373343&partNumber=4537445&quantity=1","Add To Trolley","Buy or Reserve Sim Free Apple iPhone 6s 64GB Mobile Phone - Space Grey.","http://www.argos.co.uk/webapp/wcs/stores/servlet/ArgosProductPurchaseNoJS?storeId=10151&langId=110&catalogId=25051&URL=OrderItemDisplay&errorViewName=ArgosGenericErrorView&catEntryId=1373343&partNumber=4537445&quantity=1","Buy or Reserve","Buy or Reserve Sim Free Apple iPhone 6s 64GB Mobile Phone - Space Grey.","http://www.argos.co.uk/static/Product/partNumber/4537445.htm","","more details on Sim Free Apple iPhone 6s 64GB Mobile Phone - Space Grey.","http://argos.scene7.com/is/image/Argos/4537445_R_SET?$Listers$","more details on Sim Free Apple iPhone 6s 64GB Mobile Phone - Space Grey.","Order now for delivery <span>within <span>2 days</span></span>","","Reserve to collect in store","Compare"
"http://www.argos.co.uk/static/Product/partNumber/5205264.htm","Sim Free Samsung Galaxy S6 Edge 32GB Mobile Phone - Gold.","more details on Sim Free Samsung Galaxy S6 Edge 32GB Mobile Phone - Gold.","5205264","499.95","http://www.argos.co.uk/wcsstore/argos/en_GB/siteAssets/images/fasttrack_icon.png","Fast Track","","","","","http://www.argos.co.uk/static/Product/partNumber/5205264.htm#pdpProductReviews","(11)","","http://www.argos.co.uk/wcsstore/argos/en_GB/images/rating/stars/rating-4_9.gif","","11","+ 3 special offers","3","http://www.argos.co.uk/wcsstore/argos/en_GB/images/icon_collection_grey.png","","http://www.argos.co.uk/wcsstore/argos/en_GB/images/green_arrow.png","","http://www.argos.co.uk/wcsstore/argos/en_GB/images/icon_collection_disabled.png","","http://www.argos.co.uk/wcsstore/argos/en_GB/images/grey_arrow.gif","","http://www.argos.co.uk/wcsstore/argos/en_GB/images/icon_delivery_grey.png","","http://www.argos.co.uk/wcsstore/argos/en_GB/images/icon_delivery_disabled.png","","+ Free Delivery","http://www.argos.co.uk/webapp/wcs/stores/servlet/ArgosProductPurchaseNoJS?storeId=10151&langId=110&catalogId=25051&URL=OrderItemDisplay&errorViewName=ArgosGenericErrorView&catEntryId=1401371&partNumber=5205264&quantity=1","Add To Trolley","Buy or Reserve Sim Free Samsung Galaxy S6 Edge 32GB Mobile Phone - Gold.","http://www.argos.co.uk/webapp/wcs/stores/servlet/ArgosProductPurchaseNoJS?storeId=10151&langId=110&catalogId=25051&URL=OrderItemDisplay&errorViewName=ArgosGenericErrorView&catEntryId=1401371&partNumber=5205264&quantity=1","Buy or Reserve","Buy or Reserve Sim Free Samsung Galaxy S6 Edge 32GB Mobile Phone - Gold.","http://www.argos.co.uk/static/Product/partNumber/5205264.htm","","more details on Sim Free Samsung Galaxy S6 Edge 32GB Mobile Phone - Gold.","http://argos.scene7.com/is/image/Argos/5205264_R_SET?$Listers$","more details on Sim Free Samsung Galaxy S6 Edge 32GB Mobile Phone - Gold.","Order now for delivery <span>within <span>2 days</span></span>","","Reserve to collect in store","Compare"
"http://www.argos.co.uk/static/Product/partNumber/5092697.htm","Sim Free Samsung Galaxy J5 Mobile Phone - White.","more details on Sim Free Samsung Galaxy J5 Mobile Phone - White.","5092697","159.95","http://www.argos.co.uk/wcsstore/argos/en_GB/siteAssets/images/fasttrack_icon.png","Fast Track","Was","169.95","Save £10.00","10","http://www.argos.co.uk/static/Product/partNumber/5092697.htm#pdpProductReviews","(28)","","http://www.argos.co.uk/wcsstore/argos/en_GB/images/rating/stars/rating-4_8.gif","","28","+ 4 special offers","4","http://www.argos.co.uk/wcsstore/argos/en_GB/images/icon_collection_grey.png","","http://www.argos.co.uk/wcsstore/argos/en_GB/images/green_arrow.png","","http://www.argos.co.uk/wcsstore/argos/en_GB/images/icon_collection_disabled.png","","http://www.argos.co.uk/wcsstore/argos/en_GB/images/grey_arrow.gif","","http://www.argos.co.uk/wcsstore/argos/en_GB/images/icon_delivery_grey.png","","http://www.argos.co.uk/wcsstore/argos/en_GB/images/icon_delivery_disabled.png","","+ Free Delivery","http://www.argos.co.uk/webapp/wcs/stores/servlet/ArgosProductPurchaseNoJS?storeId=10151&langId=110&catalogId=25051&URL=OrderItemDisplay&errorViewName=ArgosGenericErrorView&catEntryId=1395891&partNumber=5092697&quantity=1","Add To Trolley","Buy or Reserve Sim Free Samsung Galaxy J5 Mobile Phone - White.","http://www.argos.co.uk/webapp/wcs/stores/servlet/ArgosProductPurchaseNoJS?storeId=10151&langId=110&catalogId=25051&URL=OrderItemDisplay&errorViewName=ArgosGenericErrorView&catEntryId=1395891&partNumber=5092697&quantity=1","Buy or Reserve","Buy or Reserve Sim Free Samsung Galaxy J5 Mobile Phone - White.","http://www.argos.co.uk/static/Product/partNumber/5092697.htm","","more details on Sim Free Samsung Galaxy J5 Mobile Phone - White.","http://argos.scene7.com/is/image/Argos/5092697_R_SET?$Listers$","more details on Sim Free Samsung Galaxy J5 Mobile Phone - White.","Order now for delivery <span>within <span>2 days</span></span>","","Reserve to collect in store","Compare"
"http://www.argos.co.uk/static/Product/partNumber/3828643.htm","Sim Free Samsung Galaxy S6 32GB - Gold.","more details on Sim Free Samsung Galaxy S6 32GB - Gold.","3828643","419.95","http://www.argos.co.uk/wcsstore/argos/en_GB/siteAssets/images/fasttrack_icon.png","Fast Track","","","","","http://www.argos.co.uk/static/Product/partNumber/3828643.htm#pdpProductReviews","(178)","","http://www.argos.co.uk/wcsstore/argos/en_GB/images/rating/stars/rating-4_8.gif","","178","+ 5 special offers","5","http://www.argos.co.uk/wcsstore/argos/en_GB/images/icon_collection_grey.png","","http://www.argos.co.uk/wcsstore/argos/en_GB/images/green_arrow.png","","http://www.argos.co.uk/wcsstore/argos/en_GB/images/icon_collection_disabled.png","","http://www.argos.co.uk/wcsstore/argos/en_GB/images/grey_arrow.gif","","http://www.argos.co.uk/wcsstore/argos/en_GB/images/icon_delivery_grey.png","","http://www.argos.co.uk/wcsstore/argos/en_GB/images/icon_delivery_disabled.png","","+ Free Delivery","http://www.argos.co.uk/webapp/wcs/stores/servlet/ArgosProductPurchaseNoJS?storeId=10151&langId=110&catalogId=25051&URL=OrderItemDisplay&errorViewName=ArgosGenericErrorView&catEntryId=1290896&partNumber=3828643&quantity=1","Add To Trolley","Buy or Reserve Sim Free Samsung Galaxy S6 32GB - Gold.","http://www.argos.co.uk/webapp/wcs/stores/servlet/ArgosProductPurchaseNoJS?storeId=10151&langId=110&catalogId=25051&URL=OrderItemDisplay&errorViewName=ArgosGenericErrorView&catEntryId=1290896&partNumber=3828643&quantity=1","Buy or Reserve","Buy or Reserve Sim Free Samsung Galaxy S6 32GB - Gold.","http://www.argos.co.uk/static/Product/partNumber/3828643.htm","","more details on Sim Free Samsung Galaxy S6 32GB - Gold.","http://argos.scene7.com/is/image/Argos/3828643_R_SET?$Listers$","more details on Sim Free Samsung Galaxy S6 32GB - Gold.","Order now for delivery <span>within <span>2 days</span></span>","","Reserve to collect in store","Compare"
"http://www.argos.co.uk/static/Product/partNumber/4485858.htm","Sim Free Apple iPhone 6s 16GB Mobile Phone - Gold.","more details on Sim Free Apple iPhone 6s 16GB Mobile Phone - Gold.","4485858","539","http://www.argos.co.uk/wcsstore/argos/en_GB/siteAssets/images/fasttrack_icon.png","Fast Track","","","","","http://www.argos.co.uk/static/Product/partNumber/4485858.htm#pdpProductReviews","(35)","","http://www.argos.co.uk/wcsstore/argos/en_GB/images/rating/stars/rating-4_9.gif","","35","+ 3 special offers","3","http://www.argos.co.uk/wcsstore/argos/en_GB/images/icon_collection_grey.png","","http://www.argos.co.uk/wcsstore/argos/en_GB/images/green_arrow.png","","http://www.argos.co.uk/wcsstore/argos/en_GB/images/icon_collection_disabled.png","","http://www.argos.co.uk/wcsstore/argos/en_GB/images/grey_arrow.gif","","http://www.argos.co.uk/wcsstore/argos/en_GB/images/icon_delivery_grey.png","","http://www.argos.co.uk/wcsstore/argos/en_GB/images/icon_delivery_disabled.png","","+ Free Delivery","http://www.argos.co.uk/webapp/wcs/stores/servlet/ArgosProductPurchaseNoJS?storeId=10151&langId=110&catalogId=25051&URL=OrderItemDisplay&errorViewName=ArgosGenericErrorView&catEntryId=1373333&partNumber=4485858&quantity=1","Add To Trolley","Buy or Reserve Sim Free Apple iPhone 6s 16GB Mobile Phone - Gold.","http://www.argos.co.uk/webapp/wcs/stores/servlet/ArgosProductPurchaseNoJS?storeId=10151&langId=110&catalogId=25051&URL=OrderItemDisplay&errorViewName=ArgosGenericErrorView&catEntryId=1373333&partNumber=4485858&quantity=1","Buy or Reserve","Buy or Reserve Sim Free Apple iPhone 6s 16GB Mobile Phone - Gold.","http://www.argos.co.uk/static/Product/partNumber/4485858.htm","","more details on Sim Free Apple iPhone 6s 16GB Mobile Phone - Gold.","http://argos.scene7.com/is/image/Argos/4485858_R_SET?$Listers$","more details on Sim Free Apple iPhone 6s 16GB Mobile Phone - Gold.","Order now for delivery <span>within <span>2 days</span></span>","","Reserve to collect in store","Compare"
"http://www.argos.co.uk/static/Product/partNumber/4507860.htm","Sim Free Apple iPhone 6 16GB Mobile Phone - Space Grey.","more details on Sim Free Apple iPhone 6 16GB Mobile Phone - Space Grey.","4507860","459","http://www.argos.co.uk/wcsstore/argos/en_GB/siteAssets/images/fasttrack_icon.png","Fast Track","","","","","http://www.argos.co.uk/static/Product/partNumber/4507860.htm#pdpProductReviews","(206)","","http://www.argos.co.uk/wcsstore/argos/en_GB/images/rating/stars/rating-4_8.gif","","206","+ 3 special offers","3","http://www.argos.co.uk/wcsstore/argos/en_GB/images/icon_collection_grey.png","","http://www.argos.co.uk/wcsstore/argos/en_GB/images/green_arrow.png","","http://www.argos.co.uk/wcsstore/argos/en_GB/images/icon_collection_disabled.png","","http://www.argos.co.uk/wcsstore/argos/en_GB/images/grey_arrow.gif","","http://www.argos.co.uk/wcsstore/argos/en_GB/images/icon_delivery_grey.png","","http://www.argos.co.uk/wcsstore/argos/en_GB/images/icon_delivery_disabled.png","","+ Free Delivery","http://www.argos.co.uk/webapp/wcs/stores/servlet/ArgosProductPurchaseNoJS?storeId=10151&langId=110&catalogId=25051&URL=OrderItemDisplay&errorViewName=ArgosGenericErrorView&catEntryId=1332595&partNumber=4507860&quantity=1","Add To Trolley","Buy or Reserve Sim Free Apple iPhone 6 16GB Mobile Phone - Space Grey.","http://www.argos.co.uk/webapp/wcs/stores/servlet/ArgosProductPurchaseNoJS?storeId=10151&langId=110&catalogId=25051&URL=OrderItemDisplay&errorViewName=ArgosGenericErrorView&catEntryId=1332595&partNumber=4507860&quantity=1","Buy or Reserve","Buy or Reserve Sim Free Apple iPhone 6 16GB Mobile Phone - Space Grey.","http://www.argos.co.uk/static/Product/partNumber/4507860.htm","","more details on Sim Free Apple iPhone 6 16GB Mobile Phone - Space Grey.","http://argos.scene7.com/is/image/Argos/4507860_R_SET?$Listers$","more details on Sim Free Apple iPhone 6 16GB Mobile Phone - Space Grey.","Order now for delivery <span>within <span>2 days</span></span>","","Reserve to collect in store","Compare"
"http://www.argos.co.uk/static/Product/partNumber/3916847.htm","Sim Free Samsung Galaxy S6 32GB - Black.","more details on Sim Free Samsung Galaxy S6 32GB - Black.","3916847","419.95","http://www.argos.co.uk/wcsstore/argos/en_GB/siteAssets/images/fasttrack_icon.png","Fast Track","","","","","http://www.argos.co.uk/static/Product/partNumber/3916847.htm#pdpProductReviews","(83)","","http://www.argos.co.uk/wcsstore/argos/en_GB/images/rating/stars/rating-4_8.gif","","83","+ 5 special offers","5","http://www.argos.co.uk/wcsstore/argos/en_GB/images/icon_collection_grey.png","","http://www.argos.co.uk/wcsstore/argos/en_GB/images/green_arrow.png","","http://www.argos.co.uk/wcsstore/argos/en_GB/images/icon_collection_disabled.png","","http://www.argos.co.uk/wcsstore/argos/en_GB/images/grey_arrow.gif","","http://www.argos.co.uk/wcsstore/argos/en_GB/images/icon_delivery_grey.png","","http://www.argos.co.uk/wcsstore/argos/en_GB/images/icon_delivery_disabled.png","","+ Free Delivery","http://www.argos.co.uk/webapp/wcs/stores/servlet/ArgosProductPurchaseNoJS?storeId=10151&langId=110&catalogId=25051&URL=OrderItemDisplay&errorViewName=ArgosGenericErrorView&catEntryId=1290892&partNumber=3916847&quantity=1","Add To Trolley","Buy or Reserve Sim Free Samsung Galaxy S6 32GB - Black.","http://www.argos.co.uk/webapp/wcs/stores/servlet/ArgosProductPurchaseNoJS?storeId=10151&langId=110&catalogId=25051&URL=OrderItemDisplay&errorViewName=ArgosGenericErrorView&catEntryId=1290892&partNumber=3916847&quantity=1","Buy or Reserve","Buy or Reserve Sim Free Samsung Galaxy S6 32GB - Black.","http://www.argos.co.uk/static/Product/partNumber/3916847.htm","","more details on Sim Free Samsung Galaxy S6 32GB - Black.","http://argos.scene7.com/is/image/Argos/3916847_R_SET?$Listers$","more details on Sim Free Samsung Galaxy S6 32GB - Black.","Home delivery from 10th April 2015.","1428624000000","Reserve to collect in store","Compare"
"http://www.argos.co.uk/static/Product/partNumber/2923855.htm","Sim Free Sony Xperia Z3 Mobile Phone - Black.","more details on Sim Free Sony Xperia Z3 Mobile Phone - Black.","2923855","279.95","http://www.argos.co.uk/wcsstore/argos/en_GB/siteAssets/images/fasttrack_icon.png","Fast Track","Was","359.95","Save £80.00","80","http://www.argos.co.uk/static/Product/partNumber/2923855.htm#pdpProductReviews","(56)","","http://www.argos.co.uk/wcsstore/argos/en_GB/images/rating/stars/rating-4_8.gif","","56","+ 3 special offers","3","http://www.argos.co.uk/wcsstore/argos/en_GB/images/icon_collection_grey.png","","http://www.argos.co.uk/wcsstore/argos/en_GB/images/green_arrow.png","","http://www.argos.co.uk/wcsstore/argos/en_GB/images/icon_collection_disabled.png","","http://www.argos.co.uk/wcsstore/argos/en_GB/images/grey_arrow.gif","","http://www.argos.co.uk/wcsstore/argos/en_GB/images/icon_delivery_grey.png","","http://www.argos.co.uk/wcsstore/argos/en_GB/images/icon_delivery_disabled.png","","+ Free Delivery","http://www.argos.co.uk/webapp/wcs/stores/servlet/ArgosProductPurchaseNoJS?storeId=10151&langId=110&catalogId=25051&URL=OrderItemDisplay&errorViewName=ArgosGenericErrorView&catEntryId=1206024&partNumber=2923855&quantity=1","Add To Trolley","Buy or Reserve Sim Free Sony Xperia Z3 Mobile Phone - Black.","http://www.argos.co.uk/webapp/wcs/stores/servlet/ArgosProductPurchaseNoJS?storeId=10151&langId=110&catalogId=25051&URL=OrderItemDisplay&errorViewName=ArgosGenericErrorView&catEntryId=1206024&partNumber=2923855&quantity=1","Buy or Reserve","Buy or Reserve Sim Free Sony Xperia Z3 Mobile Phone - Black.","http://www.argos.co.uk/static/Product/partNumber/2923855.htm","","more details on Sim Free Sony Xperia Z3 Mobile Phone - Black.","http://argos.scene7.com/is/image/Argos/2923855_R_SET?$Listers$","more details on Sim Free Sony Xperia Z3 Mobile Phone - Black.","Order now for delivery <span>within <span>2 days</span></span>","","Reserve to collect in store","Compare"
"http://www.argos.co.uk/static/Product/partNumber/5078185.htm","Sim Free Microsoft Lumia 550 Mobile Phone - Black.","more details on Sim Free Microsoft Lumia 550 Mobile Phone - Black.","5078185","79.95","http://www.argos.co.uk/wcsstore/argos/en_GB/siteAssets/images/fasttrack_icon.png","Fast Track","Was","99.95","Save 20%","","http://www.argos.co.uk/static/Product/partNumber/5078185.htm#pdpProductReviews","(20)","","http://www.argos.co.uk/wcsstore/argos/en_GB/images/rating/stars/rating-4_2.gif","","20","+ 4 special offers","4","http://www.argos.co.uk/wcsstore/argos/en_GB/images/icon_collection_grey.png","","http://www.argos.co.uk/wcsstore/argos/en_GB/images/green_arrow.png","","http://www.argos.co.uk/wcsstore/argos/en_GB/images/icon_collection_disabled.png","","http://www.argos.co.uk/wcsstore/argos/en_GB/images/grey_arrow.gif","","http://www.argos.co.uk/wcsstore/argos/en_GB/images/icon_delivery_grey.png","","http://www.argos.co.uk/wcsstore/argos/en_GB/images/icon_delivery_disabled.png","","+ Free Delivery","http://www.argos.co.uk/webapp/wcs/stores/servlet/ArgosProductPurchaseNoJS?storeId=10151&langId=110&catalogId=25051&URL=OrderItemDisplay&errorViewName=ArgosGenericErrorView&catEntryId=1401353&partNumber=5078185&quantity=1","Add To Trolley","Buy or Reserve Sim Free Microsoft Lumia 550 Mobile Phone - Black.","http://www.argos.co.uk/webapp/wcs/stores/servlet/ArgosProductPurchaseNoJS?storeId=10151&langId=110&catalogId=25051&URL=OrderItemDisplay&errorViewName=ArgosGenericErrorView&catEntryId=1401353&partNumber=5078185&quantity=1","Buy or Reserve","Buy or Reserve Sim Free Microsoft Lumia 550 Mobile Phone - Black.","http://www.argos.co.uk/static/Product/partNumber/5078185.htm","","more details on Sim Free Microsoft Lumia 550 Mobile Phone - Black.","http://argos.scene7.com/is/image/Argos/5078185_R_SET?$Listers$","more details on Sim Free Microsoft Lumia 550 Mobile Phone - Black.","Order now for delivery <span>within <span>2 days</span></span>","","Reserve to collect in store","Compare"
"http://www.argos.co.uk/static/Product/partNumber/5055445.htm","Sim Free Samsung Galaxy J5 Mobile Phone.","more details on Sim Free Samsung Galaxy J5 Mobile Phone.","5055445","159.95","http://www.argos.co.uk/wcsstore/argos/en_GB/siteAssets/images/fasttrack_icon.png","Fast Track","Was","169.95","Save £10.00","10","http://www.argos.co.uk/static/Product/partNumber/5055445.htm#pdpProductReviews","(27)","","http://www.argos.co.uk/wcsstore/argos/en_GB/images/rating/stars/rating-4_7.gif","","27","+ 4 special offers","4","http://www.argos.co.uk/wcsstore/argos/en_GB/images/icon_collection_grey.png","","http://www.argos.co.uk/wcsstore/argos/en_GB/images/green_arrow.png","","http://www.argos.co.uk/wcsstore/argos/en_GB/images/icon_collection_disabled.png","","http://www.argos.co.uk/wcsstore/argos/en_GB/images/grey_arrow.gif","","http://www.argos.co.uk/wcsstore/argos/en_GB/images/icon_delivery_grey.png","","http://www.argos.co.uk/wcsstore/argos/en_GB/images/icon_delivery_disabled.png","","+ Free Delivery","http://www.argos.co.uk/webapp/wcs/stores/servlet/ArgosProductPurchaseNoJS?storeId=10151&langId=110&catalogId=25051&URL=OrderItemDisplay&errorViewName=ArgosGenericErrorView&catEntryId=1410221&partNumber=5055445&quantity=1","Add To Trolley","Buy or Reserve Sim Free Samsung Galaxy J5 Mobile Phone.","http://www.argos.co.uk/webapp/wcs/stores/servlet/ArgosProductPurchaseNoJS?storeId=10151&langId=110&catalogId=25051&URL=OrderItemDisplay&errorViewName=ArgosGenericErrorView&catEntryId=1410221&partNumber=5055445&quantity=1","Buy or Reserve","Buy or Reserve Sim Free Samsung Galaxy J5 Mobile Phone.","http://www.argos.co.uk/static/Product/partNumber/5055445.htm","","more details on Sim Free Samsung Galaxy J5 Mobile Phone.","http://argos.scene7.com/is/image/Argos/5055445_R_SET?$Listers$","more details on Sim Free Samsung Galaxy J5 Mobile Phone.","Order now for delivery <span>within <span>2 days</span></span>","","Reserve to collect in store","Compare"
"http://www.argos.co.uk/static/Product/partNumber/3463565.htm","Sim Free Microsoft Lumia 535 Mobile Phone - Black.","more details on Sim Free Microsoft Lumia 535 Mobile Phone - Black.","3463565","79.95","","","","","","","http://www.argos.co.uk/static/Product/partNumber/3463565.htm#pdpProductReviews","(337)","","http://www.argos.co.uk/wcsstore/argos/en_GB/images/rating/stars/rating-4_4.gif","","337","+ 4 special offers","4","http://www.argos.co.uk/wcsstore/argos/en_GB/images/icon_collection_grey.png","","http://www.argos.co.uk/wcsstore/argos/en_GB/images/green_arrow.png","","http://www.argos.co.uk/wcsstore/argos/en_GB/images/icon_collection_disabled.png","","http://www.argos.co.uk/wcsstore/argos/en_GB/images/grey_arrow.gif","","http://www.argos.co.uk/wcsstore/argos/en_GB/images/icon_delivery_grey.png","","http://www.argos.co.uk/wcsstore/argos/en_GB/images/icon_delivery_disabled.png","","+ Free Delivery","http://www.argos.co.uk/webapp/wcs/stores/servlet/ArgosProductPurchaseNoJS?storeId=10151&langId=110&catalogId=25051&URL=OrderItemDisplay&errorViewName=ArgosGenericErrorView&catEntryId=1255676&partNumber=3463565&quantity=1","Add To Trolley","Buy or Reserve Sim Free Microsoft Lumia 535 Mobile Phone - Black.","http://www.argos.co.uk/webapp/wcs/stores/servlet/ArgosProductPurchaseNoJS?storeId=10151&langId=110&catalogId=25051&URL=OrderItemDisplay&errorViewName=ArgosGenericErrorView&catEntryId=1255676&partNumber=3463565&quantity=1","Buy or Reserve","Buy or Reserve Sim Free Microsoft Lumia 535 Mobile Phone - Black.","http://www.argos.co.uk/static/Product/partNumber/3463565.htm","","more details on Sim Free Microsoft Lumia 535 Mobile Phone - Black.","http://argos.scene7.com/is/image/Argos/3463565_R_SET?$Listers$","more details on Sim Free Microsoft Lumia 535 Mobile Phone - Black.","Currently out of stock for delivery","","Reserve to collect in store","Compare"
"http://www.argos.co.uk/static/Product/partNumber/3829941.htm","Sim Free Motorola Moto E 2nd Gen.4G Mobile Phone - Black.","more details on Sim Free Motorola Moto E 2nd Gen.4G Mobile Phone - Black.","3829941","69.95","http://www.argos.co.uk/wcsstore/argos/en_GB/siteAssets/images/fasttrack_icon.png","Fast Track","Was","109.95","Save £40.00","40","http://www.argos.co.uk/static/Product/partNumber/3829941.htm#pdpProductReviews","(186)","","http://www.argos.co.uk/wcsstore/argos/en_GB/images/rating/stars/rating-4_5.gif","","186","+ 4 special offers","4","http://www.argos.co.uk/wcsstore/argos/en_GB/images/icon_collection_grey.png","","http://www.argos.co.uk/wcsstore/argos/en_GB/images/green_arrow.png","","http://www.argos.co.uk/wcsstore/argos/en_GB/images/icon_collection_disabled.png","","http://www.argos.co.uk/wcsstore/argos/en_GB/images/grey_arrow.gif","","http://www.argos.co.uk/wcsstore/argos/en_GB/images/icon_delivery_grey.png","","http://www.argos.co.uk/wcsstore/argos/en_GB/images/icon_delivery_disabled.png","","+ Free Delivery","http://www.argos.co.uk/webapp/wcs/stores/servlet/ArgosProductPurchaseNoJS?storeId=10151&langId=110&catalogId=25051&URL=OrderItemDisplay&errorViewName=ArgosGenericErrorView&catEntryId=1255688&partNumber=3829941&quantity=1","Add To Trolley","Buy or Reserve Sim Free Motorola Moto E 2nd Gen.4G Mobile Phone - Black.","http://www.argos.co.uk/webapp/wcs/stores/servlet/ArgosProductPurchaseNoJS?storeId=10151&langId=110&catalogId=25051&URL=OrderItemDisplay&errorViewName=ArgosGenericErrorView&catEntryId=1255688&partNumber=3829941&quantity=1","Buy or Reserve","Buy or Reserve Sim Free Motorola Moto E 2nd Gen.4G Mobile Phone - Black.","http://www.argos.co.uk/static/Product/partNumber/3829941.htm","","more details on Sim Free Motorola Moto E 2nd Gen.4G Mobile Phone - Black.","http://argos.scene7.com/is/image/Argos/3829941_R_SET?$Listers$","more details on Sim Free Motorola Moto E 2nd Gen.4G Mobile Phone - Black.","Currently out of stock for delivery","","Reserve to collect in store","Compare"
"http://www.argos.co.uk/static/Product/partNumber/4398086.htm","Sim Free Microsoft Lumia 435 - Black","more details on Sim Free Microsoft Lumia 435 - Black","4398086","49.95","","","Was","59.95","Save £10.00","10","http://www.argos.co.uk/static/Product/partNumber/4398086.htm#pdpProductReviews","(122)","","http://www.argos.co.uk/wcsstore/argos/en_GB/images/rating/stars/rating-4_4.gif","","122","+ 4 special offers","4","http://www.argos.co.uk/wcsstore/argos/en_GB/images/icon_collection_grey.png","","http://www.argos.co.uk/wcsstore/argos/en_GB/images/green_arrow.png","","http://www.argos.co.uk/wcsstore/argos/en_GB/images/icon_collection_disabled.png","","http://www.argos.co.uk/wcsstore/argos/en_GB/images/grey_arrow.gif","","http://www.argos.co.uk/wcsstore/argos/en_GB/images/icon_delivery_grey.png","","http://www.argos.co.uk/wcsstore/argos/en_GB/images/icon_delivery_disabled.png","","+ Free Delivery","http://www.argos.co.uk/webapp/wcs/stores/servlet/ArgosProductPurchaseNoJS?storeId=10151&langId=110&catalogId=25051&URL=OrderItemDisplay&errorViewName=ArgosGenericErrorView&catEntryId=1334047&partNumber=4398086&quantity=1","Add To Trolley","Buy or Reserve Sim Free Microsoft Lumia 435 - Black","http://www.argos.co.uk/webapp/wcs/stores/servlet/ArgosProductPurchaseNoJS?storeId=10151&langId=110&catalogId=25051&URL=OrderItemDisplay&errorViewName=ArgosGenericErrorView&catEntryId=1334047&partNumber=4398086&quantity=1","Buy or Reserve","Buy or Reserve Sim Free Microsoft Lumia 435 - Black","http://www.argos.co.uk/static/Product/partNumber/4398086.htm","","more details on Sim Free Microsoft Lumia 435 - Black","http://argos.scene7.com/is/image/Argos/4398086_R_SET?$Listers$","more details on Sim Free Microsoft Lumia 435 - Black","Currently out of stock for delivery","","Reserve to collect in store","Compare"
"http://www.argos.co.uk/static/Product/partNumber/4444215.htm","Sim Free Sony Xperia M4 Aqua - Black.","more details on Sim Free Sony Xperia M4 Aqua - Black.","4444215","179.95","","","Was","199.95","Save 10%","","http://www.argos.co.uk/static/Product/partNumber/4444215.htm#pdpProductReviews","(80)","","http://www.argos.co.uk/wcsstore/argos/en_GB/images/rating/stars/rating-4_3.gif","","80","+ 3 special offers","3","http://www.argos.co.uk/wcsstore/argos/en_GB/images/icon_collection_grey.png","","http://www.argos.co.uk/wcsstore/argos/en_GB/images/green_arrow.png","","http://www.argos.co.uk/wcsstore/argos/en_GB/images/icon_collection_disabled.png","","http://www.argos.co.uk/wcsstore/argos/en_GB/images/grey_arrow.gif","","http://www.argos.co.uk/wcsstore/argos/en_GB/images/icon_delivery_grey.png","","http://www.argos.co.uk/wcsstore/argos/en_GB/images/icon_delivery_disabled.png","","+ Free Delivery","http://www.argos.co.uk/webapp/wcs/stores/servlet/ArgosProductPurchaseNoJS?storeId=10151&langId=110&catalogId=25051&URL=OrderItemDisplay&errorViewName=ArgosGenericErrorView&catEntryId=1336165&partNumber=4444215&quantity=1","Add To Trolley","Buy or Reserve Sim Free Sony Xperia M4 Aqua - Black.","http://www.argos.co.uk/webapp/wcs/stores/servlet/ArgosProductPurchaseNoJS?storeId=10151&langId=110&catalogId=25051&URL=OrderItemDisplay&errorViewName=ArgosGenericErrorView&catEntryId=1336165&partNumber=4444215&quantity=1","Buy or Reserve","Buy or Reserve Sim Free Sony Xperia M4 Aqua - Black.","http://www.argos.co.uk/static/Product/partNumber/4444215.htm","","more details on Sim Free Sony Xperia M4 Aqua - Black.","http://argos.scene7.com/is/image/Argos/4444215_R_SET?$Listers$","more details on Sim Free Sony Xperia M4 Aqua - Black.","Currently out of stock for delivery","","Reserve to collect in store","Compare"
"http://www.argos.co.uk/static/Product/partNumber/4285065.htm","Sim Free Microsoft Lumia 640 - Black.","more details on Sim Free Microsoft Lumia 640 - Black.","4285065","99.95","http://www.argos.co.uk/wcsstore/argos/en_GB/siteAssets/images/fasttrack_icon.png","Fast Track","Was","119.95","Save £20.00","20","http://www.argos.co.uk/static/Product/partNumber/4285065.htm#pdpProductReviews","(158)","","http://www.argos.co.uk/wcsstore/argos/en_GB/images/rating/stars/rating-4_6.gif","","158","+ 4 special offers","4","http://www.argos.co.uk/wcsstore/argos/en_GB/images/icon_collection_grey.png","","http://www.argos.co.uk/wcsstore/argos/en_GB/images/green_arrow.png","","http://www.argos.co.uk/wcsstore/argos/en_GB/images/icon_collection_disabled.png","","http://www.argos.co.uk/wcsstore/argos/en_GB/images/grey_arrow.gif","","http://www.argos.co.uk/wcsstore/argos/en_GB/images/icon_delivery_grey.png","","http://www.argos.co.uk/wcsstore/argos/en_GB/images/icon_delivery_disabled.png","","+ Free Delivery","http://www.argos.co.uk/webapp/wcs/stores/servlet/ArgosProductPurchaseNoJS?storeId=10151&langId=110&catalogId=25051&URL=OrderItemDisplay&errorViewName=ArgosGenericErrorView&catEntryId=1336531&partNumber=4285065&quantity=1","Add To Trolley","Buy or Reserve Sim Free Microsoft Lumia 640 - Black.","http://www.argos.co.uk/webapp/wcs/stores/servlet/ArgosProductPurchaseNoJS?storeId=10151&langId=110&catalogId=25051&URL=OrderItemDisplay&errorViewName=ArgosGenericErrorView&catEntryId=1336531&partNumber=4285065&quantity=1","Buy or Reserve","Buy or Reserve Sim Free Microsoft Lumia 640 - Black.","http://www.argos.co.uk/static/Product/partNumber/4285065.htm","","more details on Sim Free Microsoft Lumia 640 - Black.","http://argos.scene7.com/is/image/Argos/4285065_R_SET?$Listers$","more details on Sim Free Microsoft Lumia 640 - Black.","Order now for delivery <span>within <span>2 days</span></span>","","Reserve to collect in store","Compare"
"http://www.argos.co.uk/static/Product/partNumber/4249575.htm","SIM Free Alcatel ONETOUCH Pixi 3 4.5.","more details on SIM Free Alcatel ONETOUCH Pixi 3 4.5.","4249575","39.95","http://www.argos.co.uk/wcsstore/argos/en_GB/siteAssets/images/fasttrack_icon.png","Fast Track","Was","49.95","Save 20%","","http://www.argos.co.uk/static/Product/partNumber/4249575.htm#pdpProductReviews","(142)","","http://www.argos.co.uk/wcsstore/argos/en_GB/images/rating/stars/rating-4_3.gif","","142","+ 2 special offers","2","http://www.argos.co.uk/wcsstore/argos/en_GB/images/icon_collection_grey.png","","http://www.argos.co.uk/wcsstore/argos/en_GB/images/green_arrow.png","","http://www.argos.co.uk/wcsstore/argos/en_GB/images/icon_collection_disabled.png","","http://www.argos.co.uk/wcsstore/argos/en_GB/images/grey_arrow.gif","","http://www.argos.co.uk/wcsstore/argos/en_GB/images/icon_delivery_grey.png","","http://www.argos.co.uk/wcsstore/argos/en_GB/images/icon_delivery_disabled.png","","+ Free Delivery","http://www.argos.co.uk/webapp/wcs/stores/servlet/ArgosProductPurchaseNoJS?storeId=10151&langId=110&catalogId=25051&URL=OrderItemDisplay&errorViewName=ArgosGenericErrorView&catEntryId=1336873&partNumber=4249575&quantity=1","Add To Trolley","Buy or Reserve SIM Free Alcatel ONETOUCH Pixi 3 4.5.","http://www.argos.co.uk/webapp/wcs/stores/servlet/ArgosProductPurchaseNoJS?storeId=10151&langId=110&catalogId=25051&URL=OrderItemDisplay&errorViewName=ArgosGenericErrorView&catEntryId=1336873&partNumber=4249575&quantity=1","Buy or Reserve","Buy or Reserve SIM Free Alcatel ONETOUCH Pixi 3 4.5.","http://www.argos.co.uk/static/Product/partNumber/4249575.htm","","more details on SIM Free Alcatel ONETOUCH Pixi 3 4.5.","http://argos.scene7.com/is/image/Argos/4249575_R_SET?$Listers$","more details on SIM Free Alcatel ONETOUCH Pixi 3 4.5.","Currently out of stock for delivery","","Reserve to collect in store","Compare"
"http://www.argos.co.uk/static/Product/partNumber/3315651.htm","Sim Free Apple iPhone 5S 16GB Mobile Phone - Space Grey.","more details on Sim Free Apple iPhone 5S 16GB Mobile Phone - Space Grey.","3315651","279","http://www.argos.co.uk/wcsstore/argos/en_GB/siteAssets/images/fasttrack_icon.png","Fast Track","Was","379","Save £100.00","100","http://www.argos.co.uk/static/Product/partNumber/3315651.htm#pdpProductReviews","(199)","","http://www.argos.co.uk/wcsstore/argos/en_GB/images/rating/stars/rating-4_8.gif","","199","+ 2 special offers","2","http://www.argos.co.uk/wcsstore/argos/en_GB/images/icon_collection_grey.png","","http://www.argos.co.uk/wcsstore/argos/en_GB/images/green_arrow.png","","http://www.argos.co.uk/wcsstore/argos/en_GB/images/icon_collection_disabled.png","","http://www.argos.co.uk/wcsstore/argos/en_GB/images/grey_arrow.gif","","http://www.argos.co.uk/wcsstore/argos/en_GB/images/icon_delivery_grey.png","","http://www.argos.co.uk/wcsstore/argos/en_GB/images/icon_delivery_disabled.png","","+ Free Delivery","http://www.argos.co.uk/webapp/wcs/stores/servlet/ArgosProductPurchaseNoJS?storeId=10151&langId=110&catalogId=25051&URL=OrderItemDisplay&errorViewName=ArgosGenericErrorView&catEntryId=1221508&partNumber=3315651&quantity=1","Add To Trolley","Buy or Reserve Sim Free Apple iPhone 5S 16GB Mobile Phone - Space Grey.","http://www.argos.co.uk/webapp/wcs/stores/servlet/ArgosProductPurchaseNoJS?storeId=10151&langId=110&catalogId=25051&URL=OrderItemDisplay&errorViewName=ArgosGenericErrorView&catEntryId=1221508&partNumber=3315651&quantity=1","Buy or Reserve","Buy or Reserve Sim Free Apple iPhone 5S 16GB Mobile Phone - Space Grey.","http://www.argos.co.uk/static/Product/partNumber/3315651.htm","","more details on Sim Free Apple iPhone 5S 16GB Mobile Phone - Space Grey.","http://argos.scene7.com/is/image/Argos/3315651_R_SET?$Listers$","more details on Sim Free Apple iPhone 5S 16GB Mobile Phone - Space Grey.","Currently out of stock for delivery","","Reserve to collect in store","Compare"
"http://www.argos.co.uk/static/Product/partNumber/4553900.htm","Sim Free Apple iPhone 6s 16GB Mobile Phone - Space Grey.","more details on Sim Free Apple iPhone 6s 16GB Mobile Phone - Space Grey.","4553900","539","http://www.argos.co.uk/wcsstore/argos/en_GB/siteAssets/images/fasttrack_icon.png","Fast Track","","","","","http://www.argos.co.uk/static/Product/partNumber/4553900.htm#pdpProductReviews","(64)","","http://www.argos.co.uk/wcsstore/argos/en_GB/images/rating/stars/rating-4_8.gif","","64","+ 3 special offers","3","http://www.argos.co.uk/wcsstore/argos/en_GB/images/icon_collection_grey.png","","http://www.argos.co.uk/wcsstore/argos/en_GB/images/green_arrow.png","","http://www.argos.co.uk/wcsstore/argos/en_GB/images/icon_collection_disabled.png","","http://www.argos.co.uk/wcsstore/argos/en_GB/images/grey_arrow.gif","","http://www.argos.co.uk/wcsstore/argos/en_GB/images/icon_delivery_grey.png","","http://www.argos.co.uk/wcsstore/argos/en_GB/images/icon_delivery_disabled.png","","+ Free Delivery","http://www.argos.co.uk/webapp/wcs/stores/servlet/ArgosProductPurchaseNoJS?storeId=10151&langId=110&catalogId=25051&URL=OrderItemDisplay&errorViewName=ArgosGenericErrorView&catEntryId=1373335&partNumber=4553900&quantity=1","Add To Trolley","Buy or Reserve Sim Free Apple iPhone 6s 16GB Mobile Phone - Space Grey.","http://www.argos.co.uk/webapp/wcs/stores/servlet/ArgosProductPurchaseNoJS?storeId=10151&langId=110&catalogId=25051&URL=OrderItemDisplay&errorViewName=ArgosGenericErrorView&catEntryId=1373335&partNumber=4553900&quantity=1","Buy or Reserve","Buy or Reserve Sim Free Apple iPhone 6s 16GB Mobile Phone - Space Grey.","http://www.argos.co.uk/static/Product/partNumber/4553900.htm","","more details on Sim Free Apple iPhone 6s 16GB Mobile Phone - Space Grey.","http://argos.scene7.com/is/image/Argos/4553900_R_SET?$Listers$","more details on Sim Free Apple iPhone 6s 16GB Mobile Phone - Space Grey.","Order now for delivery <span>within <span>2 days</span></span>","","Reserve to collect in store","Compare"
"http://www.argos.co.uk/static/Product/partNumber/4532055.htm","Sim Free Apple iPhone 6s 16GB Mobile Phone - Rose Gold.","more details on Sim Free Apple iPhone 6s 16GB Mobile Phone - Rose Gold.","4532055","539","http://www.argos.co.uk/wcsstore/argos/en_GB/siteAssets/images/fasttrack_icon.png","Fast Track","","","","","http://www.argos.co.uk/static/Product/partNumber/4532055.htm#pdpProductReviews","(53)","","http://www.argos.co.uk/wcsstore/argos/en_GB/images/rating/stars/rating-4_9.gif","","53","+ 3 special offers","3","http://www.argos.co.uk/wcsstore/argos/en_GB/images/icon_collection_grey.png","","http://www.argos.co.uk/wcsstore/argos/en_GB/images/green_arrow.png","","http://www.argos.co.uk/wcsstore/argos/en_GB/images/icon_collection_disabled.png","","http://www.argos.co.uk/wcsstore/argos/en_GB/images/grey_arrow.gif","","http://www.argos.co.uk/wcsstore/argos/en_GB/images/icon_delivery_grey.png","","http://www.argos.co.uk/wcsstore/argos/en_GB/images/icon_delivery_disabled.png","","+ Free Delivery","http://www.argos.co.uk/webapp/wcs/stores/servlet/ArgosProductPurchaseNoJS?storeId=10151&langId=110&catalogId=25051&URL=OrderItemDisplay&errorViewName=ArgosGenericErrorView&catEntryId=1373337&partNumber=4532055&quantity=1","Add To Trolley","Buy or Reserve Sim Free Apple iPhone 6s 16GB Mobile Phone - Rose Gold.","http://www.argos.co.uk/webapp/wcs/stores/servlet/ArgosProductPurchaseNoJS?storeId=10151&langId=110&catalogId=25051&URL=OrderItemDisplay&errorViewName=ArgosGenericErrorView&catEntryId=1373337&partNumber=4532055&quantity=1","Buy or Reserve","Buy or Reserve Sim Free Apple iPhone 6s 16GB Mobile Phone - Rose Gold.","http://www.argos.co.uk/static/Product/partNumber/4532055.htm","","more details on Sim Free Apple iPhone 6s 16GB Mobile Phone - Rose Gold.","http://argos.scene7.com/is/image/Argos/4532055_R_SET?$Listers$","more details on Sim Free Apple iPhone 6s 16GB Mobile Phone - Rose Gold.","Order now for delivery <span>within <span>2 days</span></span>","","Reserve to collect in store","Compare"
"http://www.argos.co.uk/static/Product/partNumber/5077904.htm","Sim Free Alba 4"" 4G Mobile Phone.","more details on Sim Free Alba 4"" 4G Mobile Phone.","5077904","49.95","","","","","","","http://www.argos.co.uk/static/Product/partNumber/5077904.htm#pdpProductReviews","(29)","","http://www.argos.co.uk/wcsstore/argos/en_GB/images/rating/stars/rating-4_3.gif","","29","+ 4 special offers","4","http://www.argos.co.uk/wcsstore/argos/en_GB/images/icon_collection_grey.png","","http://www.argos.co.uk/wcsstore/argos/en_GB/images/green_arrow.png","","http://www.argos.co.uk/wcsstore/argos/en_GB/images/icon_collection_disabled.png","","http://www.argos.co.uk/wcsstore/argos/en_GB/images/grey_arrow.gif","","http://www.argos.co.uk/wcsstore/argos/en_GB/images/icon_delivery_grey.png","","http://www.argos.co.uk/wcsstore/argos/en_GB/images/icon_delivery_disabled.png","","+ Free Delivery","http://www.argos.co.uk/webapp/wcs/stores/servlet/ArgosProductPurchaseNoJS?storeId=10151&langId=110&catalogId=25051&URL=OrderItemDisplay&errorViewName=ArgosGenericErrorView&catEntryId=1395887&partNumber=5077904&quantity=1","Add To Trolley","Buy or Reserve Sim Free Alba 4"" 4G Mobile Phone.","http://www.argos.co.uk/webapp/wcs/stores/servlet/ArgosProductPurchaseNoJS?storeId=10151&langId=110&catalogId=25051&URL=OrderItemDisplay&errorViewName=ArgosGenericErrorView&catEntryId=1395887&partNumber=5077904&quantity=1","Buy or Reserve","Buy or Reserve Sim Free Alba 4"" 4G Mobile Phone.","http://www.argos.co.uk/static/Product/partNumber/5077904.htm","","more details on Sim Free Alba 4"" 4G Mobile Phone.","http://argos.scene7.com/is/image/Argos/5077904_R_SET?$Listers$","more details on Sim Free Alba 4"" 4G Mobile Phone.","Currently out of stock for delivery","","Reserve to collect in store","Compare"
"http://www.argos.co.uk/static/Product/partNumber/5178906.htm","Sim Free Motorola Moto G 16GB Mobile Phone.","more details on Sim Free Motorola Moto G 16GB Mobile Phone.","5178906","159.95","http://www.argos.co.uk/wcsstore/argos/en_GB/siteAssets/images/fasttrack_icon.png","Fast Track","Was","169.95","Save £10.00","10","http://www.argos.co.uk/static/Product/partNumber/5178906.htm#pdpProductReviews","(28)","","http://www.argos.co.uk/wcsstore/argos/en_GB/images/rating/stars/rating-4_5.gif","","28","+ 4 special offers","4","http://www.argos.co.uk/wcsstore/argos/en_GB/images/icon_collection_grey.png","","http://www.argos.co.uk/wcsstore/argos/en_GB/images/green_arrow.png","","http://www.argos.co.uk/wcsstore/argos/en_GB/images/icon_collection_disabled.png","","http://www.argos.co.uk/wcsstore/argos/en_GB/images/grey_arrow.gif","","http://www.argos.co.uk/wcsstore/argos/en_GB/images/icon_delivery_grey.png","","http://www.argos.co.uk/wcsstore/argos/en_GB/images/icon_delivery_disabled.png","","+ Free Delivery","http://www.argos.co.uk/webapp/wcs/stores/servlet/ArgosProductPurchaseNoJS?storeId=10151&langId=110&catalogId=25051&URL=OrderItemDisplay&errorViewName=ArgosGenericErrorView&catEntryId=1399827&partNumber=5178906&quantity=1","Add To Trolley","Buy or Reserve Sim Free Motorola Moto G 16GB Mobile Phone.","http://www.argos.co.uk/webapp/wcs/stores/servlet/ArgosProductPurchaseNoJS?storeId=10151&langId=110&catalogId=25051&URL=OrderItemDisplay&errorViewName=ArgosGenericErrorView&catEntryId=1399827&partNumber=5178906&quantity=1","Buy or Reserve","Buy or Reserve Sim Free Motorola Moto G 16GB Mobile Phone.","http://www.argos.co.uk/static/Product/partNumber/5178906.htm","","more details on Sim Free Motorola Moto G 16GB Mobile Phone.","http://argos.scene7.com/is/image/Argos/5178906_R_SET?$Listers$","more details on Sim Free Motorola Moto G 16GB Mobile Phone.","Currently out of stock for delivery","","Reserve to collect in store","Compare"
"http://www.argos.co.uk/static/Product/partNumber/3856299.htm","Sim Free Samsung Galaxy S6 32GB - White.","more details on Sim Free Samsung Galaxy S6 32GB - White.","3856299","419.95","http://www.argos.co.uk/wcsstore/argos/en_GB/siteAssets/images/fasttrack_icon.png","Fast Track","","","","","http://www.argos.co.uk/static/Product/partNumber/3856299.htm#pdpProductReviews","(75)","","http://www.argos.co.uk/wcsstore/argos/en_GB/images/rating/stars/rating-4_8.gif","","75","+ 4 special offers","4","http://www.argos.co.uk/wcsstore/argos/en_GB/images/icon_collection_grey.png","","http://www.argos.co.uk/wcsstore/argos/en_GB/images/green_arrow.png","","http://www.argos.co.uk/wcsstore/argos/en_GB/images/icon_collection_disabled.png","","http://www.argos.co.uk/wcsstore/argos/en_GB/images/grey_arrow.gif","","http://www.argos.co.uk/wcsstore/argos/en_GB/images/icon_delivery_grey.png","","http://www.argos.co.uk/wcsstore/argos/en_GB/images/icon_delivery_disabled.png","","+ Free Delivery","http://www.argos.co.uk/webapp/wcs/stores/servlet/ArgosProductPurchaseNoJS?storeId=10151&langId=110&catalogId=25051&URL=OrderItemDisplay&errorViewName=ArgosGenericErrorView&catEntryId=1290894&partNumber=3856299&quantity=1","Add To Trolley","Buy or Reserve Sim Free Samsung Galaxy S6 32GB - White.","http://www.argos.co.uk/webapp/wcs/stores/servlet/ArgosProductPurchaseNoJS?storeId=10151&langId=110&catalogId=25051&URL=OrderItemDisplay&errorViewName=ArgosGenericErrorView&catEntryId=1290894&partNumber=3856299&quantity=1","Buy or Reserve","Buy or Reserve Sim Free Samsung Galaxy S6 32GB - White.","http://www.argos.co.uk/static/Product/partNumber/3856299.htm","","more details on Sim Free Samsung Galaxy S6 32GB - White.","http://argos.scene7.com/is/image/Argos/3856299_R_SET?$Listers$","more details on Sim Free Samsung Galaxy S6 32GB - White.","Order now for delivery <span>within <span>2 days</span></span>","","Reserve to collect in store","Compare"
"http://www.argos.co.uk/static/Product/partNumber/5039849.htm","Sim Free Doro 6030 Flip Mobile Phone.","more details on Sim Free Doro 6030 Flip Mobile Phone.","5039849","49.95","http://www.argos.co.uk/wcsstore/argos/en_GB/siteAssets/images/fasttrack_icon.png","Fast Track","","","","","http://www.argos.co.uk/static/Product/partNumber/5039849.htm#pdpProductReviews","(16)","","http://www.argos.co.uk/wcsstore/argos/en_GB/images/rating/stars/rating-4_5.gif","","16","+ 2 special offers","2","http://www.argos.co.uk/wcsstore/argos/en_GB/images/icon_collection_grey.png","","http://www.argos.co.uk/wcsstore/argos/en_GB/images/green_arrow.png","","http://www.argos.co.uk/wcsstore/argos/en_GB/images/icon_collection_disabled.png","","http://www.argos.co.uk/wcsstore/argos/en_GB/images/grey_arrow.gif","","http://www.argos.co.uk/wcsstore/argos/en_GB/images/icon_delivery_grey.png","","http://www.argos.co.uk/wcsstore/argos/en_GB/images/icon_delivery_disabled.png","","+ Free Delivery","http://www.argos.co.uk/webapp/wcs/stores/servlet/ArgosProductPurchaseNoJS?storeId=10151&langId=110&catalogId=25051&URL=OrderItemDisplay&errorViewName=ArgosGenericErrorView&catEntryId=1398694&partNumber=5039849&quantity=1","Add To Trolley","Buy or Reserve Sim Free Doro 6030 Flip Mobile Phone.","http://www.argos.co.uk/webapp/wcs/stores/servlet/ArgosProductPurchaseNoJS?storeId=10151&langId=110&catalogId=25051&URL=OrderItemDisplay&errorViewName=ArgosGenericErrorView&catEntryId=1398694&partNumber=5039849&quantity=1","Buy or Reserve","Buy or Reserve Sim Free Doro 6030 Flip Mobile Phone.","http://www.argos.co.uk/static/Product/partNumber/5039849.htm","","more details on Sim Free Doro 6030 Flip Mobile Phone.","http://argos.scene7.com/is/image/Argos/5039849_R_SET?$Listers$","more details on Sim Free Doro 6030 Flip Mobile Phone.","Order now for delivery <span>within <span>2 days</span></span>","","Reserve to collect in store","Compare"
"http://www.argos.co.uk/static/Product/partNumber/4381196.htm","Sim Free Samsung Galaxy Core Prime - White.","more details on Sim Free Samsung Galaxy Core Prime - White.","4381196","119.95","http://www.argos.co.uk/wcsstore/argos/en_GB/siteAssets/images/fasttrack_icon.png","Fast Track","","","","","http://www.argos.co.uk/static/Product/partNumber/4381196.htm#pdpProductReviews","(151)","","http://www.argos.co.uk/wcsstore/argos/en_GB/images/rating/stars/rating-4_7.gif","","151","","","http://www.argos.co.uk/wcsstore/argos/en_GB/images/icon_collection_grey.png","","http://www.argos.co.uk/wcsstore/argos/en_GB/images/green_arrow.png","","http://www.argos.co.uk/wcsstore/argos/en_GB/images/icon_collection_disabled.png","","http://www.argos.co.uk/wcsstore/argos/en_GB/images/grey_arrow.gif","","http://www.argos.co.uk/wcsstore/argos/en_GB/images/icon_delivery_grey.png","","http://www.argos.co.uk/wcsstore/argos/en_GB/images/icon_delivery_disabled.png","","","http://www.argos.co.uk/webapp/wcs/stores/servlet/ArgosProductPurchaseNoJS?storeId=10151&langId=110&catalogId=25051&URL=OrderItemDisplay&errorViewName=ArgosGenericErrorView&catEntryId=1335597&partNumber=4381196&quantity=1","Add To Trolley","Buy or Reserve Sim Free Samsung Galaxy Core Prime - White.","http://www.argos.co.uk/webapp/wcs/stores/servlet/ArgosProductPurchaseNoJS?storeId=10151&langId=110&catalogId=25051&URL=OrderItemDisplay&errorViewName=ArgosGenericErrorView&catEntryId=1335597&partNumber=4381196&quantity=1","Buy or Reserve","Buy or Reserve Sim Free Samsung Galaxy Core Prime - White.","http://www.argos.co.uk/static/Product/partNumber/4381196.htm","","more details on Sim Free Samsung Galaxy Core Prime - White.","http://argos.scene7.com/is/image/Argos/4381196_R_SET?$Listers$","more details on Sim Free Samsung Galaxy Core Prime - White.","Currently out of stock for delivery","","Reserve to collect in store","Compare"
"http://www.argos.co.uk/static/Product/partNumber/4973212.htm","Sim Free Bush Spira E2X Mobile Phone - Black.","more details on Sim Free Bush Spira E2X Mobile Phone - Black.","4973212","129.95","http://www.argos.co.uk/wcsstore/argos/en_GB/siteAssets/images/fasttrack_icon.png","Fast Track","Was","149.95","Save £20.00","20","http://www.argos.co.uk/static/Product/partNumber/4973212.htm#pdpProductReviews","(6)","","http://www.argos.co.uk/wcsstore/argos/en_GB/images/rating/stars/rating-4_8.gif","","6","+ 4 special offers","4","http://www.argos.co.uk/wcsstore/argos/en_GB/images/icon_collection_grey.png","","http://www.argos.co.uk/wcsstore/argos/en_GB/images/green_arrow.png","","http://www.argos.co.uk/wcsstore/argos/en_GB/images/icon_collection_disabled.png","","http://www.argos.co.uk/wcsstore/argos/en_GB/images/grey_arrow.gif","","http://www.argos.co.uk/wcsstore/argos/en_GB/images/icon_delivery_grey.png","","http://www.argos.co.uk/wcsstore/argos/en_GB/images/icon_delivery_disabled.png","","+ Free Delivery","http://www.argos.co.uk/webapp/wcs/stores/servlet/ArgosProductPurchaseNoJS?storeId=10151&langId=110&catalogId=25051&URL=OrderItemDisplay&errorViewName=ArgosGenericErrorView&catEntryId=1407811&partNumber=4973212&quantity=1","Add To Trolley","Buy or Reserve Sim Free Bush Spira E2X Mobile Phone - Black.","http://www.argos.co.uk/webapp/wcs/stores/servlet/ArgosProductPurchaseNoJS?storeId=10151&langId=110&catalogId=25051&URL=OrderItemDisplay&errorViewName=ArgosGenericErrorView&catEntryId=1407811&partNumber=4973212&quantity=1","Buy or Reserve","Buy or Reserve Sim Free Bush Spira E2X Mobile Phone - Black.","http://www.argos.co.uk/static/Product/partNumber/4973212.htm","","more details on Sim Free Bush Spira E2X Mobile Phone - Black.","http://argos.scene7.com/is/image/Argos/4973212_R_SET?$Listers$","more details on Sim Free Bush Spira E2X Mobile Phone - Black.","Order now for delivery <span>within <span>2 days</span></span>","","Reserve to collect in store","Compare"
"http://www.argos.co.uk/static/Product/partNumber/5056781.htm","Sim Free LG Leon Mobile Phone.","more details on Sim Free LG Leon Mobile Phone.","5056781","89.95","","","Was","99.95","Save 10%","","http://www.argos.co.uk/static/Product/partNumber/5056781.htm#pdpProductReviews","(18)","","http://www.argos.co.uk/wcsstore/argos/en_GB/images/rating/stars/rating-4_8.gif","","18","+ 4 special offers","4","http://www.argos.co.uk/wcsstore/argos/en_GB/images/icon_collection_grey.png","","http://www.argos.co.uk/wcsstore/argos/en_GB/images/green_arrow.png","","http://www.argos.co.uk/wcsstore/argos/en_GB/images/icon_collection_disabled.png","","http://www.argos.co.uk/wcsstore/argos/en_GB/images/grey_arrow.gif","","http://www.argos.co.uk/wcsstore/argos/en_GB/images/icon_delivery_grey.png","","http://www.argos.co.uk/wcsstore/argos/en_GB/images/icon_delivery_disabled.png","","+ Free Delivery","http://www.argos.co.uk/webapp/wcs/stores/servlet/ArgosProductPurchaseNoJS?storeId=10151&langId=110&catalogId=25051&URL=OrderItemDisplay&errorViewName=ArgosGenericErrorView&catEntryId=1409060&partNumber=5056781&quantity=1","Add To Trolley","Buy or Reserve Sim Free LG Leon Mobile Phone.","http://www.argos.co.uk/webapp/wcs/stores/servlet/ArgosProductPurchaseNoJS?storeId=10151&langId=110&catalogId=25051&URL=OrderItemDisplay&errorViewName=ArgosGenericErrorView&catEntryId=1409060&partNumber=5056781&quantity=1","Buy or Reserve","Buy or Reserve Sim Free LG Leon Mobile Phone.","http://www.argos.co.uk/static/Product/partNumber/5056781.htm","","more details on Sim Free LG Leon Mobile Phone.","http://argos.scene7.com/is/image/Argos/5056781_R_SET?$Listers$","more details on Sim Free LG Leon Mobile Phone.","Order now for delivery <span>within <span>2 days</span></span>","","Reserve to collect in store","Compare"
"http://www.argos.co.uk/static/Product/partNumber/4448510.htm","Sim Free Apple iPhone 6 64GB Mobile Phone - Silver.","more details on Sim Free Apple iPhone 6 64GB Mobile Phone - Silver.","4448510","539","http://www.argos.co.uk/wcsstore/argos/en_GB/siteAssets/images/fasttrack_icon.png","Fast Track","","","","","http://www.argos.co.uk/static/Product/partNumber/4448510.htm#pdpProductReviews","(86)","","http://www.argos.co.uk/wcsstore/argos/en_GB/images/rating/stars/rating-4_9.gif","","86","+ 3 special offers","3","http://www.argos.co.uk/wcsstore/argos/en_GB/images/icon_collection_grey.png","","http://www.argos.co.uk/wcsstore/argos/en_GB/images/green_arrow.png","","http://www.argos.co.uk/wcsstore/argos/en_GB/images/icon_collection_disabled.png","","http://www.argos.co.uk/wcsstore/argos/en_GB/images/grey_arrow.gif","","http://www.argos.co.uk/wcsstore/argos/en_GB/images/icon_delivery_grey.png","","http://www.argos.co.uk/wcsstore/argos/en_GB/images/icon_delivery_disabled.png","","+ Free Delivery","http://www.argos.co.uk/webapp/wcs/stores/servlet/ArgosProductPurchaseNoJS?storeId=10151&langId=110&catalogId=25051&URL=OrderItemDisplay&errorViewName=ArgosGenericErrorView&catEntryId=1332641&partNumber=4448510&quantity=1","Add To Trolley","Buy or Reserve Sim Free Apple iPhone 6 64GB Mobile Phone - Silver.","http://www.argos.co.uk/webapp/wcs/stores/servlet/ArgosProductPurchaseNoJS?storeId=10151&langId=110&catalogId=25051&URL=OrderItemDisplay&errorViewName=ArgosGenericErrorView&catEntryId=1332641&partNumber=4448510&quantity=1","Buy or Reserve","Buy or Reserve Sim Free Apple iPhone 6 64GB Mobile Phone - Silver.","http://www.argos.co.uk/static/Product/partNumber/4448510.htm","","more details on Sim Free Apple iPhone 6 64GB Mobile Phone - Silver.","http://argos.scene7.com/is/image/Argos/4448510_R_SET?$Listers$","more details on Sim Free Apple iPhone 6 64GB Mobile Phone - Silver.","Order now for delivery <span>within <span>2 days</span></span>","","Reserve to collect in store","Compare"
"http://www.argos.co.uk/static/Product/partNumber/4452953.htm","Sim Free Apple iPhone 6 64GB Mobile Phone - Space Grey.","more details on Sim Free Apple iPhone 6 64GB Mobile Phone - Space Grey.","4452953","539","http://www.argos.co.uk/wcsstore/argos/en_GB/siteAssets/images/fasttrack_icon.png","Fast Track","","","","","http://www.argos.co.uk/static/Product/partNumber/4452953.htm#pdpProductReviews","(56)","","http://www.argos.co.uk/wcsstore/argos/en_GB/images/rating/stars/rating-4_9.gif","","56","+ 3 special offers","3","http://www.argos.co.uk/wcsstore/argos/en_GB/images/icon_collection_grey.png","","http://www.argos.co.uk/wcsstore/argos/en_GB/images/green_arrow.png","","http://www.argos.co.uk/wcsstore/argos/en_GB/images/icon_collection_disabled.png","","http://www.argos.co.uk/wcsstore/argos/en_GB/images/grey_arrow.gif","","http://www.argos.co.uk/wcsstore/argos/en_GB/images/icon_delivery_grey.png","","http://www.argos.co.uk/wcsstore/argos/en_GB/images/icon_delivery_disabled.png","","+ Free Delivery","http://www.argos.co.uk/webapp/wcs/stores/servlet/ArgosProductPurchaseNoJS?storeId=10151&langId=110&catalogId=25051&URL=OrderItemDisplay&errorViewName=ArgosGenericErrorView&catEntryId=1332637&partNumber=4452953&quantity=1","Add To Trolley","Buy or Reserve Sim Free Apple iPhone 6 64GB Mobile Phone - Space Grey.","http://www.argos.co.uk/webapp/wcs/stores/servlet/ArgosProductPurchaseNoJS?storeId=10151&langId=110&catalogId=25051&URL=OrderItemDisplay&errorViewName=ArgosGenericErrorView&catEntryId=1332637&partNumber=4452953&quantity=1","Buy or Reserve","Buy or Reserve Sim Free Apple iPhone 6 64GB Mobile Phone - Space Grey.","http://www.argos.co.uk/static/Product/partNumber/4452953.htm","","more details on Sim Free Apple iPhone 6 64GB Mobile Phone - Space Grey.","http://argos.scene7.com/is/image/Argos/4452953_R_SET?$Listers$","more details on Sim Free Apple iPhone 6 64GB Mobile Phone - Space Grey.","Order now for delivery <span>within <span>2 days</span></span>","","Reserve to collect in store","Compare"
"http://www.argos.co.uk/static/Product/partNumber/4366568.htm","Sim Free Apple iPhone 6 16GB Mobile Phone - Silver.","more details on Sim Free Apple iPhone 6 16GB Mobile Phone - Silver.","4366568","459","http://www.argos.co.uk/wcsstore/argos/en_GB/siteAssets/images/fasttrack_icon.png","Fast Track","","","","","http://www.argos.co.uk/static/Product/partNumber/4366568.htm#pdpProductReviews","(206)","","http://www.argos.co.uk/wcsstore/argos/en_GB/images/rating/stars/rating-4_8.gif","","206","+ 3 special offers","3","http://www.argos.co.uk/wcsstore/argos/en_GB/images/icon_collection_grey.png","","http://www.argos.co.uk/wcsstore/argos/en_GB/images/green_arrow.png","","http://www.argos.co.uk/wcsstore/argos/en_GB/images/icon_collection_disabled.png","","http://www.argos.co.uk/wcsstore/argos/en_GB/images/grey_arrow.gif","","http://www.argos.co.uk/wcsstore/argos/en_GB/images/icon_delivery_grey.png","","http://www.argos.co.uk/wcsstore/argos/en_GB/images/icon_delivery_disabled.png","","+ Free Delivery","http://www.argos.co.uk/webapp/wcs/stores/servlet/ArgosProductPurchaseNoJS?storeId=10151&langId=110&catalogId=25051&URL=OrderItemDisplay&errorViewName=ArgosGenericErrorView&catEntryId=1332605&partNumber=4366568&quantity=1","Add To Trolley","Buy or Reserve Sim Free Apple iPhone 6 16GB Mobile Phone - Silver.","http://www.argos.co.uk/webapp/wcs/stores/servlet/ArgosProductPurchaseNoJS?storeId=10151&langId=110&catalogId=25051&URL=OrderItemDisplay&errorViewName=ArgosGenericErrorView&catEntryId=1332605&partNumber=4366568&quantity=1","Buy or Reserve","Buy or Reserve Sim Free Apple iPhone 6 16GB Mobile Phone - Silver.","http://www.argos.co.uk/static/Product/partNumber/4366568.htm","","more details on Sim Free Apple iPhone 6 16GB Mobile Phone - Silver.","http://argos.scene7.com/is/image/Argos/4366568_R_SET?$Listers$","more details on Sim Free Apple iPhone 6 16GB Mobile Phone - Silver.","Order now for delivery <span>within <span>2 days</span></span>","","Reserve to collect in store","Compare"
"http://www.argos.co.uk/static/Product/partNumber/4174073.htm","SIM FREE NOKIA 130","more details on SIM FREE NOKIA 130","4174073","19.95","http://www.argos.co.uk/wcsstore/argos/en_GB/siteAssets/images/fasttrack_icon.png","Fast Track","","","","","http://www.argos.co.uk/static/Product/partNumber/4174073.htm#pdpProductReviews","(75)","","http://www.argos.co.uk/wcsstore/argos/en_GB/images/rating/stars/rating-4_0.gif","","75","+ 2 special offers","2","http://www.argos.co.uk/wcsstore/argos/en_GB/images/icon_collection_grey.png","","http://www.argos.co.uk/wcsstore/argos/en_GB/images/green_arrow.png","","http://www.argos.co.uk/wcsstore/argos/en_GB/images/icon_collection_disabled.png","","http://www.argos.co.uk/wcsstore/argos/en_GB/images/grey_arrow.gif","","http://www.argos.co.uk/wcsstore/argos/en_GB/images/icon_delivery_grey.png","","http://www.argos.co.uk/wcsstore/argos/en_GB/images/icon_delivery_disabled.png","","+ Free Delivery","http://www.argos.co.uk/webapp/wcs/stores/servlet/ArgosProductPurchaseNoJS?storeId=10151&langId=110&catalogId=25051&URL=OrderItemDisplay&errorViewName=ArgosGenericErrorView&catEntryId=1361581&partNumber=4174073&quantity=1","Add To Trolley","Buy or Reserve SIM FREE NOKIA 130","http://www.argos.co.uk/webapp/wcs/stores/servlet/ArgosProductPurchaseNoJS?storeId=10151&langId=110&catalogId=25051&URL=OrderItemDisplay&errorViewName=ArgosGenericErrorView&catEntryId=1361581&partNumber=4174073&quantity=1","Buy or Reserve","Buy or Reserve SIM FREE NOKIA 130","http://www.argos.co.uk/static/Product/partNumber/4174073.htm","","more details on SIM FREE NOKIA 130","http://argos.scene7.com/is/image/Argos/4174073_R_SET?$Listers$","more details on SIM FREE NOKIA 130","Order now for delivery <span>within <span>2 days</span></span>","","Reserve to collect in store","Compare"
"http://www.argos.co.uk/static/Product/partNumber/3912858.htm","Sim Free Bush Spira C1 5"" 4G Mobile Phone.","more details on Sim Free Bush Spira C1 5"" 4G Mobile Phone.","3912858","79.95","http://www.argos.co.uk/wcsstore/argos/en_GB/siteAssets/images/fasttrack_icon.png","Fast Track","Was","99.95","Save 20%","","http://www.argos.co.uk/static/Product/partNumber/3912858.htm#pdpProductReviews","(53)","","http://www.argos.co.uk/wcsstore/argos/en_GB/images/rating/stars/rating-3_8.gif","","53","","","http://www.argos.co.uk/wcsstore/argos/en_GB/images/icon_collection_grey.png","","http://www.argos.co.uk/wcsstore/argos/en_GB/images/green_arrow.png","","http://www.argos.co.uk/wcsstore/argos/en_GB/images/icon_collection_disabled.png","","http://www.argos.co.uk/wcsstore/argos/en_GB/images/grey_arrow.gif","","http://www.argos.co.uk/wcsstore/argos/en_GB/images/icon_delivery_grey.png","","http://www.argos.co.uk/wcsstore/argos/en_GB/images/icon_delivery_disabled.png","","+ Free Delivery","http://www.argos.co.uk/webapp/wcs/stores/servlet/ArgosProductPurchaseNoJS?storeId=10151&langId=110&catalogId=25051&URL=OrderItemDisplay&errorViewName=ArgosGenericErrorView&catEntryId=1330667&partNumber=3912858&quantity=1","Add To Trolley","Buy or Reserve Sim Free Bush Spira C1 5"" 4G Mobile Phone.","http://www.argos.co.uk/webapp/wcs/stores/servlet/ArgosProductPurchaseNoJS?storeId=10151&langId=110&catalogId=25051&URL=OrderItemDisplay&errorViewName=ArgosGenericErrorView&catEntryId=1330667&partNumber=3912858&quantity=1","Buy or Reserve","Buy or Reserve Sim Free Bush Spira C1 5"" 4G Mobile Phone.","http://www.argos.co.uk/static/Product/partNumber/3912858.htm","","more details on Sim Free Bush Spira C1 5"" 4G Mobile Phone.","http://argos.scene7.com/is/image/Argos/3912858_R_SET?$Listers$","more details on Sim Free Bush Spira C1 5"" 4G Mobile Phone.","Order now for delivery <span>within <span>2 days</span></span>","","Reserve to collect in store","Compare"
"http://www.argos.co.uk/static/Product/partNumber/3818196.htm","CPR Sim Free Big Button Mobile with Call Blocking - Black.","more details on CPR Sim Free Big Button Mobile with Call Blocking - Black.","3818196","69.99","","","","","","","http://www.argos.co.uk/static/Product/partNumber/3818196.htm#pdpProductReviews","(2)","","http://www.argos.co.uk/wcsstore/argos/en_GB/images/rating/stars/rating-5_0.gif","","2","","","http://www.argos.co.uk/wcsstore/argos/en_GB/images/icon_collection_grey.png","","http://www.argos.co.uk/wcsstore/argos/en_GB/images/green_arrow.png","","http://www.argos.co.uk/wcsstore/argos/en_GB/images/icon_collection_disabled.png","","http://www.argos.co.uk/wcsstore/argos/en_GB/images/grey_arrow.gif","","http://www.argos.co.uk/wcsstore/argos/en_GB/images/icon_delivery_grey.png","","http://www.argos.co.uk/wcsstore/argos/en_GB/images/icon_delivery_disabled.png","","+ Free Delivery","http://www.argos.co.uk/webapp/wcs/stores/servlet/ArgosProductPurchaseNoJS?storeId=10151&langId=110&catalogId=25051&URL=OrderItemDisplay&errorViewName=ArgosGenericErrorView&catEntryId=1281836&partNumber=3818196&quantity=1","Add To Trolley","Buy or Reserve CPR Sim Free Big Button Mobile with Call Blocking - Black.","http://www.argos.co.uk/webapp/wcs/stores/servlet/ArgosProductPurchaseNoJS?storeId=10151&langId=110&catalogId=25051&URL=OrderItemDisplay&errorViewName=ArgosGenericErrorView&catEntryId=1281836&partNumber=3818196&quantity=1","Buy or Reserve","Buy or Reserve CPR Sim Free Big Button Mobile with Call Blocking - Black.","http://www.argos.co.uk/static/Product/partNumber/3818196.htm","","more details on CPR Sim Free Big Button Mobile with Call Blocking - Black.","http://argos.scene7.com/is/image/Argos/3818196_R_SET?$Listers$","more details on CPR Sim Free Big Button Mobile with Call Blocking - Black.","Order now for delivery <span>from <span>10 days</span><span title=""Estimated delivery times, subject to stock and your postcode""><img width=""5"" height=""10"" alt=""Estimated delivery times, subject to stock and your postcode"" src=""/wcsstore/argos/en_GB/images/p1/icon_isaltm_lister_delivery_footnote.gif""/></span></span>","","","Compare"
"http://www.argos.co.uk/static/Product/partNumber/3814860.htm","Sim Free HTC Desire 620 Mobile Phone - Grey.","more details on Sim Free HTC Desire 620 Mobile Phone - Grey.","3814860","129.99","","","Was","179.95","Save Over £49.00","49","http://www.argos.co.uk/static/Product/partNumber/3814860.htm#pdpProductReviews","(1)","","http://www.argos.co.uk/wcsstore/argos/en_GB/images/rating/stars/rating-4_0.gif","","1","","","http://www.argos.co.uk/wcsstore/argos/en_GB/images/icon_collection_grey.png","","http://www.argos.co.uk/wcsstore/argos/en_GB/images/green_arrow.png","","http://www.argos.co.uk/wcsstore/argos/en_GB/images/icon_collection_disabled.png","","http://www.argos.co.uk/wcsstore/argos/en_GB/images/grey_arrow.gif","","http://www.argos.co.uk/wcsstore/argos/en_GB/images/icon_delivery_grey.png","","http://www.argos.co.uk/wcsstore/argos/en_GB/images/icon_delivery_disabled.png","","","http://www.argos.co.uk/webapp/wcs/stores/servlet/ArgosProductPurchaseNoJS?storeId=10151&langId=110&catalogId=25051&URL=OrderItemDisplay&errorViewName=ArgosGenericErrorView&catEntryId=1287562&partNumber=3814860&quantity=1","Add To Trolley","Buy or Reserve Sim Free HTC Desire 620 Mobile Phone - Grey.","http://www.argos.co.uk/webapp/wcs/stores/servlet/ArgosProductPurchaseNoJS?storeId=10151&langId=110&catalogId=25051&URL=OrderItemDisplay&errorViewName=ArgosGenericErrorView&catEntryId=1287562&partNumber=3814860&quantity=1","Buy or Reserve","Buy or Reserve Sim Free HTC Desire 620 Mobile Phone - Grey.","http://www.argos.co.uk/static/Product/partNumber/3814860.htm","","more details on Sim Free HTC Desire 620 Mobile Phone - Grey.","http://argos.scene7.com/is/image/Argos/3814860_R_SET?$Listers$","more details on Sim Free HTC Desire 620 Mobile Phone - Grey.","","","Email me when back in stock","Compare"
"http://www.argos.co.uk/static/Product/partNumber/3816590.htm","Sim Free HTC Desire 320 Mobile Phone - Grey.","more details on Sim Free HTC Desire 320 Mobile Phone - Grey.","3816590","109.94","","","","","","","http://www.argos.co.uk/static/Product/partNumber/3816590.htm#pdpProductReviews","(2)","","http://www.argos.co.uk/wcsstore/argos/en_GB/images/rating/stars/rating-4_0.gif","","2","","","http://www.argos.co.uk/wcsstore/argos/en_GB/images/icon_collection_grey.png","","http://www.argos.co.uk/wcsstore/argos/en_GB/images/green_arrow.png","","http://www.argos.co.uk/wcsstore/argos/en_GB/images/icon_collection_disabled.png","","http://www.argos.co.uk/wcsstore/argos/en_GB/images/grey_arrow.gif","","http://www.argos.co.uk/wcsstore/argos/en_GB/images/icon_delivery_grey.png","","http://www.argos.co.uk/wcsstore/argos/en_GB/images/icon_delivery_disabled.png","","","http://www.argos.co.uk/webapp/wcs/stores/servlet/ArgosProductPurchaseNoJS?storeId=10151&langId=110&catalogId=25051&URL=OrderItemDisplay&errorViewName=ArgosGenericErrorView&catEntryId=1287564&partNumber=3816590&quantity=1","Add To Trolley","Buy or Reserve Sim Free HTC Desire 320 Mobile Phone - Grey.","http://www.argos.co.uk/webapp/wcs/stores/servlet/ArgosProductPurchaseNoJS?storeId=10151&langId=110&catalogId=25051&URL=OrderItemDisplay&errorViewName=ArgosGenericErrorView&catEntryId=1287564&partNumber=3816590&quantity=1","Buy or Reserve","Buy or Reserve Sim Free HTC Desire 320 Mobile Phone - Grey.","http://www.argos.co.uk/static/Product/partNumber/3816590.htm","","more details on Sim Free HTC Desire 320 Mobile Phone - Grey.","http://argos.scene7.com/is/image/Argos/3816590_R_SET?$Listers$","more details on Sim Free HTC Desire 320 Mobile Phone - Grey.","Order now for delivery <span>within <span>2 days</span></span>","","","Compare"
"http://www.argos.co.uk/static/Product/partNumber/4299769.htm","Sim Free Samsung Galaxy A5 Mobile Phone - White.","more details on Sim Free Samsung Galaxy A5 Mobile Phone - White.","4299769","229.95","http://www.argos.co.uk/wcsstore/argos/en_GB/siteAssets/images/fasttrack_icon.png","Fast Track","Was","259.95","Save £30.00","30","http://www.argos.co.uk/static/Product/partNumber/4299769.htm#pdpProductReviews","(120)","","http://www.argos.co.uk/wcsstore/argos/en_GB/images/rating/stars/rating-4_7.gif","","120","+ 4 special offers","4","http://www.argos.co.uk/wcsstore/argos/en_GB/images/icon_collection_grey.png","","http://www.argos.co.uk/wcsstore/argos/en_GB/images/green_arrow.png","","http://www.argos.co.uk/wcsstore/argos/en_GB/images/icon_collection_disabled.png","","http://www.argos.co.uk/wcsstore/argos/en_GB/images/grey_arrow.gif","","http://www.argos.co.uk/wcsstore/argos/en_GB/images/icon_delivery_grey.png","","http://www.argos.co.uk/wcsstore/argos/en_GB/images/icon_delivery_disabled.png","","+ Free Delivery","http://www.argos.co.uk/webapp/wcs/stores/servlet/ArgosProductPurchaseNoJS?storeId=10151&langId=110&catalogId=25051&URL=OrderItemDisplay&errorViewName=ArgosGenericErrorView&catEntryId=1324011&partNumber=4299769&quantity=1","Add To Trolley","Buy or Reserve Sim Free Samsung Galaxy A5 Mobile Phone - White.","http://www.argos.co.uk/webapp/wcs/stores/servlet/ArgosProductPurchaseNoJS?storeId=10151&langId=110&catalogId=25051&URL=OrderItemDisplay&errorViewName=ArgosGenericErrorView&catEntryId=1324011&partNumber=4299769&quantity=1","Buy or Reserve","Buy or Reserve Sim Free Samsung Galaxy A5 Mobile Phone - White.","http://www.argos.co.uk/static/Product/partNumber/4299769.htm","","more details on Sim Free Samsung Galaxy A5 Mobile Phone - White.","http://argos.scene7.com/is/image/Argos/4299769_R_SET?$Listers$","more details on Sim Free Samsung Galaxy A5 Mobile Phone - White.","Order now for delivery <span>within <span>2 days</span></span>","","Reserve to collect in store","Compare"
"http://www.argos.co.uk/static/Product/partNumber/4345046.htm","Sim Free Samsung Galaxy A5 Mobile Phone - Black.","more details on Sim Free Samsung Galaxy A5 Mobile Phone - Black.","4345046","229.95","http://www.argos.co.uk/wcsstore/argos/en_GB/siteAssets/images/fasttrack_icon.png","Fast Track","Was","259.95","Save £30.00","30","http://www.argos.co.uk/static/Product/partNumber/4345046.htm#pdpProductReviews","(120)","","http://www.argos.co.uk/wcsstore/argos/en_GB/images/rating/stars/rating-4_7.gif","","120","+ 4 special offers","4","http://www.argos.co.uk/wcsstore/argos/en_GB/images/icon_collection_grey.png","","http://www.argos.co.uk/wcsstore/argos/en_GB/images/green_arrow.png","","http://www.argos.co.uk/wcsstore/argos/en_GB/images/icon_collection_disabled.png","","http://www.argos.co.uk/wcsstore/argos/en_GB/images/grey_arrow.gif","","http://www.argos.co.uk/wcsstore/argos/en_GB/images/icon_delivery_grey.png","","http://www.argos.co.uk/wcsstore/argos/en_GB/images/icon_delivery_disabled.png","","+ Free Delivery","http://www.argos.co.uk/webapp/wcs/stores/servlet/ArgosProductPurchaseNoJS?storeId=10151&langId=110&catalogId=25051&URL=OrderItemDisplay&errorViewName=ArgosGenericErrorView&catEntryId=1324013&partNumber=4345046&quantity=1","Add To Trolley","Buy or Reserve Sim Free Samsung Galaxy A5 Mobile Phone - Black.","http://www.argos.co.uk/webapp/wcs/stores/servlet/ArgosProductPurchaseNoJS?storeId=10151&langId=110&catalogId=25051&URL=OrderItemDisplay&errorViewName=ArgosGenericErrorView&catEntryId=1324013&partNumber=4345046&quantity=1","Buy or Reserve","Buy or Reserve Sim Free Samsung Galaxy A5 Mobile Phone - Black.","http://www.argos.co.uk/static/Product/partNumber/4345046.htm","","more details on Sim Free Samsung Galaxy A5 Mobile Phone - Black.","http://argos.scene7.com/is/image/Argos/4345046_R_SET?$Listers$","more details on Sim Free Samsung Galaxy A5 Mobile Phone - Black.","Order now for delivery <span>within <span>2 days</span></span>","","Reserve to collect in store","Compare"
"http://www.argos.co.uk/static/Product/partNumber/4397104.htm","Sim Free Samsung A3 Mobile Phone - Black.","more details on Sim Free Samsung A3 Mobile Phone - Black.","4397104","149.95","http://www.argos.co.uk/wcsstore/argos/en_GB/siteAssets/images/fasttrack_icon.png","Fast Track","Was","199.95","Save 25%","","http://www.argos.co.uk/static/Product/partNumber/4397104.htm#pdpProductReviews","(27)","","http://www.argos.co.uk/wcsstore/argos/en_GB/images/rating/stars/rating-4_8.gif","","27","+ 4 special offers","4","http://www.argos.co.uk/wcsstore/argos/en_GB/images/icon_collection_grey.png","","http://www.argos.co.uk/wcsstore/argos/en_GB/images/green_arrow.png","","http://www.argos.co.uk/wcsstore/argos/en_GB/images/icon_collection_disabled.png","","http://www.argos.co.uk/wcsstore/argos/en_GB/images/grey_arrow.gif","","http://www.argos.co.uk/wcsstore/argos/en_GB/images/icon_delivery_grey.png","","http://www.argos.co.uk/wcsstore/argos/en_GB/images/icon_delivery_disabled.png","","+ Free Delivery","http://www.argos.co.uk/webapp/wcs/stores/servlet/ArgosProductPurchaseNoJS?storeId=10151&langId=110&catalogId=25051&URL=OrderItemDisplay&errorViewName=ArgosGenericErrorView&catEntryId=1324917&partNumber=4397104&quantity=1","Add To Trolley","Buy or Reserve Sim Free Samsung A3 Mobile Phone - Black.","http://www.argos.co.uk/webapp/wcs/stores/servlet/ArgosProductPurchaseNoJS?storeId=10151&langId=110&catalogId=25051&URL=OrderItemDisplay&errorViewName=ArgosGenericErrorView&catEntryId=1324917&partNumber=4397104&quantity=1","Buy or Reserve","Buy or Reserve Sim Free Samsung A3 Mobile Phone - Black.","http://www.argos.co.uk/static/Product/partNumber/4397104.htm","","more details on Sim Free Samsung A3 Mobile Phone - Black.","http://argos.scene7.com/is/image/Argos/4397104_R_SET?$Listers$","more details on Sim Free Samsung A3 Mobile Phone - Black.","Order now for delivery <span>within <span>2 days</span></span>","","Reserve to collect in store","Compare"
"http://www.argos.co.uk/static/Product/partNumber/3929126.htm","Sim Free Alba 4"" Black Mobile Phone.","more details on Sim Free Alba 4"" Black Mobile Phone.","3929126","39.95","http://www.argos.co.uk/wcsstore/argos/en_GB/siteAssets/images/fasttrack_icon.png","Fast Track","Was","49.95","Save 20%","","http://www.argos.co.uk/static/Product/partNumber/3929126.htm#pdpProductReviews","(108)","","http://www.argos.co.uk/wcsstore/argos/en_GB/images/rating/stars/rating-3_9.gif","","108","","","http://www.argos.co.uk/wcsstore/argos/en_GB/images/icon_collection_grey.png","","http://www.argos.co.uk/wcsstore/argos/en_GB/images/green_arrow.png","","http://www.argos.co.uk/wcsstore/argos/en_GB/images/icon_collection_disabled.png","","http://www.argos.co.uk/wcsstore/argos/en_GB/images/grey_arrow.gif","","http://www.argos.co.uk/wcsstore/argos/en_GB/images/icon_delivery_grey.png","","http://www.argos.co.uk/wcsstore/argos/en_GB/images/icon_delivery_disabled.png","","+ Free Delivery","http://www.argos.co.uk/webapp/wcs/stores/servlet/ArgosProductPurchaseNoJS?storeId=10151&langId=110&catalogId=25051&URL=OrderItemDisplay&errorViewName=ArgosGenericErrorView&catEntryId=1330663&partNumber=3929126&quantity=1","Add To Trolley","Buy or Reserve Sim Free Alba 4"" Black Mobile Phone.","http://www.argos.co.uk/webapp/wcs/stores/servlet/ArgosProductPurchaseNoJS?storeId=10151&langId=110&catalogId=25051&URL=OrderItemDisplay&errorViewName=ArgosGenericErrorView&catEntryId=1330663&partNumber=3929126&quantity=1","Buy or Reserve","Buy or Reserve Sim Free Alba 4"" Black Mobile Phone.","http://www.argos.co.uk/static/Product/partNumber/3929126.htm","","more details on Sim Free Alba 4"" Black Mobile Phone.","http://argos.scene7.com/is/image/Argos/3929126_R_SET?$Listers$","more details on Sim Free Alba 4"" Black Mobile Phone.","Currently out of stock for delivery","","Reserve to collect in store","Compare"
"http://www.argos.co.uk/static/Product/partNumber/4293624.htm","Sim Free Sony Xperia E4G - Black","more details on Sim Free Sony Xperia E4G - Black","4293624","129.95","","","","","","","http://www.argos.co.uk/static/Product/partNumber/4293624.htm#pdpProductReviews","(15)","","http://www.argos.co.uk/wcsstore/argos/en_GB/images/rating/stars/rating-4_7.gif","","15","","","http://www.argos.co.uk/wcsstore/argos/en_GB/images/icon_collection_grey.png","","http://www.argos.co.uk/wcsstore/argos/en_GB/images/green_arrow.png","","http://www.argos.co.uk/wcsstore/argos/en_GB/images/icon_collection_disabled.png","","http://www.argos.co.uk/wcsstore/argos/en_GB/images/grey_arrow.gif","","http://www.argos.co.uk/wcsstore/argos/en_GB/images/icon_delivery_grey.png","","http://www.argos.co.uk/wcsstore/argos/en_GB/images/icon_delivery_disabled.png","","","http://www.argos.co.uk/webapp/wcs/stores/servlet/ArgosProductPurchaseNoJS?storeId=10151&langId=110&catalogId=25051&URL=OrderItemDisplay&errorViewName=ArgosGenericErrorView&catEntryId=1334041&partNumber=4293624&quantity=1","Add To Trolley","Buy or Reserve Sim Free Sony Xperia E4G - Black","http://www.argos.co.uk/webapp/wcs/stores/servlet/ArgosProductPurchaseNoJS?storeId=10151&langId=110&catalogId=25051&URL=OrderItemDisplay&errorViewName=ArgosGenericErrorView&catEntryId=1334041&partNumber=4293624&quantity=1","Buy or Reserve","Buy or Reserve Sim Free Sony Xperia E4G - Black","http://www.argos.co.uk/static/Product/partNumber/4293624.htm","","more details on Sim Free Sony Xperia E4G - Black","http://argos.scene7.com/is/image/Argos/4293624_R_SET?$Listers$","more details on Sim Free Sony Xperia E4G - Black","Currently out of stock for delivery","","Reserve to collect in store","Compare"
"http://www.argos.co.uk/static/Product/partNumber/4368205.htm","Sim Free Apple iPhone 6 Plus 128GB Mobile Phone - Grey.","more details on Sim Free Apple iPhone 6 Plus 128GB Mobile Phone - Grey.","4368205","699","","","Was","789","Save £90.00","90","","","","","","","","","http://www.argos.co.uk/wcsstore/argos/en_GB/images/icon_collection_grey.png","","http://www.argos.co.uk/wcsstore/argos/en_GB/images/green_arrow.png","","http://www.argos.co.uk/wcsstore/argos/en_GB/images/icon_collection_disabled.png","","http://www.argos.co.uk/wcsstore/argos/en_GB/images/grey_arrow.gif","","http://www.argos.co.uk/wcsstore/argos/en_GB/images/icon_delivery_grey.png","","http://www.argos.co.uk/wcsstore/argos/en_GB/images/icon_delivery_disabled.png","","+ Free Delivery","http://www.argos.co.uk/webapp/wcs/stores/servlet/ArgosProductPurchaseNoJS?storeId=10151&langId=110&catalogId=25051&URL=OrderItemDisplay&errorViewName=ArgosGenericErrorView&catEntryId=1334135&partNumber=4368205&quantity=1","Add To Trolley","Buy or Reserve Sim Free Apple iPhone 6 Plus 128GB Mobile Phone - Grey.","http://www.argos.co.uk/webapp/wcs/stores/servlet/ArgosProductPurchaseNoJS?storeId=10151&langId=110&catalogId=25051&URL=OrderItemDisplay&errorViewName=ArgosGenericErrorView&catEntryId=1334135&partNumber=4368205&quantity=1","Buy or Reserve","Buy or Reserve Sim Free Apple iPhone 6 Plus 128GB Mobile Phone - Grey.","http://www.argos.co.uk/static/Product/partNumber/4368205.htm","","more details on Sim Free Apple iPhone 6 Plus 128GB Mobile Phone - Grey.","http://argos.scene7.com/is/image/Argos/4368205_R_SET?$Listers$","more details on Sim Free Apple iPhone 6 Plus 128GB Mobile Phone - Grey.","Order now for delivery <span>within <span>2 days</span></span>","","Reserve now for free store pick-up in 2-3 days","Compare"
"http://www.argos.co.uk/static/Product/partNumber/4344841.htm","Sim Free Apple iPhone 6 Plus 128GB Mobile Phone - Gold.","more details on Sim Free Apple iPhone 6 Plus 128GB Mobile Phone - Gold.","4344841","629.99","","","Was","789","Save £159.00","159","http://www.argos.co.uk/static/Product/partNumber/4344841.htm#pdpProductReviews","(2)","","http://www.argos.co.uk/wcsstore/argos/en_GB/images/rating/stars/rating-3_5.gif","","2","","","http://www.argos.co.uk/wcsstore/argos/en_GB/images/icon_collection_grey.png","","http://www.argos.co.uk/wcsstore/argos/en_GB/images/green_arrow.png","","http://www.argos.co.uk/wcsstore/argos/en_GB/images/icon_collection_disabled.png","","http://www.argos.co.uk/wcsstore/argos/en_GB/images/grey_arrow.gif","","http://www.argos.co.uk/wcsstore/argos/en_GB/images/icon_delivery_grey.png","","http://www.argos.co.uk/wcsstore/argos/en_GB/images/icon_delivery_disabled.png","","+ Free Delivery","http://www.argos.co.uk/webapp/wcs/stores/servlet/ArgosProductPurchaseNoJS?storeId=10151&langId=110&catalogId=25051&URL=OrderItemDisplay&errorViewName=ArgosGenericErrorView&catEntryId=1334145&partNumber=4344841&quantity=1","Add To Trolley","Buy or Reserve Sim Free Apple iPhone 6 Plus 128GB Mobile Phone - Gold.","http://www.argos.co.uk/webapp/wcs/stores/servlet/ArgosProductPurchaseNoJS?storeId=10151&langId=110&catalogId=25051&URL=OrderItemDisplay&errorViewName=ArgosGenericErrorView&catEntryId=1334145&partNumber=4344841&quantity=1","Buy or Reserve","Buy or Reserve Sim Free Apple iPhone 6 Plus 128GB Mobile Phone - Gold.","http://www.argos.co.uk/static/Product/partNumber/4344841.htm","","more details on Sim Free Apple iPhone 6 Plus 128GB Mobile Phone - Gold.","http://argos.scene7.com/is/image/Argos/4344841_R_SET?$Listers$","more details on Sim Free Apple iPhone 6 Plus 128GB Mobile Phone - Gold.","","","Email me when back in stock","Compare"
"http://www.argos.co.uk/static/Product/partNumber/4347116.htm","Sim Free Apple iPhone 6 128GB Mobile Phone - Grey.","more details on Sim Free Apple iPhone 6 128GB Mobile Phone - Grey.","4347116","619","","","Was","699","Save £80.00","80","http://www.argos.co.uk/static/Product/partNumber/4347116.htm#pdpProductReviews","(1)","","http://www.argos.co.uk/wcsstore/argos/en_GB/images/rating/stars/rating-5_0.gif","","1","","","http://www.argos.co.uk/wcsstore/argos/en_GB/images/icon_collection_grey.png","","http://www.argos.co.uk/wcsstore/argos/en_GB/images/green_arrow.png","","http://www.argos.co.uk/wcsstore/argos/en_GB/images/icon_collection_disabled.png","","http://www.argos.co.uk/wcsstore/argos/en_GB/images/grey_arrow.gif","","http://www.argos.co.uk/wcsstore/argos/en_GB/images/icon_delivery_grey.png","","http://www.argos.co.uk/wcsstore/argos/en_GB/images/icon_delivery_disabled.png","","+ Free Delivery","http://www.argos.co.uk/webapp/wcs/stores/servlet/ArgosProductPurchaseNoJS?storeId=10151&langId=110&catalogId=25051&URL=OrderItemDisplay&errorViewName=ArgosGenericErrorView&catEntryId=1334149&partNumber=4347116&quantity=1","Add To Trolley","Buy or Reserve Sim Free Apple iPhone 6 128GB Mobile Phone - Grey.","http://www.argos.co.uk/webapp/wcs/stores/servlet/ArgosProductPurchaseNoJS?storeId=10151&langId=110&catalogId=25051&URL=OrderItemDisplay&errorViewName=ArgosGenericErrorView&catEntryId=1334149&partNumber=4347116&quantity=1","Buy or Reserve","Buy or Reserve Sim Free Apple iPhone 6 128GB Mobile Phone - Grey.","http://www.argos.co.uk/static/Product/partNumber/4347116.htm","","more details on Sim Free Apple iPhone 6 128GB Mobile Phone - Grey.","http://argos.scene7.com/is/image/Argos/4347116_R_SET?$Listers$","more details on Sim Free Apple iPhone 6 128GB Mobile Phone - Grey.","Order now for delivery <span>within <span>2 days</span></span>","","Reserve now for free store pick-up in 2-3 days","Compare"
"http://www.argos.co.uk/static/Product/partNumber/4347941.htm","Sim Free Apple iPhone 6 128GB Mobile Phone - Silver.","more details on Sim Free Apple iPhone 6 128GB Mobile Phone - Silver.","4347941","619","","","Was","699","Save £80.00","80","","","","","","","","","http://www.argos.co.uk/wcsstore/argos/en_GB/images/icon_collection_grey.png","","http://www.argos.co.uk/wcsstore/argos/en_GB/images/green_arrow.png","","http://www.argos.co.uk/wcsstore/argos/en_GB/images/icon_collection_disabled.png","","http://www.argos.co.uk/wcsstore/argos/en_GB/images/grey_arrow.gif","","http://www.argos.co.uk/wcsstore/argos/en_GB/images/icon_delivery_grey.png","","http://www.argos.co.uk/wcsstore/argos/en_GB/images/icon_delivery_disabled.png","","+ Free Delivery","http://www.argos.co.uk/webapp/wcs/stores/servlet/ArgosProductPurchaseNoJS?storeId=10151&langId=110&catalogId=25051&URL=OrderItemDisplay&errorViewName=ArgosGenericErrorView&catEntryId=1334151&partNumber=4347941&quantity=1","Add To Trolley","Buy or Reserve Sim Free Apple iPhone 6 128GB Mobile Phone - Silver.","http://www.argos.co.uk/webapp/wcs/stores/servlet/ArgosProductPurchaseNoJS?storeId=10151&langId=110&catalogId=25051&URL=OrderItemDisplay&errorViewName=ArgosGenericErrorView&catEntryId=1334151&partNumber=4347941&quantity=1","Buy or Reserve","Buy or Reserve Sim Free Apple iPhone 6 128GB Mobile Phone - Silver.","http://www.argos.co.uk/static/Product/partNumber/4347941.htm","","more details on Sim Free Apple iPhone 6 128GB Mobile Phone - Silver.","http://argos.scene7.com/is/image/Argos/4347941_R_SET?$Listers$","more details on Sim Free Apple iPhone 6 128GB Mobile Phone - Silver.","Order now for delivery <span>within <span>2 days</span></span>","","Reserve now for free store pick-up in 2-3 days","Compare"
"http://www.argos.co.uk/static/Product/partNumber/4393074.htm","Sim Free Microsoft Lumia 435 - White.","more details on Sim Free Microsoft Lumia 435 - White.","4393074","49.95","","","Was","59.95","Save £10.00","10","http://www.argos.co.uk/static/Product/partNumber/4393074.htm#pdpProductReviews","(122)","","http://www.argos.co.uk/wcsstore/argos/en_GB/images/rating/stars/rating-4_4.gif","","122","+ 4 special offers","4","http://www.argos.co.uk/wcsstore/argos/en_GB/images/icon_collection_grey.png","","http://www.argos.co.uk/wcsstore/argos/en_GB/images/green_arrow.png","","http://www.argos.co.uk/wcsstore/argos/en_GB/images/icon_collection_disabled.png","","http://www.argos.co.uk/wcsstore/argos/en_GB/images/grey_arrow.gif","","http://www.argos.co.uk/wcsstore/argos/en_GB/images/icon_delivery_grey.png","","http://www.argos.co.uk/wcsstore/argos/en_GB/images/icon_delivery_disabled.png","","+ Free Delivery","http://www.argos.co.uk/webapp/wcs/stores/servlet/ArgosProductPurchaseNoJS?storeId=10151&langId=110&catalogId=25051&URL=OrderItemDisplay&errorViewName=ArgosGenericErrorView&catEntryId=1336533&partNumber=4393074&quantity=1","Add To Trolley","Buy or Reserve Sim Free Microsoft Lumia 435 - White.","http://www.argos.co.uk/webapp/wcs/stores/servlet/ArgosProductPurchaseNoJS?storeId=10151&langId=110&catalogId=25051&URL=OrderItemDisplay&errorViewName=ArgosGenericErrorView&catEntryId=1336533&partNumber=4393074&quantity=1","Buy or Reserve","Buy or Reserve Sim Free Microsoft Lumia 435 - White.","http://www.argos.co.uk/static/Product/partNumber/4393074.htm","","more details on Sim Free Microsoft Lumia 435 - White.","http://argos.scene7.com/is/image/Argos/4393074_R_SET?$Listers$","more details on Sim Free Microsoft Lumia 435 - White.","Currently out of stock for delivery","","Reserve to collect in store","Compare"
"http://www.argos.co.uk/static/Product/partNumber/4180775.htm","Sim Free HTC Desire 620 Black Mobile Phone.","more details on Sim Free HTC Desire 620 Black Mobile Phone.","4180775","149.95","","","","","","","http://www.argos.co.uk/static/Product/partNumber/4180775.htm#pdpProductReviews","(82)","","http://www.argos.co.uk/wcsstore/argos/en_GB/images/rating/stars/rating-4_6.gif","","82","+ 3 special offers","3","http://www.argos.co.uk/wcsstore/argos/en_GB/images/icon_collection_grey.png","","http://www.argos.co.uk/wcsstore/argos/en_GB/images/green_arrow.png","","http://www.argos.co.uk/wcsstore/argos/en_GB/images/icon_collection_disabled.png","","http://www.argos.co.uk/wcsstore/argos/en_GB/images/grey_arrow.gif","","http://www.argos.co.uk/wcsstore/argos/en_GB/images/icon_delivery_grey.png","","http://www.argos.co.uk/wcsstore/argos/en_GB/images/icon_delivery_disabled.png","","+ Free Delivery","http://www.argos.co.uk/webapp/wcs/stores/servlet/ArgosProductPurchaseNoJS?storeId=10151&langId=110&catalogId=25051&URL=OrderItemDisplay&errorViewName=ArgosGenericErrorView&catEntryId=1338509&partNumber=4180775&quantity=1","Add To Trolley","Buy or Reserve Sim Free HTC Desire 620 Black Mobile Phone.","http://www.argos.co.uk/webapp/wcs/stores/servlet/ArgosProductPurchaseNoJS?storeId=10151&langId=110&catalogId=25051&URL=OrderItemDisplay&errorViewName=ArgosGenericErrorView&catEntryId=1338509&partNumber=4180775&quantity=1","Buy or Reserve","Buy or Reserve Sim Free HTC Desire 620 Black Mobile Phone.","http://www.argos.co.uk/static/Product/partNumber/4180775.htm","","more details on Sim Free HTC Desire 620 Black Mobile Phone.","http://argos.scene7.com/is/image/Argos/4180775_R_SET?$Listers$","more details on Sim Free HTC Desire 620 Black Mobile Phone.","Currently out of stock for delivery","","Reserve to collect in store","Compare"