desc_link,desc_link/_text,desc_link/_title,partnum_number,main_price,fasttrack_image,fasttrack_image/_alt,wasprice_value,wasprice_price,saveprice_value,saveprice_value_prices,customerrating_link,customerrating_link/_text,customerrating_link/_title,customerrating_image,customerrating_image/_alt,customerrating_number,specialoffercount_value,specialoffercount_value_numbers,image_1,image_1/_alt,image_2,image_2/_alt,image_3,image_3/_alt,image_4,image_4/_alt,image_5,image_5/_alt,image_6,image_6/_alt,delivery_value,addtotrolley_link,addtotrolley_link/_text,addtotrolley_link/_title,buyorreserve_link,buyorreserve_link/_text,buyorreserve_link/_title,image_link,image_link/_text,image_link/_title,image_7,image_7/_alt,ordering_value_1,ordering_value_2,compare_label
"http://www.argos.co.uk/static/Product/partNumber/5226171.htm","Fitbit Blaze Smartwatch Blue - Large","more details on Fitbit Blaze Smartwatch Blue - Large","5226171","159.99","","","","","","","","","","","","","","","http://www.argos.co.uk/wcsstore/argos/en_GB/images/icon_collection_grey.png","","http://www.argos.co.uk/wcsstore/argos/en_GB/images/green_arrow.png","","http://www.argos.co.uk/wcsstore/argos/en_GB/images/icon_collection_disabled.png","","http://www.argos.co.uk/wcsstore/argos/en_GB/images/grey_arrow.gif","","http://www.argos.co.uk/wcsstore/argos/en_GB/images/icon_delivery_grey.png","","http://www.argos.co.uk/wcsstore/argos/en_GB/images/icon_delivery_disabled.png","","","http://www.argos.co.uk/webapp/wcs/stores/servlet/ArgosProductPurchaseNoJS?storeId=10151&langId=110&catalogId=25051&URL=OrderItemDisplay&errorViewName=ArgosGenericErrorView&catEntryId=1425911&partNumber=5226171&quantity=1","Add To Trolley","Buy or Reserve Fitbit Blaze Smartwatch Blue - Large","http://www.argos.co.uk/webapp/wcs/stores/servlet/ArgosProductPurchaseNoJS?storeId=10151&langId=110&catalogId=25051&URL=OrderItemDisplay&errorViewName=ArgosGenericErrorView&catEntryId=1425911&partNumber=5226171&quantity=1","Buy or Reserve","Buy or Reserve Fitbit Blaze Smartwatch Blue - Large","http://www.argos.co.uk/static/Product/partNumber/5226171.htm","","more details on Fitbit Blaze Smartwatch Blue - Large","http://argos.scene7.com/is/image/Argos/5226171_R_SET?$Listers$","more details on Fitbit Blaze Smartwatch Blue - Large","Order now for delivery <span>within <span>2 days</span></span>","Reserve to collect in store","Compare"
"http://www.argos.co.uk/static/Product/partNumber/5226638.htm","Fitbit Blaze Large Smartwatch - Plum","more details on Fitbit Blaze Large Smartwatch - Plum","5226638","159.99","http://www.argos.co.uk/wcsstore/argos/en_GB/siteAssets/images/fasttrack_icon.png","Fast Track","","","","","","","","","","","","","http://www.argos.co.uk/wcsstore/argos/en_GB/images/icon_collection_grey.png","","http://www.argos.co.uk/wcsstore/argos/en_GB/images/green_arrow.png","","http://www.argos.co.uk/wcsstore/argos/en_GB/images/icon_collection_disabled.png","","http://www.argos.co.uk/wcsstore/argos/en_GB/images/grey_arrow.gif","","http://www.argos.co.uk/wcsstore/argos/en_GB/images/icon_delivery_grey.png","","http://www.argos.co.uk/wcsstore/argos/en_GB/images/icon_delivery_disabled.png","","","http://www.argos.co.uk/webapp/wcs/stores/servlet/ArgosProductPurchaseNoJS?storeId=10151&langId=110&catalogId=25051&URL=OrderItemDisplay&errorViewName=ArgosGenericErrorView&catEntryId=1425915&partNumber=5226638&quantity=1","Add To Trolley","Buy or Reserve Fitbit Blaze Large Smartwatch - Plum","http://www.argos.co.uk/webapp/wcs/stores/servlet/ArgosProductPurchaseNoJS?storeId=10151&langId=110&catalogId=25051&URL=OrderItemDisplay&errorViewName=ArgosGenericErrorView&catEntryId=1425915&partNumber=5226638&quantity=1","Buy or Reserve","Buy or Reserve Fitbit Blaze Large Smartwatch - Plum","http://www.argos.co.uk/static/Product/partNumber/5226638.htm","","more details on Fitbit Blaze Large Smartwatch - Plum","http://argos.scene7.com/is/image/Argos/5226638_R_SET?$Listers$","more details on Fitbit Blaze Large Smartwatch - Plum","Order now for delivery <span>within <span>2 days</span></span>","Reserve to collect in store","Compare"
"http://www.argos.co.uk/static/Product/partNumber/5195013.htm","Fitbit Blaze Smartwatch Black - Large","more details on Fitbit Blaze Smartwatch Black - Large","5195013","159.99","http://www.argos.co.uk/wcsstore/argos/en_GB/siteAssets/images/fasttrack_icon.png","Fast Track","","","","","","","","","","","","","http://www.argos.co.uk/wcsstore/argos/en_GB/images/icon_collection_grey.png","","http://www.argos.co.uk/wcsstore/argos/en_GB/images/green_arrow.png","","http://www.argos.co.uk/wcsstore/argos/en_GB/images/icon_collection_disabled.png","","http://www.argos.co.uk/wcsstore/argos/en_GB/images/grey_arrow.gif","","http://www.argos.co.uk/wcsstore/argos/en_GB/images/icon_delivery_grey.png","","http://www.argos.co.uk/wcsstore/argos/en_GB/images/icon_delivery_disabled.png","","","http://www.argos.co.uk/webapp/wcs/stores/servlet/ArgosProductPurchaseNoJS?storeId=10151&langId=110&catalogId=25051&URL=OrderItemDisplay&errorViewName=ArgosGenericErrorView&catEntryId=1425917&partNumber=5195013&quantity=1","Add To Trolley","Buy or Reserve Fitbit Blaze Smartwatch Black - Large","http://www.argos.co.uk/webapp/wcs/stores/servlet/ArgosProductPurchaseNoJS?storeId=10151&langId=110&catalogId=25051&URL=OrderItemDisplay&errorViewName=ArgosGenericErrorView&catEntryId=1425917&partNumber=5195013&quantity=1","Buy or Reserve","Buy or Reserve Fitbit Blaze Smartwatch Black - Large","http://www.argos.co.uk/static/Product/partNumber/5195013.htm","","more details on Fitbit Blaze Smartwatch Black - Large","http://argos.scene7.com/is/image/Argos/5195013_R_SET?$Listers$","more details on Fitbit Blaze Smartwatch Black - Large","Currently out of stock for delivery","Reserve to collect in store","Compare"
"http://www.argos.co.uk/static/Product/partNumber/5226614.htm","Fitbit Blaze Small Smartwatch - Blue","more details on Fitbit Blaze Small Smartwatch - Blue","5226614","159.99","","","","","","","","","","","","","","","http://www.argos.co.uk/wcsstore/argos/en_GB/images/icon_collection_grey.png","","http://www.argos.co.uk/wcsstore/argos/en_GB/images/green_arrow.png","","http://www.argos.co.uk/wcsstore/argos/en_GB/images/icon_collection_disabled.png","","http://www.argos.co.uk/wcsstore/argos/en_GB/images/grey_arrow.gif","","http://www.argos.co.uk/wcsstore/argos/en_GB/images/icon_delivery_grey.png","","http://www.argos.co.uk/wcsstore/argos/en_GB/images/icon_delivery_disabled.png","","","http://www.argos.co.uk/webapp/wcs/stores/servlet/ArgosProductPurchaseNoJS?storeId=10151&langId=110&catalogId=25051&URL=OrderItemDisplay&errorViewName=ArgosGenericErrorView&catEntryId=1425913&partNumber=5226614&quantity=1","Add To Trolley","Buy or Reserve Fitbit Blaze Small Smartwatch - Blue","http://www.argos.co.uk/webapp/wcs/stores/servlet/ArgosProductPurchaseNoJS?storeId=10151&langId=110&catalogId=25051&URL=OrderItemDisplay&errorViewName=ArgosGenericErrorView&catEntryId=1425913&partNumber=5226614&quantity=1","Buy or Reserve","Buy or Reserve Fitbit Blaze Small Smartwatch - Blue","http://www.argos.co.uk/static/Product/partNumber/5226614.htm","","more details on Fitbit Blaze Small Smartwatch - Blue","http://argos.scene7.com/is/image/Argos/5226614_R_SET?$Listers$","more details on Fitbit Blaze Small Smartwatch - Blue","Order now for delivery <span>within <span>2 days</span></span>","Reserve to collect in store","Compare"
"http://www.argos.co.uk/static/Product/partNumber/5218330.htm","Fitbit Blaze Small Smartwatch - Plum","more details on Fitbit Blaze Small Smartwatch - Plum","5218330","159.99","","","","","","","","","","","","","","","http://www.argos.co.uk/wcsstore/argos/en_GB/images/icon_collection_grey.png","","http://www.argos.co.uk/wcsstore/argos/en_GB/images/green_arrow.png","","http://www.argos.co.uk/wcsstore/argos/en_GB/images/icon_collection_disabled.png","","http://www.argos.co.uk/wcsstore/argos/en_GB/images/grey_arrow.gif","","http://www.argos.co.uk/wcsstore/argos/en_GB/images/icon_delivery_grey.png","","http://www.argos.co.uk/wcsstore/argos/en_GB/images/icon_delivery_disabled.png","","","http://www.argos.co.uk/webapp/wcs/stores/servlet/ArgosProductPurchaseNoJS?storeId=10151&langId=110&catalogId=25051&URL=OrderItemDisplay&errorViewName=ArgosGenericErrorView&catEntryId=1427072&partNumber=5218330&quantity=1","Add To Trolley","Buy or Reserve Fitbit Blaze Small Smartwatch - Plum","http://www.argos.co.uk/webapp/wcs/stores/servlet/ArgosProductPurchaseNoJS?storeId=10151&langId=110&catalogId=25051&URL=OrderItemDisplay&errorViewName=ArgosGenericErrorView&catEntryId=1427072&partNumber=5218330&quantity=1","Buy or Reserve","Buy or Reserve Fitbit Blaze Small Smartwatch - Plum","http://www.argos.co.uk/static/Product/partNumber/5218330.htm","","more details on Fitbit Blaze Small Smartwatch - Plum","http://argos.scene7.com/is/image/Argos/5218330_R_SET?$Listers$","more details on Fitbit Blaze Small Smartwatch - Plum","Order now for delivery <span>within <span>2 days</span></span>","Reserve to collect in store","Compare"
"http://www.argos.co.uk/static/Product/partNumber/5221523.htm","Fitbit Blaze Small Smartwatch - Black","more details on Fitbit Blaze Small Smartwatch - Black","5221523","159.99","http://www.argos.co.uk/wcsstore/argos/en_GB/siteAssets/images/fasttrack_icon.png","Fast Track","","","","","","","","","","","","","http://www.argos.co.uk/wcsstore/argos/en_GB/images/icon_collection_grey.png","","http://www.argos.co.uk/wcsstore/argos/en_GB/images/green_arrow.png","","http://www.argos.co.uk/wcsstore/argos/en_GB/images/icon_collection_disabled.png","","http://www.argos.co.uk/wcsstore/argos/en_GB/images/grey_arrow.gif","","http://www.argos.co.uk/wcsstore/argos/en_GB/images/icon_delivery_grey.png","","http://www.argos.co.uk/wcsstore/argos/en_GB/images/icon_delivery_disabled.png","","","http://www.argos.co.uk/webapp/wcs/stores/servlet/ArgosProductPurchaseNoJS?storeId=10151&langId=110&catalogId=25051&URL=OrderItemDisplay&errorViewName=ArgosGenericErrorView&catEntryId=1427082&partNumber=5221523&quantity=1","Add To Trolley","Buy or Reserve Fitbit Blaze Small Smartwatch - Black","http://www.argos.co.uk/webapp/wcs/stores/servlet/ArgosProductPurchaseNoJS?storeId=10151&langId=110&catalogId=25051&URL=OrderItemDisplay&errorViewName=ArgosGenericErrorView&catEntryId=1427082&partNumber=5221523&quantity=1","Buy or Reserve","Buy or Reserve Fitbit Blaze Small Smartwatch - Black","http://www.argos.co.uk/static/Product/partNumber/5221523.htm","","more details on Fitbit Blaze Small Smartwatch - Black","http://argos.scene7.com/is/image/Argos/5221523_R_SET?$Listers$","more details on Fitbit Blaze Small Smartwatch - Black","Order now for delivery <span>within <span>2 days</span></span>","Reserve to collect in store","Compare"
"http://www.argos.co.uk/static/Product/partNumber/4457202.htm","Microsoft Band 2 Medium - Black","more details on Microsoft Band 2 Medium - Black","4457202","149.99","http://www.argos.co.uk/wcsstore/argos/en_GB/siteAssets/images/fasttrack_icon.png","Fast Track","Was","199.99","Save 25%","","http://www.argos.co.uk/static/Product/partNumber/4457202.htm#pdpProductReviews","(45)","","http://www.argos.co.uk/wcsstore/argos/en_GB/images/rating/stars/rating-4_5.gif","","45","","","http://www.argos.co.uk/wcsstore/argos/en_GB/images/icon_collection_grey.png","","http://www.argos.co.uk/wcsstore/argos/en_GB/images/green_arrow.png","","http://www.argos.co.uk/wcsstore/argos/en_GB/images/icon_collection_disabled.png","","http://www.argos.co.uk/wcsstore/argos/en_GB/images/grey_arrow.gif","","http://www.argos.co.uk/wcsstore/argos/en_GB/images/icon_delivery_grey.png","","http://www.argos.co.uk/wcsstore/argos/en_GB/images/icon_delivery_disabled.png","","","http://www.argos.co.uk/webapp/wcs/stores/servlet/ArgosProductPurchaseNoJS?storeId=10151&langId=110&catalogId=25051&URL=OrderItemDisplay&errorViewName=ArgosGenericErrorView&catEntryId=1378731&partNumber=4457202&quantity=1","Add To Trolley","Buy or Reserve Microsoft Band 2 Medium - Black","http://www.argos.co.uk/webapp/wcs/stores/servlet/ArgosProductPurchaseNoJS?storeId=10151&langId=110&catalogId=25051&URL=OrderItemDisplay&errorViewName=ArgosGenericErrorView&catEntryId=1378731&partNumber=4457202&quantity=1","Buy or Reserve","Buy or Reserve Microsoft Band 2 Medium - Black","http://www.argos.co.uk/static/Product/partNumber/4457202.htm","","more details on Microsoft Band 2 Medium - Black","http://argos.scene7.com/is/image/Argos/4457202_R_SET?$Listers$","more details on Microsoft Band 2 Medium - Black","Currently out of stock for delivery","Reserve to collect in store","Compare"
"http://www.argos.co.uk/static/Product/partNumber/4253640.htm","Fitbit Charge HR Large Heart Rate Monitor Wristband - Black.","more details on Fitbit Charge HR Large Heart Rate Monitor Wristband - Black.","4253640","99.99","http://www.argos.co.uk/wcsstore/argos/en_GB/siteAssets/images/fasttrack_icon.png","Fast Track","","","","","http://www.argos.co.uk/static/Product/partNumber/4253640.htm#pdpProductReviews","(1508)","","http://www.argos.co.uk/wcsstore/argos/en_GB/images/rating/stars/rating-4_6.gif","","1508","+ 2 special offers","2","http://www.argos.co.uk/wcsstore/argos/en_GB/images/icon_collection_grey.png","","http://www.argos.co.uk/wcsstore/argos/en_GB/images/green_arrow.png","","http://www.argos.co.uk/wcsstore/argos/en_GB/images/icon_collection_disabled.png","","http://www.argos.co.uk/wcsstore/argos/en_GB/images/grey_arrow.gif","","http://www.argos.co.uk/wcsstore/argos/en_GB/images/icon_delivery_grey.png","","http://www.argos.co.uk/wcsstore/argos/en_GB/images/icon_delivery_disabled.png","","","http://www.argos.co.uk/webapp/wcs/stores/servlet/ArgosProductPurchaseNoJS?storeId=10151&langId=110&catalogId=25051&URL=OrderItemDisplay&errorViewName=ArgosGenericErrorView&catEntryId=1317539&partNumber=4253640&quantity=1","Add To Trolley","Buy or Reserve Fitbit Charge HR Large Heart Rate Monitor Wristband - Black.","http://www.argos.co.uk/webapp/wcs/stores/servlet/ArgosProductPurchaseNoJS?storeId=10151&langId=110&catalogId=25051&URL=OrderItemDisplay&errorViewName=ArgosGenericErrorView&catEntryId=1317539&partNumber=4253640&quantity=1","Buy or Reserve","Buy or Reserve Fitbit Charge HR Large Heart Rate Monitor Wristband - Black.","http://www.argos.co.uk/static/Product/partNumber/4253640.htm","","more details on Fitbit Charge HR Large Heart Rate Monitor Wristband - Black.","http://argos.scene7.com/is/image/Argos/4253640_R_SET?$Listers$","more details on Fitbit Charge HR Large Heart Rate Monitor Wristband - Black.","Currently out of stock for delivery","Reserve to collect in store","Compare"
"http://www.argos.co.uk/static/Product/partNumber/3928385.htm","Fitbit Charge HR Small Heart Rate Monitor Wristband - Plum.","more details on Fitbit Charge HR Small Heart Rate Monitor Wristband - Plum.","3928385","99.99","http://www.argos.co.uk/wcsstore/argos/en_GB/siteAssets/images/fasttrack_icon.png","Fast Track","","","","","http://www.argos.co.uk/static/Product/partNumber/3928385.htm#pdpProductReviews","(1508)","","http://www.argos.co.uk/wcsstore/argos/en_GB/images/rating/stars/rating-4_6.gif","","1508","+ 2 special offers","2","http://www.argos.co.uk/wcsstore/argos/en_GB/images/icon_collection_grey.png","","http://www.argos.co.uk/wcsstore/argos/en_GB/images/green_arrow.png","","http://www.argos.co.uk/wcsstore/argos/en_GB/images/icon_collection_disabled.png","","http://www.argos.co.uk/wcsstore/argos/en_GB/images/grey_arrow.gif","","http://www.argos.co.uk/wcsstore/argos/en_GB/images/icon_delivery_grey.png","","http://www.argos.co.uk/wcsstore/argos/en_GB/images/icon_delivery_disabled.png","","","http://www.argos.co.uk/webapp/wcs/stores/servlet/ArgosProductPurchaseNoJS?storeId=10151&langId=110&catalogId=25051&URL=OrderItemDisplay&errorViewName=ArgosGenericErrorView&catEntryId=1326581&partNumber=3928385&quantity=1","Add To Trolley","Buy or Reserve Fitbit Charge HR Small Heart Rate Monitor Wristband - Plum.","http://www.argos.co.uk/webapp/wcs/stores/servlet/ArgosProductPurchaseNoJS?storeId=10151&langId=110&catalogId=25051&URL=OrderItemDisplay&errorViewName=ArgosGenericErrorView&catEntryId=1326581&partNumber=3928385&quantity=1","Buy or Reserve","Buy or Reserve Fitbit Charge HR Small Heart Rate Monitor Wristband - Plum.","http://www.argos.co.uk/static/Product/partNumber/3928385.htm","","more details on Fitbit Charge HR Small Heart Rate Monitor Wristband - Plum.","http://argos.scene7.com/is/image/Argos/3928385_R_SET?$Listers$","more details on Fitbit Charge HR Small Heart Rate Monitor Wristband - Plum.","Currently out of stock for delivery","Reserve to collect in store","Compare"
"http://www.argos.co.uk/static/Product/partNumber/4112365.htm","Fitbit Surge Large Activity Tracker Wristband - Black.","more details on Fitbit Surge Large Activity Tracker Wristband - Black.","4112365","157.99","http://www.argos.co.uk/wcsstore/argos/en_GB/siteAssets/images/fasttrack_icon.png","Fast Track","","","","","http://www.argos.co.uk/static/Product/partNumber/4112365.htm#pdpProductReviews","(286)","","http://www.argos.co.uk/wcsstore/argos/en_GB/images/rating/stars/rating-4_5.gif","","286","+ 2 special offers","2","http://www.argos.co.uk/wcsstore/argos/en_GB/images/icon_collection_grey.png","","http://www.argos.co.uk/wcsstore/argos/en_GB/images/green_arrow.png","","http://www.argos.co.uk/wcsstore/argos/en_GB/images/icon_collection_disabled.png","","http://www.argos.co.uk/wcsstore/argos/en_GB/images/grey_arrow.gif","","http://www.argos.co.uk/wcsstore/argos/en_GB/images/icon_delivery_grey.png","","http://www.argos.co.uk/wcsstore/argos/en_GB/images/icon_delivery_disabled.png","","","http://www.argos.co.uk/webapp/wcs/stores/servlet/ArgosProductPurchaseNoJS?storeId=10151&langId=110&catalogId=25051&URL=OrderItemDisplay&errorViewName=ArgosGenericErrorView&catEntryId=1317601&partNumber=4112365&quantity=1","Add To Trolley","Buy or Reserve Fitbit Surge Large Activity Tracker Wristband - Black.","http://www.argos.co.uk/webapp/wcs/stores/servlet/ArgosProductPurchaseNoJS?storeId=10151&langId=110&catalogId=25051&URL=OrderItemDisplay&errorViewName=ArgosGenericErrorView&catEntryId=1317601&partNumber=4112365&quantity=1","Buy or Reserve","Buy or Reserve Fitbit Surge Large Activity Tracker Wristband - Black.","http://www.argos.co.uk/static/Product/partNumber/4112365.htm","","more details on Fitbit Surge Large Activity Tracker Wristband - Black.","http://argos.scene7.com/is/image/Argos/4112365_R_SET?$Listers$","more details on Fitbit Surge Large Activity Tracker Wristband - Black.","Order now for delivery <span>within <span>2 days</span></span>","Reserve to collect in store","Compare"
"http://www.argos.co.uk/static/Product/partNumber/4089003.htm","Fitbit Surge Ultimate Fitness Super Watch Small - Black","more details on Fitbit Surge Ultimate Fitness Super Watch Small - Black","4089003","157.99","http://www.argos.co.uk/wcsstore/argos/en_GB/siteAssets/images/fasttrack_icon.png","Fast Track","","","","","http://www.argos.co.uk/static/Product/partNumber/4089003.htm#pdpProductReviews","(286)","","http://www.argos.co.uk/wcsstore/argos/en_GB/images/rating/stars/rating-4_5.gif","","286","+ 2 special offers","2","http://www.argos.co.uk/wcsstore/argos/en_GB/images/icon_collection_grey.png","","http://www.argos.co.uk/wcsstore/argos/en_GB/images/green_arrow.png","","http://www.argos.co.uk/wcsstore/argos/en_GB/images/icon_collection_disabled.png","","http://www.argos.co.uk/wcsstore/argos/en_GB/images/grey_arrow.gif","","http://www.argos.co.uk/wcsstore/argos/en_GB/images/icon_delivery_grey.png","","http://www.argos.co.uk/wcsstore/argos/en_GB/images/icon_delivery_disabled.png","","","http://www.argos.co.uk/webapp/wcs/stores/servlet/ArgosProductPurchaseNoJS?storeId=10151&langId=110&catalogId=25051&URL=OrderItemDisplay&errorViewName=ArgosGenericErrorView&catEntryId=1317599&partNumber=4089003&quantity=1","Add To Trolley","Buy or Reserve Fitbit Surge Ultimate Fitness Super Watch Small - Black","http://www.argos.co.uk/webapp/wcs/stores/servlet/ArgosProductPurchaseNoJS?storeId=10151&langId=110&catalogId=25051&URL=OrderItemDisplay&errorViewName=ArgosGenericErrorView&catEntryId=1317599&partNumber=4089003&quantity=1","Buy or Reserve","Buy or Reserve Fitbit Surge Ultimate Fitness Super Watch Small - Black","http://www.argos.co.uk/static/Product/partNumber/4089003.htm","","more details on Fitbit Surge Ultimate Fitness Super Watch Small - Black","http://argos.scene7.com/is/image/Argos/4089003_R_SET?$Listers$","more details on Fitbit Surge Ultimate Fitness Super Watch Small - Black","Order now for delivery <span>within <span>2 days</span></span>","Reserve to collect in store","Compare"
"http://www.argos.co.uk/static/Product/partNumber/3925625.htm","Fitbit Charge HR Large Heart Rate Monitor Wristband - Plum.","more details on Fitbit Charge HR Large Heart Rate Monitor Wristband - Plum.","3925625","99.99","http://www.argos.co.uk/wcsstore/argos/en_GB/siteAssets/images/fasttrack_icon.png","Fast Track","","","","","http://www.argos.co.uk/static/Product/partNumber/3925625.htm#pdpProductReviews","(1508)","","http://www.argos.co.uk/wcsstore/argos/en_GB/images/rating/stars/rating-4_6.gif","","1508","+ 2 special offers","2","http://www.argos.co.uk/wcsstore/argos/en_GB/images/icon_collection_grey.png","","http://www.argos.co.uk/wcsstore/argos/en_GB/images/green_arrow.png","","http://www.argos.co.uk/wcsstore/argos/en_GB/images/icon_collection_disabled.png","","http://www.argos.co.uk/wcsstore/argos/en_GB/images/grey_arrow.gif","","http://www.argos.co.uk/wcsstore/argos/en_GB/images/icon_delivery_grey.png","","http://www.argos.co.uk/wcsstore/argos/en_GB/images/icon_delivery_disabled.png","","","http://www.argos.co.uk/webapp/wcs/stores/servlet/ArgosProductPurchaseNoJS?storeId=10151&langId=110&catalogId=25051&URL=OrderItemDisplay&errorViewName=ArgosGenericErrorView&catEntryId=1317585&partNumber=3925625&quantity=1","Add To Trolley","Buy or Reserve Fitbit Charge HR Large Heart Rate Monitor Wristband - Plum.","http://www.argos.co.uk/webapp/wcs/stores/servlet/ArgosProductPurchaseNoJS?storeId=10151&langId=110&catalogId=25051&URL=OrderItemDisplay&errorViewName=ArgosGenericErrorView&catEntryId=1317585&partNumber=3925625&quantity=1","Buy or Reserve","Buy or Reserve Fitbit Charge HR Large Heart Rate Monitor Wristband - Plum.","http://www.argos.co.uk/static/Product/partNumber/3925625.htm","","more details on Fitbit Charge HR Large Heart Rate Monitor Wristband - Plum.","http://argos.scene7.com/is/image/Argos/3925625_R_SET?$Listers$","more details on Fitbit Charge HR Large Heart Rate Monitor Wristband - Plum.","Currently out of stock for delivery","Reserve to collect in store","Compare"
"http://www.argos.co.uk/static/Product/partNumber/4041261.htm","Fitbit Flex Wireless Activity and Sleep Wristband - Black.","more details on Fitbit Flex Wireless Activity and Sleep Wristband - Black.","4041261","59.99","http://www.argos.co.uk/wcsstore/argos/en_GB/siteAssets/images/fasttrack_icon.png","Fast Track","","","","","http://www.argos.co.uk/static/Product/partNumber/4041261.htm#pdpProductReviews","(529)","","http://www.argos.co.uk/wcsstore/argos/en_GB/images/rating/stars/rating-4_4.gif","","529","+ 2 special offers","2","http://www.argos.co.uk/wcsstore/argos/en_GB/images/icon_collection_grey.png","","http://www.argos.co.uk/wcsstore/argos/en_GB/images/green_arrow.png","","http://www.argos.co.uk/wcsstore/argos/en_GB/images/icon_collection_disabled.png","","http://www.argos.co.uk/wcsstore/argos/en_GB/images/grey_arrow.gif","","http://www.argos.co.uk/wcsstore/argos/en_GB/images/icon_delivery_grey.png","","http://www.argos.co.uk/wcsstore/argos/en_GB/images/icon_delivery_disabled.png","","","http://www.argos.co.uk/webapp/wcs/stores/servlet/ArgosProductPurchaseNoJS?storeId=10151&langId=110&catalogId=25051&URL=OrderItemDisplay&errorViewName=ArgosGenericErrorView&catEntryId=1315125&partNumber=4041261&quantity=1","Add To Trolley","Buy or Reserve Fitbit Flex Wireless Activity and Sleep Wristband - Black.","http://www.argos.co.uk/webapp/wcs/stores/servlet/ArgosProductPurchaseNoJS?storeId=10151&langId=110&catalogId=25051&URL=OrderItemDisplay&errorViewName=ArgosGenericErrorView&catEntryId=1315125&partNumber=4041261&quantity=1","Buy or Reserve","Buy or Reserve Fitbit Flex Wireless Activity and Sleep Wristband - Black.","http://www.argos.co.uk/static/Product/partNumber/4041261.htm","","more details on Fitbit Flex Wireless Activity and Sleep Wristband - Black.","http://argos.scene7.com/is/image/Argos/4041261_R_SET?$Listers$","more details on Fitbit Flex Wireless Activity and Sleep Wristband - Black.","Order now for delivery <span>within <span>2 days</span></span>","Reserve to collect in store","Compare"
"http://www.argos.co.uk/static/Product/partNumber/5032516.htm","Fitbit Surge Blue - Large","more details on Fitbit Surge Blue - Large","5032516","157.99","http://www.argos.co.uk/wcsstore/argos/en_GB/siteAssets/images/fasttrack_icon.png","Fast Track","Was","199.99","Save £42.00","42","http://www.argos.co.uk/static/Product/partNumber/5032516.htm#pdpProductReviews","(13)","","http://www.argos.co.uk/wcsstore/argos/en_GB/images/rating/stars/rating-5_0.gif","","13","+ 2 special offers","2","http://www.argos.co.uk/wcsstore/argos/en_GB/images/icon_collection_grey.png","","http://www.argos.co.uk/wcsstore/argos/en_GB/images/green_arrow.png","","http://www.argos.co.uk/wcsstore/argos/en_GB/images/icon_collection_disabled.png","","http://www.argos.co.uk/wcsstore/argos/en_GB/images/grey_arrow.gif","","http://www.argos.co.uk/wcsstore/argos/en_GB/images/icon_delivery_grey.png","","http://www.argos.co.uk/wcsstore/argos/en_GB/images/icon_delivery_disabled.png","","","http://www.argos.co.uk/webapp/wcs/stores/servlet/ArgosProductPurchaseNoJS?storeId=10151&langId=110&catalogId=25051&URL=OrderItemDisplay&errorViewName=ArgosGenericErrorView&catEntryId=1399169&partNumber=5032516&quantity=1","Add To Trolley","Buy or Reserve Fitbit Surge Blue - Large","http://www.argos.co.uk/webapp/wcs/stores/servlet/ArgosProductPurchaseNoJS?storeId=10151&langId=110&catalogId=25051&URL=OrderItemDisplay&errorViewName=ArgosGenericErrorView&catEntryId=1399169&partNumber=5032516&quantity=1","Buy or Reserve","Buy or Reserve Fitbit Surge Blue - Large","http://www.argos.co.uk/static/Product/partNumber/5032516.htm","","more details on Fitbit Surge Blue - Large","http://argos.scene7.com/is/image/Argos/5032516_R_SET?$Listers$","more details on Fitbit Surge Blue - Large","Order now for delivery <span>within <span>2 days</span></span>","Reserve to collect in store","Compare"
"http://www.argos.co.uk/static/Product/partNumber/4475239.htm","Microsoft Band 2 Large - Black","more details on Microsoft Band 2 Large - Black","4475239","149.99","","","Was","199.99","Save 25%","","http://www.argos.co.uk/static/Product/partNumber/4475239.htm#pdpProductReviews","(45)","","http://www.argos.co.uk/wcsstore/argos/en_GB/images/rating/stars/rating-4_5.gif","","45","","","http://www.argos.co.uk/wcsstore/argos/en_GB/images/icon_collection_grey.png","","http://www.argos.co.uk/wcsstore/argos/en_GB/images/green_arrow.png","","http://www.argos.co.uk/wcsstore/argos/en_GB/images/icon_collection_disabled.png","","http://www.argos.co.uk/wcsstore/argos/en_GB/images/grey_arrow.gif","","http://www.argos.co.uk/wcsstore/argos/en_GB/images/icon_delivery_grey.png","","http://www.argos.co.uk/wcsstore/argos/en_GB/images/icon_delivery_disabled.png","","","http://www.argos.co.uk/webapp/wcs/stores/servlet/ArgosProductPurchaseNoJS?storeId=10151&langId=110&catalogId=25051&URL=OrderItemDisplay&errorViewName=ArgosGenericErrorView&catEntryId=1378735&partNumber=4475239&quantity=1","Add To Trolley","Buy or Reserve Microsoft Band 2 Large - Black","http://www.argos.co.uk/webapp/wcs/stores/servlet/ArgosProductPurchaseNoJS?storeId=10151&langId=110&catalogId=25051&URL=OrderItemDisplay&errorViewName=ArgosGenericErrorView&catEntryId=1378735&partNumber=4475239&quantity=1","Buy or Reserve","Buy or Reserve Microsoft Band 2 Large - Black","http://www.argos.co.uk/static/Product/partNumber/4475239.htm","","more details on Microsoft Band 2 Large - Black","http://argos.scene7.com/is/image/Argos/4475239_R_SET?$Listers$","more details on Microsoft Band 2 Large - Black","Currently out of stock for delivery","Reserve to collect in store","Compare"
"http://www.argos.co.uk/static/Product/partNumber/3955303.htm","Fitbit Charge Large Activity and Sleep Wristband - Black.","more details on Fitbit Charge Large Activity and Sleep Wristband - Black.","3955303","89.99","http://www.argos.co.uk/wcsstore/argos/en_GB/siteAssets/images/fasttrack_icon.png","Fast Track","","","","","http://www.argos.co.uk/static/Product/partNumber/3955303.htm#pdpProductReviews","(510)","","http://www.argos.co.uk/wcsstore/argos/en_GB/images/rating/stars/rating-4_5.gif","","510","","","http://www.argos.co.uk/wcsstore/argos/en_GB/images/icon_collection_grey.png","","http://www.argos.co.uk/wcsstore/argos/en_GB/images/green_arrow.png","","http://www.argos.co.uk/wcsstore/argos/en_GB/images/icon_collection_disabled.png","","http://www.argos.co.uk/wcsstore/argos/en_GB/images/grey_arrow.gif","","http://www.argos.co.uk/wcsstore/argos/en_GB/images/icon_delivery_grey.png","","http://www.argos.co.uk/wcsstore/argos/en_GB/images/icon_delivery_disabled.png","","","http://www.argos.co.uk/webapp/wcs/stores/servlet/ArgosProductPurchaseNoJS?storeId=10151&langId=110&catalogId=25051&URL=OrderItemDisplay&errorViewName=ArgosGenericErrorView&catEntryId=1317543&partNumber=3955303&quantity=1","Add To Trolley","Buy or Reserve Fitbit Charge Large Activity and Sleep Wristband - Black.","http://www.argos.co.uk/webapp/wcs/stores/servlet/ArgosProductPurchaseNoJS?storeId=10151&langId=110&catalogId=25051&URL=OrderItemDisplay&errorViewName=ArgosGenericErrorView&catEntryId=1317543&partNumber=3955303&quantity=1","Buy or Reserve","Buy or Reserve Fitbit Charge Large Activity and Sleep Wristband - Black.","http://www.argos.co.uk/static/Product/partNumber/3955303.htm","","more details on Fitbit Charge Large Activity and Sleep Wristband - Black.","http://argos.scene7.com/is/image/Argos/3955303_R_SET?$Listers$","more details on Fitbit Charge Large Activity and Sleep Wristband - Black.","Order now for delivery <span>within <span>2 days</span></span>","Reserve to collect in store","Compare"
"http://www.argos.co.uk/static/Product/partNumber/5012330.htm","Fitbit Charge HR Tangerine - Large","more details on Fitbit Charge HR Tangerine - Large","5012330","119.99","http://www.argos.co.uk/wcsstore/argos/en_GB/siteAssets/images/fasttrack_icon.png","Fast Track","","","","","http://www.argos.co.uk/static/Product/partNumber/5012330.htm#pdpProductReviews","(1508)","","http://www.argos.co.uk/wcsstore/argos/en_GB/images/rating/stars/rating-4_6.gif","","1508","+ 2 special offers","2","http://www.argos.co.uk/wcsstore/argos/en_GB/images/icon_collection_grey.png","","http://www.argos.co.uk/wcsstore/argos/en_GB/images/green_arrow.png","","http://www.argos.co.uk/wcsstore/argos/en_GB/images/icon_collection_disabled.png","","http://www.argos.co.uk/wcsstore/argos/en_GB/images/grey_arrow.gif","","http://www.argos.co.uk/wcsstore/argos/en_GB/images/icon_delivery_grey.png","","http://www.argos.co.uk/wcsstore/argos/en_GB/images/icon_delivery_disabled.png","","","http://www.argos.co.uk/webapp/wcs/stores/servlet/ArgosProductPurchaseNoJS?storeId=10151&langId=110&catalogId=25051&URL=OrderItemDisplay&errorViewName=ArgosGenericErrorView&catEntryId=1399171&partNumber=5012330&quantity=1","Add To Trolley","Buy or Reserve Fitbit Charge HR Tangerine - Large","http://www.argos.co.uk/webapp/wcs/stores/servlet/ArgosProductPurchaseNoJS?storeId=10151&langId=110&catalogId=25051&URL=OrderItemDisplay&errorViewName=ArgosGenericErrorView&catEntryId=1399171&partNumber=5012330&quantity=1","Buy or Reserve","Buy or Reserve Fitbit Charge HR Tangerine - Large","http://www.argos.co.uk/static/Product/partNumber/5012330.htm","","more details on Fitbit Charge HR Tangerine - Large","http://argos.scene7.com/is/image/Argos/5012330_R_SET?$Listers$","more details on Fitbit Charge HR Tangerine - Large","Currently out of stock for delivery","Reserve to collect in store","Compare"
"http://www.argos.co.uk/static/Product/partNumber/5031562.htm","Fitbit Charge HR Tangerine - Small","more details on Fitbit Charge HR Tangerine - Small","5031562","119.99","http://www.argos.co.uk/wcsstore/argos/en_GB/siteAssets/images/fasttrack_icon.png","Fast Track","","","","","http://www.argos.co.uk/static/Product/partNumber/5031562.htm#pdpProductReviews","(1508)","","http://www.argos.co.uk/wcsstore/argos/en_GB/images/rating/stars/rating-4_6.gif","","1508","+ 2 special offers","2","http://www.argos.co.uk/wcsstore/argos/en_GB/images/icon_collection_grey.png","","http://www.argos.co.uk/wcsstore/argos/en_GB/images/green_arrow.png","","http://www.argos.co.uk/wcsstore/argos/en_GB/images/icon_collection_disabled.png","","http://www.argos.co.uk/wcsstore/argos/en_GB/images/grey_arrow.gif","","http://www.argos.co.uk/wcsstore/argos/en_GB/images/icon_delivery_grey.png","","http://www.argos.co.uk/wcsstore/argos/en_GB/images/icon_delivery_disabled.png","","","http://www.argos.co.uk/webapp/wcs/stores/servlet/ArgosProductPurchaseNoJS?storeId=10151&langId=110&catalogId=25051&URL=OrderItemDisplay&errorViewName=ArgosGenericErrorView&catEntryId=1399181&partNumber=5031562&quantity=1","Add To Trolley","Buy or Reserve Fitbit Charge HR Tangerine - Small","http://www.argos.co.uk/webapp/wcs/stores/servlet/ArgosProductPurchaseNoJS?storeId=10151&langId=110&catalogId=25051&URL=OrderItemDisplay&errorViewName=ArgosGenericErrorView&catEntryId=1399181&partNumber=5031562&quantity=1","Buy or Reserve","Buy or Reserve Fitbit Charge HR Tangerine - Small","http://www.argos.co.uk/static/Product/partNumber/5031562.htm","","more details on Fitbit Charge HR Tangerine - Small","http://argos.scene7.com/is/image/Argos/5031562_R_SET?$Listers$","more details on Fitbit Charge HR Tangerine - Small","Order now for delivery <span>within <span>2 days</span></span>","Reserve to collect in store","Compare"
"http://www.argos.co.uk/static/Product/partNumber/5018695.htm","Fitbit Surge Blue - Small","more details on Fitbit Surge Blue - Small","5018695","157.99","http://www.argos.co.uk/wcsstore/argos/en_GB/siteAssets/images/fasttrack_icon.png","Fast Track","Was","199.99","Save £42.00","42","http://www.argos.co.uk/static/Product/partNumber/5018695.htm#pdpProductReviews","(2)","","http://www.argos.co.uk/wcsstore/argos/en_GB/images/rating/stars/rating-5_0.gif","","2","+ 2 special offers","2","http://www.argos.co.uk/wcsstore/argos/en_GB/images/icon_collection_grey.png","","http://www.argos.co.uk/wcsstore/argos/en_GB/images/green_arrow.png","","http://www.argos.co.uk/wcsstore/argos/en_GB/images/icon_collection_disabled.png","","http://www.argos.co.uk/wcsstore/argos/en_GB/images/grey_arrow.gif","","http://www.argos.co.uk/wcsstore/argos/en_GB/images/icon_delivery_grey.png","","http://www.argos.co.uk/wcsstore/argos/en_GB/images/icon_delivery_disabled.png","","","http://www.argos.co.uk/webapp/wcs/stores/servlet/ArgosProductPurchaseNoJS?storeId=10151&langId=110&catalogId=25051&URL=OrderItemDisplay&errorViewName=ArgosGenericErrorView&catEntryId=1399183&partNumber=5018695&quantity=1","Add To Trolley","Buy or Reserve Fitbit Surge Blue - Small","http://www.argos.co.uk/webapp/wcs/stores/servlet/ArgosProductPurchaseNoJS?storeId=10151&langId=110&catalogId=25051&URL=OrderItemDisplay&errorViewName=ArgosGenericErrorView&catEntryId=1399183&partNumber=5018695&quantity=1","Buy or Reserve","Buy or Reserve Fitbit Surge Blue - Small","http://www.argos.co.uk/static/Product/partNumber/5018695.htm","","more details on Fitbit Surge Blue - Small","http://argos.scene7.com/is/image/Argos/5018695_R_SET?$Listers$","more details on Fitbit Surge Blue - Small","Order now for delivery <span>within <span>2 days</span></span>","Reserve to collect in store","Compare"
"http://www.argos.co.uk/static/Product/partNumber/5032372.htm","Fitbit Surge Tangerine - Large","more details on Fitbit Surge Tangerine - Large","5032372","157.99","http://www.argos.co.uk/wcsstore/argos/en_GB/siteAssets/images/fasttrack_icon.png","Fast Track","Was","199.99","Save £42.00","42","http://www.argos.co.uk/static/Product/partNumber/5032372.htm#pdpProductReviews","(8)","","http://www.argos.co.uk/wcsstore/argos/en_GB/images/rating/stars/rating-4_8.gif","","8","+ 2 special offers","2","http://www.argos.co.uk/wcsstore/argos/en_GB/images/icon_collection_grey.png","","http://www.argos.co.uk/wcsstore/argos/en_GB/images/green_arrow.png","","http://www.argos.co.uk/wcsstore/argos/en_GB/images/icon_collection_disabled.png","","http://www.argos.co.uk/wcsstore/argos/en_GB/images/grey_arrow.gif","","http://www.argos.co.uk/wcsstore/argos/en_GB/images/icon_delivery_grey.png","","http://www.argos.co.uk/wcsstore/argos/en_GB/images/icon_delivery_disabled.png","","","http://www.argos.co.uk/webapp/wcs/stores/servlet/ArgosProductPurchaseNoJS?storeId=10151&langId=110&catalogId=25051&URL=OrderItemDisplay&errorViewName=ArgosGenericErrorView&catEntryId=1399179&partNumber=5032372&quantity=1","Add To Trolley","Buy or Reserve Fitbit Surge Tangerine - Large","http://www.argos.co.uk/webapp/wcs/stores/servlet/ArgosProductPurchaseNoJS?storeId=10151&langId=110&catalogId=25051&URL=OrderItemDisplay&errorViewName=ArgosGenericErrorView&catEntryId=1399179&partNumber=5032372&quantity=1","Buy or Reserve","Buy or Reserve Fitbit Surge Tangerine - Large","http://www.argos.co.uk/static/Product/partNumber/5032372.htm","","more details on Fitbit Surge Tangerine - Large","http://argos.scene7.com/is/image/Argos/5032372_R_SET?$Listers$","more details on Fitbit Surge Tangerine - Large","Order now for delivery <span>within <span>2 days</span></span>","Reserve to collect in store","Compare"
"http://www.argos.co.uk/static/Product/partNumber/4133179.htm","Fitbit Charge Small Activity and Sleep Wristband - Black.","more details on Fitbit Charge Small Activity and Sleep Wristband - Black.","4133179","89.99","http://www.argos.co.uk/wcsstore/argos/en_GB/siteAssets/images/fasttrack_icon.png","Fast Track","","","","","http://www.argos.co.uk/static/Product/partNumber/4133179.htm#pdpProductReviews","(510)","","http://www.argos.co.uk/wcsstore/argos/en_GB/images/rating/stars/rating-4_5.gif","","510","","","http://www.argos.co.uk/wcsstore/argos/en_GB/images/icon_collection_grey.png","","http://www.argos.co.uk/wcsstore/argos/en_GB/images/green_arrow.png","","http://www.argos.co.uk/wcsstore/argos/en_GB/images/icon_collection_disabled.png","","http://www.argos.co.uk/wcsstore/argos/en_GB/images/grey_arrow.gif","","http://www.argos.co.uk/wcsstore/argos/en_GB/images/icon_delivery_grey.png","","http://www.argos.co.uk/wcsstore/argos/en_GB/images/icon_delivery_disabled.png","","","http://www.argos.co.uk/webapp/wcs/stores/servlet/ArgosProductPurchaseNoJS?storeId=10151&langId=110&catalogId=25051&URL=OrderItemDisplay&errorViewName=ArgosGenericErrorView&catEntryId=1317545&partNumber=4133179&quantity=1","Add To Trolley","Buy or Reserve Fitbit Charge Small Activity and Sleep Wristband - Black.","http://www.argos.co.uk/webapp/wcs/stores/servlet/ArgosProductPurchaseNoJS?storeId=10151&langId=110&catalogId=25051&URL=OrderItemDisplay&errorViewName=ArgosGenericErrorView&catEntryId=1317545&partNumber=4133179&quantity=1","Buy or Reserve","Buy or Reserve Fitbit Charge Small Activity and Sleep Wristband - Black.","http://www.argos.co.uk/static/Product/partNumber/4133179.htm","","more details on Fitbit Charge Small Activity and Sleep Wristband - Black.","http://argos.scene7.com/is/image/Argos/4133179_R_SET?$Listers$","more details on Fitbit Charge Small Activity and Sleep Wristband - Black.","Currently out of stock for delivery","Reserve to collect in store","Compare"
"http://www.argos.co.uk/static/Product/partNumber/4475590.htm","Microsoft Band 2 Small - Black","more details on Microsoft Band 2 Small - Black","4475590","149.99","http://www.argos.co.uk/wcsstore/argos/en_GB/siteAssets/images/fasttrack_icon.png","Fast Track","Was","199.99","Save 25%","","http://www.argos.co.uk/static/Product/partNumber/4475590.htm#pdpProductReviews","(45)","","http://www.argos.co.uk/wcsstore/argos/en_GB/images/rating/stars/rating-4_5.gif","","45","","","http://www.argos.co.uk/wcsstore/argos/en_GB/images/icon_collection_grey.png","","http://www.argos.co.uk/wcsstore/argos/en_GB/images/green_arrow.png","","http://www.argos.co.uk/wcsstore/argos/en_GB/images/icon_collection_disabled.png","","http://www.argos.co.uk/wcsstore/argos/en_GB/images/grey_arrow.gif","","http://www.argos.co.uk/wcsstore/argos/en_GB/images/icon_delivery_grey.png","","http://www.argos.co.uk/wcsstore/argos/en_GB/images/icon_delivery_disabled.png","","","http://www.argos.co.uk/webapp/wcs/stores/servlet/ArgosProductPurchaseNoJS?storeId=10151&langId=110&catalogId=25051&URL=OrderItemDisplay&errorViewName=ArgosGenericErrorView&catEntryId=1378729&partNumber=4475590&quantity=1","Add To Trolley","Buy or Reserve Microsoft Band 2 Small - Black","http://www.argos.co.uk/webapp/wcs/stores/servlet/ArgosProductPurchaseNoJS?storeId=10151&langId=110&catalogId=25051&URL=OrderItemDisplay&errorViewName=ArgosGenericErrorView&catEntryId=1378729&partNumber=4475590&quantity=1","Buy or Reserve","Buy or Reserve Microsoft Band 2 Small - Black","http://www.argos.co.uk/static/Product/partNumber/4475590.htm","","more details on Microsoft Band 2 Small - Black","http://argos.scene7.com/is/image/Argos/4475590_R_SET?$Listers$","more details on Microsoft Band 2 Small - Black","Currently out of stock for delivery","Reserve to collect in store","Compare"
"http://www.argos.co.uk/static/Product/partNumber/2497800.htm","Fitbit Flex Wireless Wristband - Violet.","more details on Fitbit Flex Wireless Wristband - Violet.","2497800","59.99","","","","","","","http://www.argos.co.uk/static/Product/partNumber/2497800.htm#pdpProductReviews","(529)","","http://www.argos.co.uk/wcsstore/argos/en_GB/images/rating/stars/rating-4_4.gif","","529","+ 1 special offer","1","http://www.argos.co.uk/wcsstore/argos/en_GB/images/icon_collection_grey.png","","http://www.argos.co.uk/wcsstore/argos/en_GB/images/green_arrow.png","","http://www.argos.co.uk/wcsstore/argos/en_GB/images/icon_collection_disabled.png","","http://www.argos.co.uk/wcsstore/argos/en_GB/images/grey_arrow.gif","","http://www.argos.co.uk/wcsstore/argos/en_GB/images/icon_delivery_grey.png","","http://www.argos.co.uk/wcsstore/argos/en_GB/images/icon_delivery_disabled.png","","","http://www.argos.co.uk/webapp/wcs/stores/servlet/ArgosProductPurchaseNoJS?storeId=10151&langId=110&catalogId=25051&URL=OrderItemDisplay&errorViewName=ArgosGenericErrorView&catEntryId=1172002&partNumber=2497800&quantity=1","Add To Trolley","Buy or Reserve Fitbit Flex Wireless Wristband - Violet.","http://www.argos.co.uk/webapp/wcs/stores/servlet/ArgosProductPurchaseNoJS?storeId=10151&langId=110&catalogId=25051&URL=OrderItemDisplay&errorViewName=ArgosGenericErrorView&catEntryId=1172002&partNumber=2497800&quantity=1","Buy or Reserve","Buy or Reserve Fitbit Flex Wireless Wristband - Violet.","http://www.argos.co.uk/static/Product/partNumber/2497800.htm","","more details on Fitbit Flex Wireless Wristband - Violet.","http://argos.scene7.com/is/image/Argos/2497800_R_SET?$Listers$","more details on Fitbit Flex Wireless Wristband - Violet.","Order now for delivery <span>within <span>2 days</span></span>","Reserve now for free store pick-up in 2-3 days","Compare"
"http://www.argos.co.uk/static/Product/partNumber/3976832.htm","Fitbit Charge HR Small Heart Rate Monitor Wristband - Black.","more details on Fitbit Charge HR Small Heart Rate Monitor Wristband - Black.","3976832","99.99","http://www.argos.co.uk/wcsstore/argos/en_GB/siteAssets/images/fasttrack_icon.png","Fast Track","","","","","http://www.argos.co.uk/static/Product/partNumber/3976832.htm#pdpProductReviews","(1508)","","http://www.argos.co.uk/wcsstore/argos/en_GB/images/rating/stars/rating-4_6.gif","","1508","+ 2 special offers","2","http://www.argos.co.uk/wcsstore/argos/en_GB/images/icon_collection_grey.png","","http://www.argos.co.uk/wcsstore/argos/en_GB/images/green_arrow.png","","http://www.argos.co.uk/wcsstore/argos/en_GB/images/icon_collection_disabled.png","","http://www.argos.co.uk/wcsstore/argos/en_GB/images/grey_arrow.gif","","http://www.argos.co.uk/wcsstore/argos/en_GB/images/icon_delivery_grey.png","","http://www.argos.co.uk/wcsstore/argos/en_GB/images/icon_delivery_disabled.png","","","http://www.argos.co.uk/webapp/wcs/stores/servlet/ArgosProductPurchaseNoJS?storeId=10151&langId=110&catalogId=25051&URL=OrderItemDisplay&errorViewName=ArgosGenericErrorView&catEntryId=1317541&partNumber=3976832&quantity=1","Add To Trolley","Buy or Reserve Fitbit Charge HR Small Heart Rate Monitor Wristband - Black.","http://www.argos.co.uk/webapp/wcs/stores/servlet/ArgosProductPurchaseNoJS?storeId=10151&langId=110&catalogId=25051&URL=OrderItemDisplay&errorViewName=ArgosGenericErrorView&catEntryId=1317541&partNumber=3976832&quantity=1","Buy or Reserve","Buy or Reserve Fitbit Charge HR Small Heart Rate Monitor Wristband - Black.","http://www.argos.co.uk/static/Product/partNumber/3976832.htm","","more details on Fitbit Charge HR Small Heart Rate Monitor Wristband - Black.","http://argos.scene7.com/is/image/Argos/3976832_R_SET?$Listers$","more details on Fitbit Charge HR Small Heart Rate Monitor Wristband - Black.","Order now for delivery <span>within <span>2 days</span></span>","Reserve to collect in store","Compare"
"http://www.argos.co.uk/static/Product/partNumber/4267021.htm","Fitbit Flex Wireless Activity and Sleep Wristband - Pink.","more details on Fitbit Flex Wireless Activity and Sleep Wristband - Pink.","4267021","59.99","http://www.argos.co.uk/wcsstore/argos/en_GB/siteAssets/images/fasttrack_icon.png","Fast Track","","","","","http://www.argos.co.uk/static/Product/partNumber/4267021.htm#pdpProductReviews","(529)","","http://www.argos.co.uk/wcsstore/argos/en_GB/images/rating/stars/rating-4_4.gif","","529","+ 2 special offers","2","http://www.argos.co.uk/wcsstore/argos/en_GB/images/icon_collection_grey.png","","http://www.argos.co.uk/wcsstore/argos/en_GB/images/green_arrow.png","","http://www.argos.co.uk/wcsstore/argos/en_GB/images/icon_collection_disabled.png","","http://www.argos.co.uk/wcsstore/argos/en_GB/images/grey_arrow.gif","","http://www.argos.co.uk/wcsstore/argos/en_GB/images/icon_delivery_grey.png","","http://www.argos.co.uk/wcsstore/argos/en_GB/images/icon_delivery_disabled.png","","","http://www.argos.co.uk/webapp/wcs/stores/servlet/ArgosProductPurchaseNoJS?storeId=10151&langId=110&catalogId=25051&URL=OrderItemDisplay&errorViewName=ArgosGenericErrorView&catEntryId=1315179&partNumber=4267021&quantity=1","Add To Trolley","Buy or Reserve Fitbit Flex Wireless Activity and Sleep Wristband - Pink.","http://www.argos.co.uk/webapp/wcs/stores/servlet/ArgosProductPurchaseNoJS?storeId=10151&langId=110&catalogId=25051&URL=OrderItemDisplay&errorViewName=ArgosGenericErrorView&catEntryId=1315179&partNumber=4267021&quantity=1","Buy or Reserve","Buy or Reserve Fitbit Flex Wireless Activity and Sleep Wristband - Pink.","http://www.argos.co.uk/static/Product/partNumber/4267021.htm","","more details on Fitbit Flex Wireless Activity and Sleep Wristband - Pink.","http://argos.scene7.com/is/image/Argos/4267021_R_SET?$Listers$","more details on Fitbit Flex Wireless Activity and Sleep Wristband - Pink.","Order now for delivery <span>within <span>2 days</span></span>","Reserve to collect in store","Compare"
"http://www.argos.co.uk/static/Product/partNumber/4977885.htm","Nuband Pulse Heart Rate Activity and Sleep Tracker","more details on Nuband Pulse Heart Rate Activity and Sleep Tracker","4977885","49.99","http://www.argos.co.uk/wcsstore/argos/en_GB/siteAssets/images/fasttrack_icon.png","Fast Track","","","","","http://www.argos.co.uk/static/Product/partNumber/4977885.htm#pdpProductReviews","(13)","","http://www.argos.co.uk/wcsstore/argos/en_GB/images/rating/stars/rating-2_9.gif","","13","","","http://www.argos.co.uk/wcsstore/argos/en_GB/images/icon_collection_grey.png","","http://www.argos.co.uk/wcsstore/argos/en_GB/images/green_arrow.png","","http://www.argos.co.uk/wcsstore/argos/en_GB/images/icon_collection_disabled.png","","http://www.argos.co.uk/wcsstore/argos/en_GB/images/grey_arrow.gif","","http://www.argos.co.uk/wcsstore/argos/en_GB/images/icon_delivery_grey.png","","http://www.argos.co.uk/wcsstore/argos/en_GB/images/icon_delivery_disabled.png","","","http://www.argos.co.uk/webapp/wcs/stores/servlet/ArgosProductPurchaseNoJS?storeId=10151&langId=110&catalogId=25051&URL=OrderItemDisplay&errorViewName=ArgosGenericErrorView&catEntryId=1409032&partNumber=4977885&quantity=1","Add To Trolley","Buy or Reserve Nuband Pulse Heart Rate Activity and Sleep Tracker","http://www.argos.co.uk/webapp/wcs/stores/servlet/ArgosProductPurchaseNoJS?storeId=10151&langId=110&catalogId=25051&URL=OrderItemDisplay&errorViewName=ArgosGenericErrorView&catEntryId=1409032&partNumber=4977885&quantity=1","Buy or Reserve","Buy or Reserve Nuband Pulse Heart Rate Activity and Sleep Tracker","http://www.argos.co.uk/static/Product/partNumber/4977885.htm","","more details on Nuband Pulse Heart Rate Activity and Sleep Tracker","http://argos.scene7.com/is/image/Argos/4977885_R_SET?$Listers$","more details on Nuband Pulse Heart Rate Activity and Sleep Tracker","Currently out of stock for delivery","Reserve to collect in store","Compare"
"http://www.argos.co.uk/static/Product/partNumber/4591986.htm","Sony SWR10 SmartBand Wrist Strap - Orange/Blue/Black.","more details on Sony SWR10 SmartBand Wrist Strap - Orange/Blue/Black.","4591986","19.99","","","","","","","","","","","","","","","http://www.argos.co.uk/wcsstore/argos/en_GB/images/icon_collection_grey.png","","http://www.argos.co.uk/wcsstore/argos/en_GB/images/green_arrow.png","","http://www.argos.co.uk/wcsstore/argos/en_GB/images/icon_collection_disabled.png","","http://www.argos.co.uk/wcsstore/argos/en_GB/images/grey_arrow.gif","","http://www.argos.co.uk/wcsstore/argos/en_GB/images/icon_delivery_grey.png","","http://www.argos.co.uk/wcsstore/argos/en_GB/images/icon_delivery_disabled.png","","+ Free Delivery","http://www.argos.co.uk/webapp/wcs/stores/servlet/ArgosProductPurchaseNoJS?storeId=10151&langId=110&catalogId=25051&URL=OrderItemDisplay&errorViewName=ArgosGenericErrorView&catEntryId=1423505&partNumber=4591986&quantity=1","Add To Trolley","Buy or Reserve Sony SWR10 SmartBand Wrist Strap - Orange/Blue/Black.","http://www.argos.co.uk/webapp/wcs/stores/servlet/ArgosProductPurchaseNoJS?storeId=10151&langId=110&catalogId=25051&URL=OrderItemDisplay&errorViewName=ArgosGenericErrorView&catEntryId=1423505&partNumber=4591986&quantity=1","Buy or Reserve","Buy or Reserve Sony SWR10 SmartBand Wrist Strap - Orange/Blue/Black.","http://www.argos.co.uk/static/Product/partNumber/4591986.htm","","more details on Sony SWR10 SmartBand Wrist Strap - Orange/Blue/Black.","http://argos.scene7.com/is/image/Argos/4591986_R_SET?$Listers$","more details on Sony SWR10 SmartBand Wrist Strap - Orange/Blue/Black.","","Email me when back in stock","Compare"
"http://www.argos.co.uk/static/Product/partNumber/4815765.htm","Motorola Moto 360 Sport Smartwatch - Black.","more details on Motorola Moto 360 Sport Smartwatch - Black.","4815765","219.95","http://www.argos.co.uk/wcsstore/argos/en_GB/siteAssets/images/fasttrack_icon.png","Fast Track","","","","","http://www.argos.co.uk/static/Product/partNumber/4815765.htm#pdpProductReviews","(1)","","http://www.argos.co.uk/wcsstore/argos/en_GB/images/rating/stars/rating-4_0.gif","","1","","","http://www.argos.co.uk/wcsstore/argos/en_GB/images/icon_collection_grey.png","","http://www.argos.co.uk/wcsstore/argos/en_GB/images/green_arrow.png","","http://www.argos.co.uk/wcsstore/argos/en_GB/images/icon_collection_disabled.png","","http://www.argos.co.uk/wcsstore/argos/en_GB/images/grey_arrow.gif","","http://www.argos.co.uk/wcsstore/argos/en_GB/images/icon_delivery_grey.png","","http://www.argos.co.uk/wcsstore/argos/en_GB/images/icon_delivery_disabled.png","","+ Free Delivery","http://www.argos.co.uk/webapp/wcs/stores/servlet/ArgosProductPurchaseNoJS?storeId=10151&langId=110&catalogId=25051&URL=OrderItemDisplay&errorViewName=ArgosGenericErrorView&catEntryId=1398224&partNumber=4815765&quantity=1","Add To Trolley","Buy or Reserve Motorola Moto 360 Sport Smartwatch - Black.","http://www.argos.co.uk/webapp/wcs/stores/servlet/ArgosProductPurchaseNoJS?storeId=10151&langId=110&catalogId=25051&URL=OrderItemDisplay&errorViewName=ArgosGenericErrorView&catEntryId=1398224&partNumber=4815765&quantity=1","Buy or Reserve","Buy or Reserve Motorola Moto 360 Sport Smartwatch - Black.","http://www.argos.co.uk/static/Product/partNumber/4815765.htm","","more details on Motorola Moto 360 Sport Smartwatch - Black.","http://argos.scene7.com/is/image/Argos/4815765_R_SET?$Listers$","more details on Motorola Moto 360 Sport Smartwatch - Black.","Order now for delivery <span>within <span>2 days</span></span>","Reserve to collect in store","Compare"
"http://www.argos.co.uk/static/Product/partNumber/4992626.htm","Fitbit Surge Tangerine - Small","more details on Fitbit Surge Tangerine - Small","4992626","157.99","http://www.argos.co.uk/wcsstore/argos/en_GB/siteAssets/images/fasttrack_icon.png","Fast Track","Was","199.99","Save £42.00","42","http://www.argos.co.uk/static/Product/partNumber/4992626.htm#pdpProductReviews","(4)","","http://www.argos.co.uk/wcsstore/argos/en_GB/images/rating/stars/rating-4_3.gif","","4","+ 2 special offers","2","http://www.argos.co.uk/wcsstore/argos/en_GB/images/icon_collection_grey.png","","http://www.argos.co.uk/wcsstore/argos/en_GB/images/green_arrow.png","","http://www.argos.co.uk/wcsstore/argos/en_GB/images/icon_collection_disabled.png","","http://www.argos.co.uk/wcsstore/argos/en_GB/images/grey_arrow.gif","","http://www.argos.co.uk/wcsstore/argos/en_GB/images/icon_delivery_grey.png","","http://www.argos.co.uk/wcsstore/argos/en_GB/images/icon_delivery_disabled.png","","","http://www.argos.co.uk/webapp/wcs/stores/servlet/ArgosProductPurchaseNoJS?storeId=10151&langId=110&catalogId=25051&URL=OrderItemDisplay&errorViewName=ArgosGenericErrorView&catEntryId=1399185&partNumber=4992626&quantity=1","Add To Trolley","Buy or Reserve Fitbit Surge Tangerine - Small","http://www.argos.co.uk/webapp/wcs/stores/servlet/ArgosProductPurchaseNoJS?storeId=10151&langId=110&catalogId=25051&URL=OrderItemDisplay&errorViewName=ArgosGenericErrorView&catEntryId=1399185&partNumber=4992626&quantity=1","Buy or Reserve","Buy or Reserve Fitbit Surge Tangerine - Small","http://www.argos.co.uk/static/Product/partNumber/4992626.htm","","more details on Fitbit Surge Tangerine - Small","http://argos.scene7.com/is/image/Argos/4992626_R_SET?$Listers$","more details on Fitbit Surge Tangerine - Small","Order now for delivery <span>within <span>2 days</span></span>","Reserve to collect in store","Compare"
"http://www.argos.co.uk/static/Product/partNumber/4610489.htm","Garmin Forerunner 225 GPS Running Watch and Wrist Heart Rate","more details on Garmin Forerunner 225 GPS Running Watch and Wrist Heart Rate","4610489","199.99","http://www.argos.co.uk/wcsstore/argos/en_GB/siteAssets/images/fasttrack_icon.png","Fast Track","","","","","http://www.argos.co.uk/static/Product/partNumber/4610489.htm#pdpProductReviews","(1)","","http://www.argos.co.uk/wcsstore/argos/en_GB/images/rating/stars/rating-5_0.gif","","1","","","http://www.argos.co.uk/wcsstore/argos/en_GB/images/icon_collection_grey.png","","http://www.argos.co.uk/wcsstore/argos/en_GB/images/green_arrow.png","","http://www.argos.co.uk/wcsstore/argos/en_GB/images/icon_collection_disabled.png","","http://www.argos.co.uk/wcsstore/argos/en_GB/images/grey_arrow.gif","","http://www.argos.co.uk/wcsstore/argos/en_GB/images/icon_delivery_grey.png","","http://www.argos.co.uk/wcsstore/argos/en_GB/images/icon_delivery_disabled.png","","","http://www.argos.co.uk/webapp/wcs/stores/servlet/ArgosProductPurchaseNoJS?storeId=10151&langId=110&catalogId=25051&URL=OrderItemDisplay&errorViewName=ArgosGenericErrorView&catEntryId=1408796&partNumber=4610489&quantity=1","Add To Trolley","Buy or Reserve Garmin Forerunner 225 GPS Running Watch and Wrist Heart Rate","http://www.argos.co.uk/webapp/wcs/stores/servlet/ArgosProductPurchaseNoJS?storeId=10151&langId=110&catalogId=25051&URL=OrderItemDisplay&errorViewName=ArgosGenericErrorView&catEntryId=1408796&partNumber=4610489&quantity=1","Buy or Reserve","Buy or Reserve Garmin Forerunner 225 GPS Running Watch and Wrist Heart Rate","http://www.argos.co.uk/static/Product/partNumber/4610489.htm","","more details on Garmin Forerunner 225 GPS Running Watch and Wrist Heart Rate","http://argos.scene7.com/is/image/Argos/4610489_R_SET?$Listers$","more details on Garmin Forerunner 225 GPS Running Watch and Wrist Heart Rate","Order now for delivery <span>within <span>2 days</span></span>","Reserve to collect in store","Compare"
"http://www.argos.co.uk/static/Product/partNumber/4986182.htm","UP2 by Jawbone Activity and Sleep Tracker - Black Diamond","more details on UP2 by Jawbone Activity and Sleep Tracker - Black Diamond","4986182","89.99","http://www.argos.co.uk/wcsstore/argos/en_GB/siteAssets/images/fasttrack_icon.png","Fast Track","","","","","http://www.argos.co.uk/static/Product/partNumber/4986182.htm#pdpProductReviews","(1)","","http://www.argos.co.uk/wcsstore/argos/en_GB/images/rating/stars/rating-5_0.gif","","1","","","http://www.argos.co.uk/wcsstore/argos/en_GB/images/icon_collection_grey.png","","http://www.argos.co.uk/wcsstore/argos/en_GB/images/green_arrow.png","","http://www.argos.co.uk/wcsstore/argos/en_GB/images/icon_collection_disabled.png","","http://www.argos.co.uk/wcsstore/argos/en_GB/images/grey_arrow.gif","","http://www.argos.co.uk/wcsstore/argos/en_GB/images/icon_delivery_grey.png","","http://www.argos.co.uk/wcsstore/argos/en_GB/images/icon_delivery_disabled.png","","","http://www.argos.co.uk/webapp/wcs/stores/servlet/ArgosProductPurchaseNoJS?storeId=10151&langId=110&catalogId=25051&URL=OrderItemDisplay&errorViewName=ArgosGenericErrorView&catEntryId=1408798&partNumber=4986182&quantity=1","Add To Trolley","Buy or Reserve UP2 by Jawbone Activity and Sleep Tracker - Black Diamond","http://www.argos.co.uk/webapp/wcs/stores/servlet/ArgosProductPurchaseNoJS?storeId=10151&langId=110&catalogId=25051&URL=OrderItemDisplay&errorViewName=ArgosGenericErrorView&catEntryId=1408798&partNumber=4986182&quantity=1","Buy or Reserve","Buy or Reserve UP2 by Jawbone Activity and Sleep Tracker - Black Diamond","http://www.argos.co.uk/static/Product/partNumber/4986182.htm","","more details on UP2 by Jawbone Activity and Sleep Tracker - Black Diamond","http://argos.scene7.com/is/image/Argos/4986182_R_SET?$Listers$","more details on UP2 by Jawbone Activity and Sleep Tracker - Black Diamond","Order now for delivery <span>within <span>2 days</span></span>","Reserve to collect in store","Compare"
"http://www.argos.co.uk/static/Product/partNumber/4989660.htm","Jawbone UP2 Rope Activity Sleep Tracker - Gun Metal","more details on Jawbone UP2 Rope Activity Sleep Tracker - Gun Metal","4989660","89.99","http://www.argos.co.uk/wcsstore/argos/en_GB/siteAssets/images/fasttrack_icon.png","Fast Track","","","","","","","","","","","","","http://www.argos.co.uk/wcsstore/argos/en_GB/images/icon_collection_grey.png","","http://www.argos.co.uk/wcsstore/argos/en_GB/images/green_arrow.png","","http://www.argos.co.uk/wcsstore/argos/en_GB/images/icon_collection_disabled.png","","http://www.argos.co.uk/wcsstore/argos/en_GB/images/grey_arrow.gif","","http://www.argos.co.uk/wcsstore/argos/en_GB/images/icon_delivery_grey.png","","http://www.argos.co.uk/wcsstore/argos/en_GB/images/icon_delivery_disabled.png","","","http://www.argos.co.uk/webapp/wcs/stores/servlet/ArgosProductPurchaseNoJS?storeId=10151&langId=110&catalogId=25051&URL=OrderItemDisplay&errorViewName=ArgosGenericErrorView&catEntryId=1408800&partNumber=4989660&quantity=1","Add To Trolley","Buy or Reserve Jawbone UP2 Rope Activity Sleep Tracker - Gun Metal","http://www.argos.co.uk/webapp/wcs/stores/servlet/ArgosProductPurchaseNoJS?storeId=10151&langId=110&catalogId=25051&URL=OrderItemDisplay&errorViewName=ArgosGenericErrorView&catEntryId=1408800&partNumber=4989660&quantity=1","Buy or Reserve","Buy or Reserve Jawbone UP2 Rope Activity Sleep Tracker - Gun Metal","http://www.argos.co.uk/static/Product/partNumber/4989660.htm","","more details on Jawbone UP2 Rope Activity Sleep Tracker - Gun Metal","http://argos.scene7.com/is/image/Argos/4989660_R_SET?$Listers$","more details on Jawbone UP2 Rope Activity Sleep Tracker - Gun Metal","Order now for delivery <span>within <span>2 days</span></span>","Reserve to collect in store","Compare"
"http://www.argos.co.uk/static/Product/partNumber/4824086.htm","UP2 by Jawbone Activity and Sleep Tracker - Oat Spectrum","more details on UP2 by Jawbone Activity and Sleep Tracker - Oat Spectrum","4824086","89.99","http://www.argos.co.uk/wcsstore/argos/en_GB/siteAssets/images/fasttrack_icon.png","Fast Track","","","","","http://www.argos.co.uk/static/Product/partNumber/4824086.htm#pdpProductReviews","(2)","","http://www.argos.co.uk/wcsstore/argos/en_GB/images/rating/stars/rating-5_0.gif","","2","","","http://www.argos.co.uk/wcsstore/argos/en_GB/images/icon_collection_grey.png","","http://www.argos.co.uk/wcsstore/argos/en_GB/images/green_arrow.png","","http://www.argos.co.uk/wcsstore/argos/en_GB/images/icon_collection_disabled.png","","http://www.argos.co.uk/wcsstore/argos/en_GB/images/grey_arrow.gif","","http://www.argos.co.uk/wcsstore/argos/en_GB/images/icon_delivery_grey.png","","http://www.argos.co.uk/wcsstore/argos/en_GB/images/icon_delivery_disabled.png","","","http://www.argos.co.uk/webapp/wcs/stores/servlet/ArgosProductPurchaseNoJS?storeId=10151&langId=110&catalogId=25051&URL=OrderItemDisplay&errorViewName=ArgosGenericErrorView&catEntryId=1408802&partNumber=4824086&quantity=1","Add To Trolley","Buy or Reserve UP2 by Jawbone Activity and Sleep Tracker - Oat Spectrum","http://www.argos.co.uk/webapp/wcs/stores/servlet/ArgosProductPurchaseNoJS?storeId=10151&langId=110&catalogId=25051&URL=OrderItemDisplay&errorViewName=ArgosGenericErrorView&catEntryId=1408802&partNumber=4824086&quantity=1","Buy or Reserve","Buy or Reserve UP2 by Jawbone Activity and Sleep Tracker - Oat Spectrum","http://www.argos.co.uk/static/Product/partNumber/4824086.htm","","more details on UP2 by Jawbone Activity and Sleep Tracker - Oat Spectrum","http://argos.scene7.com/is/image/Argos/4824086_R_SET?$Listers$","more details on UP2 by Jawbone Activity and Sleep Tracker - Oat Spectrum","Currently out of stock for delivery","Reserve to collect in store","Compare"
"http://www.argos.co.uk/static/Product/partNumber/5034545.htm","Jawbone UP24 3 - Silver","more details on Jawbone UP24 3 - Silver","5034545","129.99","http://www.argos.co.uk/wcsstore/argos/en_GB/siteAssets/images/fasttrack_icon.png","Fast Track","","","","","","","","","","","","","http://www.argos.co.uk/wcsstore/argos/en_GB/images/icon_collection_grey.png","","http://www.argos.co.uk/wcsstore/argos/en_GB/images/green_arrow.png","","http://www.argos.co.uk/wcsstore/argos/en_GB/images/icon_collection_disabled.png","","http://www.argos.co.uk/wcsstore/argos/en_GB/images/grey_arrow.gif","","http://www.argos.co.uk/wcsstore/argos/en_GB/images/icon_delivery_grey.png","","http://www.argos.co.uk/wcsstore/argos/en_GB/images/icon_delivery_disabled.png","","","http://www.argos.co.uk/webapp/wcs/stores/servlet/ArgosProductPurchaseNoJS?storeId=10151&langId=110&catalogId=25051&URL=OrderItemDisplay&errorViewName=ArgosGenericErrorView&catEntryId=1408804&partNumber=5034545&quantity=1","Add To Trolley","Buy or Reserve Jawbone UP24 3 - Silver","http://www.argos.co.uk/webapp/wcs/stores/servlet/ArgosProductPurchaseNoJS?storeId=10151&langId=110&catalogId=25051&URL=OrderItemDisplay&errorViewName=ArgosGenericErrorView&catEntryId=1408804&partNumber=5034545&quantity=1","Buy or Reserve","Buy or Reserve Jawbone UP24 3 - Silver","http://www.argos.co.uk/static/Product/partNumber/5034545.htm","","more details on Jawbone UP24 3 - Silver","http://argos.scene7.com/is/image/Argos/5034545_R_SET?$Listers$","more details on Jawbone UP24 3 - Silver","Order now for delivery <span>within <span>2 days</span></span>","Reserve to collect in store","Compare"
"http://www.argos.co.uk/static/Product/partNumber/4554796.htm","UP3 by Jawbone Activity and Sleep Tracker - Indigo Twist","more details on UP3 by Jawbone Activity and Sleep Tracker - Indigo Twist","4554796","129.99","http://www.argos.co.uk/wcsstore/argos/en_GB/siteAssets/images/fasttrack_icon.png","Fast Track","","","","","","","","","","","","","http://www.argos.co.uk/wcsstore/argos/en_GB/images/icon_collection_grey.png","","http://www.argos.co.uk/wcsstore/argos/en_GB/images/green_arrow.png","","http://www.argos.co.uk/wcsstore/argos/en_GB/images/icon_collection_disabled.png","","http://www.argos.co.uk/wcsstore/argos/en_GB/images/grey_arrow.gif","","http://www.argos.co.uk/wcsstore/argos/en_GB/images/icon_delivery_grey.png","","http://www.argos.co.uk/wcsstore/argos/en_GB/images/icon_delivery_disabled.png","","","http://www.argos.co.uk/webapp/wcs/stores/servlet/ArgosProductPurchaseNoJS?storeId=10151&langId=110&catalogId=25051&URL=OrderItemDisplay&errorViewName=ArgosGenericErrorView&catEntryId=1408919&partNumber=4554796&quantity=1","Add To Trolley","Buy or Reserve UP3 by Jawbone Activity and Sleep Tracker - Indigo Twist","http://www.argos.co.uk/webapp/wcs/stores/servlet/ArgosProductPurchaseNoJS?storeId=10151&langId=110&catalogId=25051&URL=OrderItemDisplay&errorViewName=ArgosGenericErrorView&catEntryId=1408919&partNumber=4554796&quantity=1","Buy or Reserve","Buy or Reserve UP3 by Jawbone Activity and Sleep Tracker - Indigo Twist","http://www.argos.co.uk/static/Product/partNumber/4554796.htm","","more details on UP3 by Jawbone Activity and Sleep Tracker - Indigo Twist","http://argos.scene7.com/is/image/Argos/4554796_R_SET?$Listers$","more details on UP3 by Jawbone Activity and Sleep Tracker - Indigo Twist","Order now for delivery <span>within <span>2 days</span></span>","Reserve to collect in store","Compare"
"http://www.argos.co.uk/static/Product/partNumber/5057010.htm","UP3 by Jawbone Activity and Sleep Tracker - Sand Twist","more details on UP3 by Jawbone Activity and Sleep Tracker - Sand Twist","5057010","129.99","http://www.argos.co.uk/wcsstore/argos/en_GB/siteAssets/images/fasttrack_icon.png","Fast Track","","","","","","","","","","","","","http://www.argos.co.uk/wcsstore/argos/en_GB/images/icon_collection_grey.png","","http://www.argos.co.uk/wcsstore/argos/en_GB/images/green_arrow.png","","http://www.argos.co.uk/wcsstore/argos/en_GB/images/icon_collection_disabled.png","","http://www.argos.co.uk/wcsstore/argos/en_GB/images/grey_arrow.gif","","http://www.argos.co.uk/wcsstore/argos/en_GB/images/icon_delivery_grey.png","","http://www.argos.co.uk/wcsstore/argos/en_GB/images/icon_delivery_disabled.png","","","http://www.argos.co.uk/webapp/wcs/stores/servlet/ArgosProductPurchaseNoJS?storeId=10151&langId=110&catalogId=25051&URL=OrderItemDisplay&errorViewName=ArgosGenericErrorView&catEntryId=1408921&partNumber=5057010&quantity=1","Add To Trolley","Buy or Reserve UP3 by Jawbone Activity and Sleep Tracker - Sand Twist","http://www.argos.co.uk/webapp/wcs/stores/servlet/ArgosProductPurchaseNoJS?storeId=10151&langId=110&catalogId=25051&URL=OrderItemDisplay&errorViewName=ArgosGenericErrorView&catEntryId=1408921&partNumber=5057010&quantity=1","Buy or Reserve","Buy or Reserve UP3 by Jawbone Activity and Sleep Tracker - Sand Twist","http://www.argos.co.uk/static/Product/partNumber/5057010.htm","","more details on UP3 by Jawbone Activity and Sleep Tracker - Sand Twist","http://argos.scene7.com/is/image/Argos/5057010_R_SET?$Listers$","more details on UP3 by Jawbone Activity and Sleep Tracker - Sand Twist","Order now for delivery <span>within <span>2 days</span></span>","Reserve to collect in store","Compare"
"http://www.argos.co.uk/static/Product/partNumber/5157305.htm","UP3 by Jawbone Activity Tracker - Teal Cross.","more details on UP3 by Jawbone Activity Tracker - Teal Cross.","5157305","129.99","","","","","","","","","","","","","","","http://www.argos.co.uk/wcsstore/argos/en_GB/images/icon_collection_grey.png","","http://www.argos.co.uk/wcsstore/argos/en_GB/images/green_arrow.png","","http://www.argos.co.uk/wcsstore/argos/en_GB/images/icon_collection_disabled.png","","http://www.argos.co.uk/wcsstore/argos/en_GB/images/grey_arrow.gif","","http://www.argos.co.uk/wcsstore/argos/en_GB/images/icon_delivery_grey.png","","http://www.argos.co.uk/wcsstore/argos/en_GB/images/icon_delivery_disabled.png","","","http://www.argos.co.uk/webapp/wcs/stores/servlet/ArgosProductPurchaseNoJS?storeId=10151&langId=110&catalogId=25051&URL=OrderItemDisplay&errorViewName=ArgosGenericErrorView&catEntryId=1408961&partNumber=5157305&quantity=1","Add To Trolley","Buy or Reserve UP3 by Jawbone Activity Tracker - Teal Cross.","http://www.argos.co.uk/webapp/wcs/stores/servlet/ArgosProductPurchaseNoJS?storeId=10151&langId=110&catalogId=25051&URL=OrderItemDisplay&errorViewName=ArgosGenericErrorView&catEntryId=1408961&partNumber=5157305&quantity=1","Buy or Reserve","Buy or Reserve UP3 by Jawbone Activity Tracker - Teal Cross.","http://www.argos.co.uk/static/Product/partNumber/5157305.htm","","more details on UP3 by Jawbone Activity Tracker - Teal Cross.","http://argos.scene7.com/is/image/Argos/5157305_R_SET?$Listers$","more details on UP3 by Jawbone Activity Tracker - Teal Cross.","Order now for delivery <span>within <span>2 days</span></span>","Reserve now for free store pick-up in 2-3 days","Compare"
"http://www.argos.co.uk/static/Product/partNumber/5157934.htm","UP MOVE by Jawbone Activity Tracker - Grape Rose with Purple","more details on UP MOVE by Jawbone Activity Tracker - Grape Rose with Purple","5157934","49.99","","","","","","","","","","","","","","","http://www.argos.co.uk/wcsstore/argos/en_GB/images/icon_collection_grey.png","","http://www.argos.co.uk/wcsstore/argos/en_GB/images/green_arrow.png","","http://www.argos.co.uk/wcsstore/argos/en_GB/images/icon_collection_disabled.png","","http://www.argos.co.uk/wcsstore/argos/en_GB/images/grey_arrow.gif","","http://www.argos.co.uk/wcsstore/argos/en_GB/images/icon_delivery_grey.png","","http://www.argos.co.uk/wcsstore/argos/en_GB/images/icon_delivery_disabled.png","","","http://www.argos.co.uk/webapp/wcs/stores/servlet/ArgosProductPurchaseNoJS?storeId=10151&langId=110&catalogId=25051&URL=OrderItemDisplay&errorViewName=ArgosGenericErrorView&catEntryId=1408963&partNumber=5157934&quantity=1","Add To Trolley","Buy or Reserve UP MOVE by Jawbone Activity Tracker - Grape Rose with Purple","http://www.argos.co.uk/webapp/wcs/stores/servlet/ArgosProductPurchaseNoJS?storeId=10151&langId=110&catalogId=25051&URL=OrderItemDisplay&errorViewName=ArgosGenericErrorView&catEntryId=1408963&partNumber=5157934&quantity=1","Buy or Reserve","Buy or Reserve UP MOVE by Jawbone Activity Tracker - Grape Rose with Purple","http://www.argos.co.uk/static/Product/partNumber/5157934.htm","","more details on UP MOVE by Jawbone Activity Tracker - Grape Rose with Purple","http://argos.scene7.com/is/image/Argos/5157934_R_SET?$Listers$","more details on UP MOVE by Jawbone Activity Tracker - Grape Rose with Purple","Order now for delivery <span>within <span>2 days</span></span>","Reserve now for free store pick-up in 2-3 days","Compare"
"http://www.argos.co.uk/static/Product/partNumber/5162242.htm","UP MOVE by Jawbone Activity Tracker - Ruby Rose with Red.","more details on UP MOVE by Jawbone Activity Tracker - Ruby Rose with Red.","5162242","49.99","","","","","","","","","","","","","","","http://www.argos.co.uk/wcsstore/argos/en_GB/images/icon_collection_grey.png","","http://www.argos.co.uk/wcsstore/argos/en_GB/images/green_arrow.png","","http://www.argos.co.uk/wcsstore/argos/en_GB/images/icon_collection_disabled.png","","http://www.argos.co.uk/wcsstore/argos/en_GB/images/grey_arrow.gif","","http://www.argos.co.uk/wcsstore/argos/en_GB/images/icon_delivery_grey.png","","http://www.argos.co.uk/wcsstore/argos/en_GB/images/icon_delivery_disabled.png","","","http://www.argos.co.uk/webapp/wcs/stores/servlet/ArgosProductPurchaseNoJS?storeId=10151&langId=110&catalogId=25051&URL=OrderItemDisplay&errorViewName=ArgosGenericErrorView&catEntryId=1408967&partNumber=5162242&quantity=1","Add To Trolley","Buy or Reserve UP MOVE by Jawbone Activity Tracker - Ruby Rose with Red.","http://www.argos.co.uk/webapp/wcs/stores/servlet/ArgosProductPurchaseNoJS?storeId=10151&langId=110&catalogId=25051&URL=OrderItemDisplay&errorViewName=ArgosGenericErrorView&catEntryId=1408967&partNumber=5162242&quantity=1","Buy or Reserve","Buy or Reserve UP MOVE by Jawbone Activity Tracker - Ruby Rose with Red.","http://www.argos.co.uk/static/Product/partNumber/5162242.htm","","more details on UP MOVE by Jawbone Activity Tracker - Ruby Rose with Red.","http://argos.scene7.com/is/image/Argos/5162242_R_SET?$Listers$","more details on UP MOVE by Jawbone Activity Tracker - Ruby Rose with Red.","Order now for delivery <span>within <span>2 days</span></span>","Reserve now for free store pick-up in 2-3 days","Compare"
"http://www.argos.co.uk/static/Product/partNumber/4814278.htm","Nuband Evolve Multi Sport Activity and Sleep Tracker","more details on Nuband Evolve Multi Sport Activity and Sleep Tracker","4814278","39.99","","","","","","","http://www.argos.co.uk/static/Product/partNumber/4814278.htm#pdpProductReviews","(4)","","http://www.argos.co.uk/wcsstore/argos/en_GB/images/rating/stars/rating-4_3.gif","","4","","","http://www.argos.co.uk/wcsstore/argos/en_GB/images/icon_collection_grey.png","","http://www.argos.co.uk/wcsstore/argos/en_GB/images/green_arrow.png","","http://www.argos.co.uk/wcsstore/argos/en_GB/images/icon_collection_disabled.png","","http://www.argos.co.uk/wcsstore/argos/en_GB/images/grey_arrow.gif","","http://www.argos.co.uk/wcsstore/argos/en_GB/images/icon_delivery_grey.png","","http://www.argos.co.uk/wcsstore/argos/en_GB/images/icon_delivery_disabled.png","","","http://www.argos.co.uk/webapp/wcs/stores/servlet/ArgosProductPurchaseNoJS?storeId=10151&langId=110&catalogId=25051&URL=OrderItemDisplay&errorViewName=ArgosGenericErrorView&catEntryId=1409034&partNumber=4814278&quantity=1","Add To Trolley","Buy or Reserve Nuband Evolve Multi Sport Activity and Sleep Tracker","http://www.argos.co.uk/webapp/wcs/stores/servlet/ArgosProductPurchaseNoJS?storeId=10151&langId=110&catalogId=25051&URL=OrderItemDisplay&errorViewName=ArgosGenericErrorView&catEntryId=1409034&partNumber=4814278&quantity=1","Buy or Reserve","Buy or Reserve Nuband Evolve Multi Sport Activity and Sleep Tracker","http://www.argos.co.uk/static/Product/partNumber/4814278.htm","","more details on Nuband Evolve Multi Sport Activity and Sleep Tracker","http://argos.scene7.com/is/image/Argos/4814278_R_SET?$Listers$","more details on Nuband Evolve Multi Sport Activity and Sleep Tracker","Currently out of stock for delivery","Reserve to collect in store","Compare"
"http://www.argos.co.uk/static/Product/partNumber/4610063.htm","Garmin Approach S2 Black and Red","more details on Garmin Approach S2 Black and Red","4610063","139.99","http://www.argos.co.uk/wcsstore/argos/en_GB/siteAssets/images/fasttrack_icon.png","Fast Track","","","","","http://www.argos.co.uk/static/Product/partNumber/4610063.htm#pdpProductReviews","(3)","","http://www.argos.co.uk/wcsstore/argos/en_GB/images/rating/stars/rating-5_0.gif","","3","","","http://www.argos.co.uk/wcsstore/argos/en_GB/images/icon_collection_grey.png","","http://www.argos.co.uk/wcsstore/argos/en_GB/images/green_arrow.png","","http://www.argos.co.uk/wcsstore/argos/en_GB/images/icon_collection_disabled.png","","http://www.argos.co.uk/wcsstore/argos/en_GB/images/grey_arrow.gif","","http://www.argos.co.uk/wcsstore/argos/en_GB/images/icon_delivery_grey.png","","http://www.argos.co.uk/wcsstore/argos/en_GB/images/icon_delivery_disabled.png","","","http://www.argos.co.uk/webapp/wcs/stores/servlet/ArgosProductPurchaseNoJS?storeId=10151&langId=110&catalogId=25051&URL=OrderItemDisplay&errorViewName=ArgosGenericErrorView&catEntryId=1409036&partNumber=4610063&quantity=1","Add To Trolley","Buy or Reserve Garmin Approach S2 Black and Red","http://www.argos.co.uk/webapp/wcs/stores/servlet/ArgosProductPurchaseNoJS?storeId=10151&langId=110&catalogId=25051&URL=OrderItemDisplay&errorViewName=ArgosGenericErrorView&catEntryId=1409036&partNumber=4610063&quantity=1","Buy or Reserve","Buy or Reserve Garmin Approach S2 Black and Red","http://www.argos.co.uk/static/Product/partNumber/4610063.htm","","more details on Garmin Approach S2 Black and Red","http://argos.scene7.com/is/image/Argos/4610063_R_SET?$Listers$","more details on Garmin Approach S2 Black and Red","Order now for delivery <span>within <span>2 days</span></span>","Reserve to collect in store","Compare"
"http://www.argos.co.uk/static/Product/partNumber/5075171.htm","Polar Loop 2 Activity Tracker - Smoky Black","more details on Polar Loop 2 Activity Tracker - Smoky Black","5075171","94.5","http://www.argos.co.uk/wcsstore/argos/en_GB/siteAssets/images/fasttrack_icon.png","Fast Track","","","","","http://www.argos.co.uk/static/Product/partNumber/5075171.htm#pdpProductReviews","(1)","","http://www.argos.co.uk/wcsstore/argos/en_GB/images/rating/stars/rating-5_0.gif","","1","","","http://www.argos.co.uk/wcsstore/argos/en_GB/images/icon_collection_grey.png","","http://www.argos.co.uk/wcsstore/argos/en_GB/images/green_arrow.png","","http://www.argos.co.uk/wcsstore/argos/en_GB/images/icon_collection_disabled.png","","http://www.argos.co.uk/wcsstore/argos/en_GB/images/grey_arrow.gif","","http://www.argos.co.uk/wcsstore/argos/en_GB/images/icon_delivery_grey.png","","http://www.argos.co.uk/wcsstore/argos/en_GB/images/icon_delivery_disabled.png","","","http://www.argos.co.uk/webapp/wcs/stores/servlet/ArgosProductPurchaseNoJS?storeId=10151&langId=110&catalogId=25051&URL=OrderItemDisplay&errorViewName=ArgosGenericErrorView&catEntryId=1409038&partNumber=5075171&quantity=1","Add To Trolley","Buy or Reserve Polar Loop 2 Activity Tracker - Smoky Black","http://www.argos.co.uk/webapp/wcs/stores/servlet/ArgosProductPurchaseNoJS?storeId=10151&langId=110&catalogId=25051&URL=OrderItemDisplay&errorViewName=ArgosGenericErrorView&catEntryId=1409038&partNumber=5075171&quantity=1","Buy or Reserve","Buy or Reserve Polar Loop 2 Activity Tracker - Smoky Black","http://www.argos.co.uk/static/Product/partNumber/5075171.htm","","more details on Polar Loop 2 Activity Tracker - Smoky Black","http://argos.scene7.com/is/image/Argos/5075171_R_SET?$Listers$","more details on Polar Loop 2 Activity Tracker - Smoky Black","Order now for delivery <span>within <span>2 days</span></span>","Reserve to collect in store","Compare"
"http://www.argos.co.uk/static/Product/partNumber/4612308.htm","Polar M400 GPS Watch with Heart Rate Monitor - Black.","more details on Polar M400 GPS Watch with Heart Rate Monitor - Black.","4612308","124.5","http://www.argos.co.uk/wcsstore/argos/en_GB/siteAssets/images/fasttrack_icon.png","Fast Track","","","","","http://www.argos.co.uk/static/Product/partNumber/4612308.htm#pdpProductReviews","(1)","","http://www.argos.co.uk/wcsstore/argos/en_GB/images/rating/stars/rating-4_0.gif","","1","","","http://www.argos.co.uk/wcsstore/argos/en_GB/images/icon_collection_grey.png","","http://www.argos.co.uk/wcsstore/argos/en_GB/images/green_arrow.png","","http://www.argos.co.uk/wcsstore/argos/en_GB/images/icon_collection_disabled.png","","http://www.argos.co.uk/wcsstore/argos/en_GB/images/grey_arrow.gif","","http://www.argos.co.uk/wcsstore/argos/en_GB/images/icon_delivery_grey.png","","http://www.argos.co.uk/wcsstore/argos/en_GB/images/icon_delivery_disabled.png","","","http://www.argos.co.uk/webapp/wcs/stores/servlet/ArgosProductPurchaseNoJS?storeId=10151&langId=110&catalogId=25051&URL=OrderItemDisplay&errorViewName=ArgosGenericErrorView&catEntryId=1409040&partNumber=4612308&quantity=1","Add To Trolley","Buy or Reserve Polar M400 GPS Watch with Heart Rate Monitor - Black.","http://www.argos.co.uk/webapp/wcs/stores/servlet/ArgosProductPurchaseNoJS?storeId=10151&langId=110&catalogId=25051&URL=OrderItemDisplay&errorViewName=ArgosGenericErrorView&catEntryId=1409040&partNumber=4612308&quantity=1","Buy or Reserve","Buy or Reserve Polar M400 GPS Watch with Heart Rate Monitor - Black.","http://www.argos.co.uk/static/Product/partNumber/4612308.htm","","more details on Polar M400 GPS Watch with Heart Rate Monitor - Black.","http://argos.scene7.com/is/image/Argos/4612308_R_SET?$Listers$","more details on Polar M400 GPS Watch with Heart Rate Monitor - Black.","Currently out of stock for delivery","Reserve to collect in store","Compare"
"http://www.argos.co.uk/static/Product/partNumber/5162644.htm","UP3 by Jawbone Activity Tracker - Red Cross.","more details on UP3 by Jawbone Activity Tracker - Red Cross.","5162644","129.99","","","","","","","","","","","","","","","http://www.argos.co.uk/wcsstore/argos/en_GB/images/icon_collection_grey.png","","http://www.argos.co.uk/wcsstore/argos/en_GB/images/green_arrow.png","","http://www.argos.co.uk/wcsstore/argos/en_GB/images/icon_collection_disabled.png","","http://www.argos.co.uk/wcsstore/argos/en_GB/images/grey_arrow.gif","","http://www.argos.co.uk/wcsstore/argos/en_GB/images/icon_delivery_grey.png","","http://www.argos.co.uk/wcsstore/argos/en_GB/images/icon_delivery_disabled.png","","","http://www.argos.co.uk/webapp/wcs/stores/servlet/ArgosProductPurchaseNoJS?storeId=10151&langId=110&catalogId=25051&URL=OrderItemDisplay&errorViewName=ArgosGenericErrorView&catEntryId=1409179&partNumber=5162644&quantity=1","Add To Trolley","Buy or Reserve UP3 by Jawbone Activity Tracker - Red Cross.","http://www.argos.co.uk/webapp/wcs/stores/servlet/ArgosProductPurchaseNoJS?storeId=10151&langId=110&catalogId=25051&URL=OrderItemDisplay&errorViewName=ArgosGenericErrorView&catEntryId=1409179&partNumber=5162644&quantity=1","Buy or Reserve","Buy or Reserve UP3 by Jawbone Activity Tracker - Red Cross.","http://www.argos.co.uk/static/Product/partNumber/5162644.htm","","more details on UP3 by Jawbone Activity Tracker - Red Cross.","http://argos.scene7.com/is/image/Argos/5162644_R_SET?$Listers$","more details on UP3 by Jawbone Activity Tracker - Red Cross.","Currently out of stock for delivery","Reserve now for free store pick-up in 2-3 days","Compare"
"http://www.argos.co.uk/static/Product/partNumber/5048373.htm","UP MOVE by Jawbone Activity Tracker - Blue Burst with Fog.","more details on UP MOVE by Jawbone Activity Tracker - Blue Burst with Fog.","5048373","49.99","","","","","","","","","","","","","","","http://www.argos.co.uk/wcsstore/argos/en_GB/images/icon_collection_grey.png","","http://www.argos.co.uk/wcsstore/argos/en_GB/images/green_arrow.png","","http://www.argos.co.uk/wcsstore/argos/en_GB/images/icon_collection_disabled.png","","http://www.argos.co.uk/wcsstore/argos/en_GB/images/grey_arrow.gif","","http://www.argos.co.uk/wcsstore/argos/en_GB/images/icon_delivery_grey.png","","http://www.argos.co.uk/wcsstore/argos/en_GB/images/icon_delivery_disabled.png","","","http://www.argos.co.uk/webapp/wcs/stores/servlet/ArgosProductPurchaseNoJS?storeId=10151&langId=110&catalogId=25051&URL=OrderItemDisplay&errorViewName=ArgosGenericErrorView&catEntryId=1409203&partNumber=5048373&quantity=1","Add To Trolley","Buy or Reserve UP MOVE by Jawbone Activity Tracker - Blue Burst with Fog.","http://www.argos.co.uk/webapp/wcs/stores/servlet/ArgosProductPurchaseNoJS?storeId=10151&langId=110&catalogId=25051&URL=OrderItemDisplay&errorViewName=ArgosGenericErrorView&catEntryId=1409203&partNumber=5048373&quantity=1","Buy or Reserve","Buy or Reserve UP MOVE by Jawbone Activity Tracker - Blue Burst with Fog.","http://www.argos.co.uk/static/Product/partNumber/5048373.htm","","more details on UP MOVE by Jawbone Activity Tracker - Blue Burst with Fog.","http://argos.scene7.com/is/image/Argos/5048373_R_SET?$Listers$","more details on UP MOVE by Jawbone Activity Tracker - Blue Burst with Fog.","Order now for delivery <span>within <span>2 days</span></span>","Reserve now for free store pick-up in 2-3 days","Compare"
"http://www.argos.co.uk/static/Product/partNumber/4835374.htm","UP MOVE by Jawbone Activity Tracker - Slate Rose with Yellow","more details on UP MOVE by Jawbone Activity Tracker - Slate Rose with Yellow","4835374","49.99","","","","","","","","","","","","","","","http://www.argos.co.uk/wcsstore/argos/en_GB/images/icon_collection_grey.png","","http://www.argos.co.uk/wcsstore/argos/en_GB/images/green_arrow.png","","http://www.argos.co.uk/wcsstore/argos/en_GB/images/icon_collection_disabled.png","","http://www.argos.co.uk/wcsstore/argos/en_GB/images/grey_arrow.gif","","http://www.argos.co.uk/wcsstore/argos/en_GB/images/icon_delivery_grey.png","","http://www.argos.co.uk/wcsstore/argos/en_GB/images/icon_delivery_disabled.png","","","http://www.argos.co.uk/webapp/wcs/stores/servlet/ArgosProductPurchaseNoJS?storeId=10151&langId=110&catalogId=25051&URL=OrderItemDisplay&errorViewName=ArgosGenericErrorView&catEntryId=1409205&partNumber=4835374&quantity=1","Add To Trolley","Buy or Reserve UP MOVE by Jawbone Activity Tracker - Slate Rose with Yellow","http://www.argos.co.uk/webapp/wcs/stores/servlet/ArgosProductPurchaseNoJS?storeId=10151&langId=110&catalogId=25051&URL=OrderItemDisplay&errorViewName=ArgosGenericErrorView&catEntryId=1409205&partNumber=4835374&quantity=1","Buy or Reserve","Buy or Reserve UP MOVE by Jawbone Activity Tracker - Slate Rose with Yellow","http://www.argos.co.uk/static/Product/partNumber/4835374.htm","","more details on UP MOVE by Jawbone Activity Tracker - Slate Rose with Yellow","http://argos.scene7.com/is/image/Argos/4835374_R_SET?$Listers$","more details on UP MOVE by Jawbone Activity Tracker - Slate Rose with Yellow","Order now for delivery <span>within <span>2 days</span></span>","Reserve now for free store pick-up in 2-3 days","Compare"
"http://www.argos.co.uk/static/Product/partNumber/4979797.htm","UP2 by Jawbone Activity Tracker - Jade Circle Rope.","more details on UP2 by Jawbone Activity Tracker - Jade Circle Rope.","4979797","89.99","","","","","","","","","","","","","","","http://www.argos.co.uk/wcsstore/argos/en_GB/images/icon_collection_grey.png","","http://www.argos.co.uk/wcsstore/argos/en_GB/images/green_arrow.png","","http://www.argos.co.uk/wcsstore/argos/en_GB/images/icon_collection_disabled.png","","http://www.argos.co.uk/wcsstore/argos/en_GB/images/grey_arrow.gif","","http://www.argos.co.uk/wcsstore/argos/en_GB/images/icon_delivery_grey.png","","http://www.argos.co.uk/wcsstore/argos/en_GB/images/icon_delivery_disabled.png","","","http://www.argos.co.uk/webapp/wcs/stores/servlet/ArgosProductPurchaseNoJS?storeId=10151&langId=110&catalogId=25051&URL=OrderItemDisplay&errorViewName=ArgosGenericErrorView&catEntryId=1409209&partNumber=4979797&quantity=1","Add To Trolley","Buy or Reserve UP2 by Jawbone Activity Tracker - Jade Circle Rope.","http://www.argos.co.uk/webapp/wcs/stores/servlet/ArgosProductPurchaseNoJS?storeId=10151&langId=110&catalogId=25051&URL=OrderItemDisplay&errorViewName=ArgosGenericErrorView&catEntryId=1409209&partNumber=4979797&quantity=1","Buy or Reserve","Buy or Reserve UP2 by Jawbone Activity Tracker - Jade Circle Rope.","http://www.argos.co.uk/static/Product/partNumber/4979797.htm","","more details on UP2 by Jawbone Activity Tracker - Jade Circle Rope.","http://argos.scene7.com/is/image/Argos/4979797_R_SET?$Listers$","more details on UP2 by Jawbone Activity Tracker - Jade Circle Rope.","Currently out of stock for delivery","Reserve now for free store pick-up in 2-3 days","Compare"
"http://www.argos.co.uk/static/Product/partNumber/5095041.htm","UP2 by Jawbone Activity Tracker - Orchid Circle Rope.","more details on UP2 by Jawbone Activity Tracker - Orchid Circle Rope.","5095041","89.99","","","","","","","","","","","","","","","http://www.argos.co.uk/wcsstore/argos/en_GB/images/icon_collection_grey.png","","http://www.argos.co.uk/wcsstore/argos/en_GB/images/green_arrow.png","","http://www.argos.co.uk/wcsstore/argos/en_GB/images/icon_collection_disabled.png","","http://www.argos.co.uk/wcsstore/argos/en_GB/images/grey_arrow.gif","","http://www.argos.co.uk/wcsstore/argos/en_GB/images/icon_delivery_grey.png","","http://www.argos.co.uk/wcsstore/argos/en_GB/images/icon_delivery_disabled.png","","","http://www.argos.co.uk/webapp/wcs/stores/servlet/ArgosProductPurchaseNoJS?storeId=10151&langId=110&catalogId=25051&URL=OrderItemDisplay&errorViewName=ArgosGenericErrorView&catEntryId=1409215&partNumber=5095041&quantity=1","Add To Trolley","Buy or Reserve UP2 by Jawbone Activity Tracker - Orchid Circle Rope.","http://www.argos.co.uk/webapp/wcs/stores/servlet/ArgosProductPurchaseNoJS?storeId=10151&langId=110&catalogId=25051&URL=OrderItemDisplay&errorViewName=ArgosGenericErrorView&catEntryId=1409215&partNumber=5095041&quantity=1","Buy or Reserve","Buy or Reserve UP2 by Jawbone Activity Tracker - Orchid Circle Rope.","http://www.argos.co.uk/static/Product/partNumber/5095041.htm","","more details on UP2 by Jawbone Activity Tracker - Orchid Circle Rope.","http://argos.scene7.com/is/image/Argos/5095041_R_SET?$Listers$","more details on UP2 by Jawbone Activity Tracker - Orchid Circle Rope.","Order now for delivery <span>within <span>2 days</span></span>","Reserve now for free store pick-up in 2-3 days","Compare"
"http://www.argos.co.uk/static/Product/partNumber/4963686.htm","UP2 by Jawbone Activity Tracker - Violet Circle.","more details on UP2 by Jawbone Activity Tracker - Violet Circle.","4963686","89.99","","","","","","","","","","","","","","","http://www.argos.co.uk/wcsstore/argos/en_GB/images/icon_collection_grey.png","","http://www.argos.co.uk/wcsstore/argos/en_GB/images/green_arrow.png","","http://www.argos.co.uk/wcsstore/argos/en_GB/images/icon_collection_disabled.png","","http://www.argos.co.uk/wcsstore/argos/en_GB/images/grey_arrow.gif","","http://www.argos.co.uk/wcsstore/argos/en_GB/images/icon_delivery_grey.png","","http://www.argos.co.uk/wcsstore/argos/en_GB/images/icon_delivery_disabled.png","","","http://www.argos.co.uk/webapp/wcs/stores/servlet/ArgosProductPurchaseNoJS?storeId=10151&langId=110&catalogId=25051&URL=OrderItemDisplay&errorViewName=ArgosGenericErrorView&catEntryId=1409223&partNumber=4963686&quantity=1","Add To Trolley","Buy or Reserve UP2 by Jawbone Activity Tracker - Violet Circle.","http://www.argos.co.uk/webapp/wcs/stores/servlet/ArgosProductPurchaseNoJS?storeId=10151&langId=110&catalogId=25051&URL=OrderItemDisplay&errorViewName=ArgosGenericErrorView&catEntryId=1409223&partNumber=4963686&quantity=1","Buy or Reserve","Buy or Reserve UP2 by Jawbone Activity Tracker - Violet Circle.","http://www.argos.co.uk/static/Product/partNumber/4963686.htm","","more details on UP2 by Jawbone Activity Tracker - Violet Circle.","http://argos.scene7.com/is/image/Argos/4963686_R_SET?$Listers$","more details on UP2 by Jawbone Activity Tracker - Violet Circle.","Order now for delivery <span>within <span>2 days</span></span>","Reserve now for free store pick-up in 2-3 days","Compare"
"http://www.argos.co.uk/static/Product/partNumber/4826156.htm","Moov Now Multi Sport Wearable Fitness Coach - Red.","more details on Moov Now Multi Sport Wearable Fitness Coach - Red.","4826156","59.99","","","","","","","","","","","","","","","http://www.argos.co.uk/wcsstore/argos/en_GB/images/icon_collection_grey.png","","http://www.argos.co.uk/wcsstore/argos/en_GB/images/green_arrow.png","","http://www.argos.co.uk/wcsstore/argos/en_GB/images/icon_collection_disabled.png","","http://www.argos.co.uk/wcsstore/argos/en_GB/images/grey_arrow.gif","","http://www.argos.co.uk/wcsstore/argos/en_GB/images/icon_delivery_grey.png","","http://www.argos.co.uk/wcsstore/argos/en_GB/images/icon_delivery_disabled.png","","","http://www.argos.co.uk/webapp/wcs/stores/servlet/ArgosProductPurchaseNoJS?storeId=10151&langId=110&catalogId=25051&URL=OrderItemDisplay&errorViewName=ArgosGenericErrorView&catEntryId=1409537&partNumber=4826156&quantity=1","Add To Trolley","Buy or Reserve Moov Now Multi Sport Wearable Fitness Coach - Red.","http://www.argos.co.uk/webapp/wcs/stores/servlet/ArgosProductPurchaseNoJS?storeId=10151&langId=110&catalogId=25051&URL=OrderItemDisplay&errorViewName=ArgosGenericErrorView&catEntryId=1409537&partNumber=4826156&quantity=1","Buy or Reserve","Buy or Reserve Moov Now Multi Sport Wearable Fitness Coach - Red.","http://www.argos.co.uk/static/Product/partNumber/4826156.htm","","more details on Moov Now Multi Sport Wearable Fitness Coach - Red.","http://argos.scene7.com/is/image/Argos/4826156_R_SET?$Listers$","more details on Moov Now Multi Sport Wearable Fitness Coach - Red.","Order now for delivery <span>within <span>2 days</span></span>","Reserve now for free store pick-up in 2-3 days","Compare"