desc_link,desc_link/_text,desc_link/_title,desc_link_numbers,partnum_number,main_price,fasttrack_image,fasttrack_image/_alt,wasprice_value,wasprice_price,saveprice_value,saveprice_value_prices,customerrating_link,customerrating_link/_text,customerrating_link/_title,customerrating_image,customerrating_image/_alt,customerrating_number,specialoffercount_value,specialoffercount_value_numbers,image_1,image_1/_alt,image_2,image_2/_alt,image_3,image_3/_alt,image_4,image_4/_alt,image_5,image_5/_alt,image_6,image_6/_alt,delivery_value,addtotrolley_link,addtotrolley_link/_text,addtotrolley_link/_title,buyorreserve_link,buyorreserve_link/_text,buyorreserve_link/_title,image_link,image_link/_text,image_link/_title,image_7,image_7/_alt,ordering_value_1,ordering_value_2,compare_label
"http://www.argos.co.uk/static/Product/partNumber/2629410.htm","Samsung Galaxy Tab 4 7 Inch Tablet - 8GB.","more details on Samsung Galaxy Tab 4 7 Inch Tablet - 8GB.","4; 7; -8","2629410","99","http://www.argos.co.uk/wcsstore/argos/en_GB/siteAssets/images/fasttrack_icon.png","Fast Track","Was","129","Save £30.00","30","http://www.argos.co.uk/static/Product/partNumber/2629410.htm#pdpProductReviews","(411)","","http://www.argos.co.uk/wcsstore/argos/en_GB/images/rating/stars/rating-4_7.gif","","411","+ 4 special offers","4","http://www.argos.co.uk/wcsstore/argos/en_GB/images/icon_collection_grey.png","","http://www.argos.co.uk/wcsstore/argos/en_GB/images/green_arrow.png","","http://www.argos.co.uk/wcsstore/argos/en_GB/images/icon_collection_disabled.png","","http://www.argos.co.uk/wcsstore/argos/en_GB/images/grey_arrow.gif","","http://www.argos.co.uk/wcsstore/argos/en_GB/images/icon_delivery_grey.png","","http://www.argos.co.uk/wcsstore/argos/en_GB/images/icon_delivery_disabled.png","","+ Free Delivery","http://www.argos.co.uk/webapp/wcs/stores/servlet/ArgosProductPurchaseNoJS?storeId=10151&langId=110&catalogId=25051&URL=OrderItemDisplay&errorViewName=ArgosGenericErrorView&catEntryId=1144030&partNumber=2629410&quantity=1","Add To Trolley","Buy or Reserve Samsung Galaxy Tab 4 7 Inch Tablet - 8GB.","http://www.argos.co.uk/webapp/wcs/stores/servlet/ArgosProductPurchaseNoJS?storeId=10151&langId=110&catalogId=25051&URL=OrderItemDisplay&errorViewName=ArgosGenericErrorView&catEntryId=1144030&partNumber=2629410&quantity=1","Buy or Reserve","Buy or Reserve Samsung Galaxy Tab 4 7 Inch Tablet - 8GB.","http://www.argos.co.uk/static/Product/partNumber/2629410.htm","","more details on Samsung Galaxy Tab 4 7 Inch Tablet - 8GB.","http://argos.scene7.com/is/image/Argos/2629410_R_SET?$Listers$","more details on Samsung Galaxy Tab 4 7 Inch Tablet - 8GB.","Order now for delivery <span>within <span>2 days</span></span>","Reserve to collect in store","Compare"
"http://www.argos.co.uk/static/Product/partNumber/2587473.htm","Samsung Galaxy Tab 4 7 Inch Tablet - 8GB.","more details on Samsung Galaxy Tab 4 7 Inch Tablet - 8GB.","4; 7; -8","2587473","99","http://www.argos.co.uk/wcsstore/argos/en_GB/siteAssets/images/fasttrack_icon.png","Fast Track","Was","129","Save £30.00","30","http://www.argos.co.uk/static/Product/partNumber/2587473.htm#pdpProductReviews","(411)","","http://www.argos.co.uk/wcsstore/argos/en_GB/images/rating/stars/rating-4_7.gif","","411","+ 4 special offers","4","http://www.argos.co.uk/wcsstore/argos/en_GB/images/icon_collection_grey.png","","http://www.argos.co.uk/wcsstore/argos/en_GB/images/green_arrow.png","","http://www.argos.co.uk/wcsstore/argos/en_GB/images/icon_collection_disabled.png","","http://www.argos.co.uk/wcsstore/argos/en_GB/images/grey_arrow.gif","","http://www.argos.co.uk/wcsstore/argos/en_GB/images/icon_delivery_grey.png","","http://www.argos.co.uk/wcsstore/argos/en_GB/images/icon_delivery_disabled.png","","+ Free Delivery","http://www.argos.co.uk/webapp/wcs/stores/servlet/ArgosProductPurchaseNoJS?storeId=10151&langId=110&catalogId=25051&URL=OrderItemDisplay&errorViewName=ArgosGenericErrorView&catEntryId=1144040&partNumber=2587473&quantity=1","Add To Trolley","Buy or Reserve Samsung Galaxy Tab 4 7 Inch Tablet - 8GB.","http://www.argos.co.uk/webapp/wcs/stores/servlet/ArgosProductPurchaseNoJS?storeId=10151&langId=110&catalogId=25051&URL=OrderItemDisplay&errorViewName=ArgosGenericErrorView&catEntryId=1144040&partNumber=2587473&quantity=1","Buy or Reserve","Buy or Reserve Samsung Galaxy Tab 4 7 Inch Tablet - 8GB.","http://www.argos.co.uk/static/Product/partNumber/2587473.htm","","more details on Samsung Galaxy Tab 4 7 Inch Tablet - 8GB.","http://argos.scene7.com/is/image/Argos/2587473_R_SET?$Listers$","more details on Samsung Galaxy Tab 4 7 Inch Tablet - 8GB.","Order now for delivery <span>within <span>2 days</span></span>","Reserve to collect in store","Compare"
"http://www.argos.co.uk/static/Product/partNumber/3142738.htm","Samsung Galaxy Tab E 9.6 Inch Tablet - Black.","more details on Samsung Galaxy Tab E 9.6 Inch Tablet - Black.","9.6","3142738","119","http://www.argos.co.uk/wcsstore/argos/en_GB/siteAssets/images/fasttrack_icon.png","Fast Track","Was","159.99","Save 25%","","http://www.argos.co.uk/static/Product/partNumber/3142738.htm#pdpProductReviews","(206)","","http://www.argos.co.uk/wcsstore/argos/en_GB/images/rating/stars/rating-4_7.gif","","206","+ 4 special offers","4","http://www.argos.co.uk/wcsstore/argos/en_GB/images/icon_collection_grey.png","","http://www.argos.co.uk/wcsstore/argos/en_GB/images/green_arrow.png","","http://www.argos.co.uk/wcsstore/argos/en_GB/images/icon_collection_disabled.png","","http://www.argos.co.uk/wcsstore/argos/en_GB/images/grey_arrow.gif","","http://www.argos.co.uk/wcsstore/argos/en_GB/images/icon_delivery_grey.png","","http://www.argos.co.uk/wcsstore/argos/en_GB/images/icon_delivery_disabled.png","","+ Free Delivery","http://www.argos.co.uk/webapp/wcs/stores/servlet/ArgosProductPurchaseNoJS?storeId=10151&langId=110&catalogId=25051&URL=OrderItemDisplay&errorViewName=ArgosGenericErrorView&catEntryId=1376365&partNumber=3142738&quantity=1","Add To Trolley","Buy or Reserve Samsung Galaxy Tab E 9.6 Inch Tablet - Black.","http://www.argos.co.uk/webapp/wcs/stores/servlet/ArgosProductPurchaseNoJS?storeId=10151&langId=110&catalogId=25051&URL=OrderItemDisplay&errorViewName=ArgosGenericErrorView&catEntryId=1376365&partNumber=3142738&quantity=1","Buy or Reserve","Buy or Reserve Samsung Galaxy Tab E 9.6 Inch Tablet - Black.","http://www.argos.co.uk/static/Product/partNumber/3142738.htm","","more details on Samsung Galaxy Tab E 9.6 Inch Tablet - Black.","http://argos.scene7.com/is/image/Argos/3142738_R_SET?$Listers$","more details on Samsung Galaxy Tab E 9.6 Inch Tablet - Black.","Order now for delivery <span>within <span>2 days</span></span>","Reserve to collect in store","Compare"
"http://www.argos.co.uk/static/Product/partNumber/3196100.htm","Samsung Galaxy Tab E 9.6 Inch Tablet - White.","more details on Samsung Galaxy Tab E 9.6 Inch Tablet - White.","9.6","3196100","119","http://www.argos.co.uk/wcsstore/argos/en_GB/siteAssets/images/fasttrack_icon.png","Fast Track","Was","159.99","Save 25%","","http://www.argos.co.uk/static/Product/partNumber/3196100.htm#pdpProductReviews","(240)","","http://www.argos.co.uk/wcsstore/argos/en_GB/images/rating/stars/rating-4_7.gif","","240","+ 4 special offers","4","http://www.argos.co.uk/wcsstore/argos/en_GB/images/icon_collection_grey.png","","http://www.argos.co.uk/wcsstore/argos/en_GB/images/green_arrow.png","","http://www.argos.co.uk/wcsstore/argos/en_GB/images/icon_collection_disabled.png","","http://www.argos.co.uk/wcsstore/argos/en_GB/images/grey_arrow.gif","","http://www.argos.co.uk/wcsstore/argos/en_GB/images/icon_delivery_grey.png","","http://www.argos.co.uk/wcsstore/argos/en_GB/images/icon_delivery_disabled.png","","+ Free Delivery","http://www.argos.co.uk/webapp/wcs/stores/servlet/ArgosProductPurchaseNoJS?storeId=10151&langId=110&catalogId=25051&URL=OrderItemDisplay&errorViewName=ArgosGenericErrorView&catEntryId=1376363&partNumber=3196100&quantity=1","Add To Trolley","Buy or Reserve Samsung Galaxy Tab E 9.6 Inch Tablet - White.","http://www.argos.co.uk/webapp/wcs/stores/servlet/ArgosProductPurchaseNoJS?storeId=10151&langId=110&catalogId=25051&URL=OrderItemDisplay&errorViewName=ArgosGenericErrorView&catEntryId=1376363&partNumber=3196100&quantity=1","Buy or Reserve","Buy or Reserve Samsung Galaxy Tab E 9.6 Inch Tablet - White.","http://www.argos.co.uk/static/Product/partNumber/3196100.htm","","more details on Samsung Galaxy Tab E 9.6 Inch Tablet - White.","http://argos.scene7.com/is/image/Argos/3196100_R_SET?$Listers$","more details on Samsung Galaxy Tab E 9.6 Inch Tablet - White.","Order now for delivery <span>within <span>2 days</span></span>","Reserve to collect in store","Compare"
"http://www.argos.co.uk/static/Product/partNumber/4118338.htm","Samsung Galaxy Tab A 9.7 Inch Tablet - 16GB.","more details on Samsung Galaxy Tab A 9.7 Inch Tablet - 16GB.","9.7; -16","4118338","179","http://www.argos.co.uk/wcsstore/argos/en_GB/siteAssets/images/fasttrack_icon.png","Fast Track","Was","199.99","Save Over £20.00","20","http://www.argos.co.uk/static/Product/partNumber/4118338.htm#pdpProductReviews","(574)","","http://www.argos.co.uk/wcsstore/argos/en_GB/images/rating/stars/rating-4_8.gif","","574","+ 4 special offers","4","http://www.argos.co.uk/wcsstore/argos/en_GB/images/icon_collection_grey.png","","http://www.argos.co.uk/wcsstore/argos/en_GB/images/green_arrow.png","","http://www.argos.co.uk/wcsstore/argos/en_GB/images/icon_collection_disabled.png","","http://www.argos.co.uk/wcsstore/argos/en_GB/images/grey_arrow.gif","","http://www.argos.co.uk/wcsstore/argos/en_GB/images/icon_delivery_grey.png","","http://www.argos.co.uk/wcsstore/argos/en_GB/images/icon_delivery_disabled.png","","+ Free Delivery","http://www.argos.co.uk/webapp/wcs/stores/servlet/ArgosProductPurchaseNoJS?storeId=10151&langId=110&catalogId=25051&URL=OrderItemDisplay&errorViewName=ArgosGenericErrorView&catEntryId=1313827&partNumber=4118338&quantity=1","Add To Trolley","Buy or Reserve Samsung Galaxy Tab A 9.7 Inch Tablet - 16GB.","http://www.argos.co.uk/webapp/wcs/stores/servlet/ArgosProductPurchaseNoJS?storeId=10151&langId=110&catalogId=25051&URL=OrderItemDisplay&errorViewName=ArgosGenericErrorView&catEntryId=1313827&partNumber=4118338&quantity=1","Buy or Reserve","Buy or Reserve Samsung Galaxy Tab A 9.7 Inch Tablet - 16GB.","http://www.argos.co.uk/static/Product/partNumber/4118338.htm","","more details on Samsung Galaxy Tab A 9.7 Inch Tablet - 16GB.","http://argos.scene7.com/is/image/Argos/4118338_R_SET?$Listers$","more details on Samsung Galaxy Tab A 9.7 Inch Tablet - 16GB.","Order now for delivery <span>within <span>2 days</span></span>","Reserve to collect in store","Compare"
"http://www.argos.co.uk/static/Product/partNumber/4147000.htm","Samsung Galaxy Tab A 9.7 Inch Tablet - 16GB.","more details on Samsung Galaxy Tab A 9.7 Inch Tablet - 16GB.","9.7; -16","4147000","179","http://www.argos.co.uk/wcsstore/argos/en_GB/siteAssets/images/fasttrack_icon.png","Fast Track","Was","199.99","Save Over £20.00","20","http://www.argos.co.uk/static/Product/partNumber/4147000.htm#pdpProductReviews","(574)","","http://www.argos.co.uk/wcsstore/argos/en_GB/images/rating/stars/rating-4_8.gif","","574","+ 4 special offers","4","http://www.argos.co.uk/wcsstore/argos/en_GB/images/icon_collection_grey.png","","http://www.argos.co.uk/wcsstore/argos/en_GB/images/green_arrow.png","","http://www.argos.co.uk/wcsstore/argos/en_GB/images/icon_collection_disabled.png","","http://www.argos.co.uk/wcsstore/argos/en_GB/images/grey_arrow.gif","","http://www.argos.co.uk/wcsstore/argos/en_GB/images/icon_delivery_grey.png","","http://www.argos.co.uk/wcsstore/argos/en_GB/images/icon_delivery_disabled.png","","+ Free Delivery","http://www.argos.co.uk/webapp/wcs/stores/servlet/ArgosProductPurchaseNoJS?storeId=10151&langId=110&catalogId=25051&URL=OrderItemDisplay&errorViewName=ArgosGenericErrorView&catEntryId=1313829&partNumber=4147000&quantity=1","Add To Trolley","Buy or Reserve Samsung Galaxy Tab A 9.7 Inch Tablet - 16GB.","http://www.argos.co.uk/webapp/wcs/stores/servlet/ArgosProductPurchaseNoJS?storeId=10151&langId=110&catalogId=25051&URL=OrderItemDisplay&errorViewName=ArgosGenericErrorView&catEntryId=1313829&partNumber=4147000&quantity=1","Buy or Reserve","Buy or Reserve Samsung Galaxy Tab A 9.7 Inch Tablet - 16GB.","http://www.argos.co.uk/static/Product/partNumber/4147000.htm","","more details on Samsung Galaxy Tab A 9.7 Inch Tablet - 16GB.","http://argos.scene7.com/is/image/Argos/4147000_R_SET?$Listers$","more details on Samsung Galaxy Tab A 9.7 Inch Tablet - 16GB.","Order now for delivery <span>within <span>2 days</span></span>","Reserve to collect in store","Compare"
"http://www.argos.co.uk/static/Product/partNumber/4995403.htm","Lenovo Tab 2 A10 HD 10 Inch 16GB Tablet- Midnight Blue.","more details on Lenovo Tab 2 A10 HD 10 Inch 16GB Tablet- Midnight Blue.","2; 10; 16","4995403","109.99","http://www.argos.co.uk/wcsstore/argos/en_GB/siteAssets/images/fasttrack_icon.png","Fast Track","Was","149.99","Save £40.00","40","http://www.argos.co.uk/static/Product/partNumber/4995403.htm#pdpProductReviews","(207)","","http://www.argos.co.uk/wcsstore/argos/en_GB/images/rating/stars/rating-4_7.gif","","207","+ 4 special offers","4","http://www.argos.co.uk/wcsstore/argos/en_GB/images/icon_collection_grey.png","","http://www.argos.co.uk/wcsstore/argos/en_GB/images/green_arrow.png","","http://www.argos.co.uk/wcsstore/argos/en_GB/images/icon_collection_disabled.png","","http://www.argos.co.uk/wcsstore/argos/en_GB/images/grey_arrow.gif","","http://www.argos.co.uk/wcsstore/argos/en_GB/images/icon_delivery_grey.png","","http://www.argos.co.uk/wcsstore/argos/en_GB/images/icon_delivery_disabled.png","","","http://www.argos.co.uk/webapp/wcs/stores/servlet/ArgosProductPurchaseNoJS?storeId=10151&langId=110&catalogId=25051&URL=OrderItemDisplay&errorViewName=ArgosGenericErrorView&catEntryId=1399623&partNumber=4995403&quantity=1","Add To Trolley","Buy or Reserve Lenovo Tab 2 A10 HD 10 Inch 16GB Tablet- Midnight Blue.","http://www.argos.co.uk/webapp/wcs/stores/servlet/ArgosProductPurchaseNoJS?storeId=10151&langId=110&catalogId=25051&URL=OrderItemDisplay&errorViewName=ArgosGenericErrorView&catEntryId=1399623&partNumber=4995403&quantity=1","Buy or Reserve","Buy or Reserve Lenovo Tab 2 A10 HD 10 Inch 16GB Tablet- Midnight Blue.","http://www.argos.co.uk/static/Product/partNumber/4995403.htm","","more details on Lenovo Tab 2 A10 HD 10 Inch 16GB Tablet- Midnight Blue.","http://argos.scene7.com/is/image/Argos/4995403_R_SET?$Listers$","more details on Lenovo Tab 2 A10 HD 10 Inch 16GB Tablet- Midnight Blue.","Order now for delivery <span>within <span>2 days</span></span>","Reserve to collect in store","Compare"
"http://www.argos.co.uk/static/Product/partNumber/4648774.htm","Lenovo Tab 2 A10 HD 10 Inch 16GB Tablet- Pearl White.","more details on Lenovo Tab 2 A10 HD 10 Inch 16GB Tablet- Pearl White.","2; 10; 16","4648774","109.99","http://www.argos.co.uk/wcsstore/argos/en_GB/siteAssets/images/fasttrack_icon.png","Fast Track","Was","149.99","Save £40.00","40","http://www.argos.co.uk/static/Product/partNumber/4648774.htm#pdpProductReviews","(207)","","http://www.argos.co.uk/wcsstore/argos/en_GB/images/rating/stars/rating-4_7.gif","","207","+ 4 special offers","4","http://www.argos.co.uk/wcsstore/argos/en_GB/images/icon_collection_grey.png","","http://www.argos.co.uk/wcsstore/argos/en_GB/images/green_arrow.png","","http://www.argos.co.uk/wcsstore/argos/en_GB/images/icon_collection_disabled.png","","http://www.argos.co.uk/wcsstore/argos/en_GB/images/grey_arrow.gif","","http://www.argos.co.uk/wcsstore/argos/en_GB/images/icon_delivery_grey.png","","http://www.argos.co.uk/wcsstore/argos/en_GB/images/icon_delivery_disabled.png","","","http://www.argos.co.uk/webapp/wcs/stores/servlet/ArgosProductPurchaseNoJS?storeId=10151&langId=110&catalogId=25051&URL=OrderItemDisplay&errorViewName=ArgosGenericErrorView&catEntryId=1399625&partNumber=4648774&quantity=1","Add To Trolley","Buy or Reserve Lenovo Tab 2 A10 HD 10 Inch 16GB Tablet- Pearl White.","http://www.argos.co.uk/webapp/wcs/stores/servlet/ArgosProductPurchaseNoJS?storeId=10151&langId=110&catalogId=25051&URL=OrderItemDisplay&errorViewName=ArgosGenericErrorView&catEntryId=1399625&partNumber=4648774&quantity=1","Buy or Reserve","Buy or Reserve Lenovo Tab 2 A10 HD 10 Inch 16GB Tablet- Pearl White.","http://www.argos.co.uk/static/Product/partNumber/4648774.htm","","more details on Lenovo Tab 2 A10 HD 10 Inch 16GB Tablet- Pearl White.","http://argos.scene7.com/is/image/Argos/4648774_R_SET?$Listers$","more details on Lenovo Tab 2 A10 HD 10 Inch 16GB Tablet- Pearl White.","Order now for delivery <span>within <span>2 days</span></span>","Reserve to collect in store","Compare"
"http://www.argos.co.uk/static/Product/partNumber/4644091.htm","Acer Iconia One 8 Inch 16GB Wi-Fi Tablet.","more details on Acer Iconia One 8 Inch 16GB Wi-Fi Tablet.","8; 16","4644091","79.99","http://www.argos.co.uk/wcsstore/argos/en_GB/siteAssets/images/fasttrack_icon.png","Fast Track","Was","99.99","Save 20%","","http://www.argos.co.uk/static/Product/partNumber/4644091.htm#pdpProductReviews","(5)","","http://www.argos.co.uk/wcsstore/argos/en_GB/images/rating/stars/rating-4_6.gif","","5","+ 4 special offers","4","http://www.argos.co.uk/wcsstore/argos/en_GB/images/icon_collection_grey.png","","http://www.argos.co.uk/wcsstore/argos/en_GB/images/green_arrow.png","","http://www.argos.co.uk/wcsstore/argos/en_GB/images/icon_collection_disabled.png","","http://www.argos.co.uk/wcsstore/argos/en_GB/images/grey_arrow.gif","","http://www.argos.co.uk/wcsstore/argos/en_GB/images/icon_delivery_grey.png","","http://www.argos.co.uk/wcsstore/argos/en_GB/images/icon_delivery_disabled.png","","+ Free Delivery","http://www.argos.co.uk/webapp/wcs/stores/servlet/ArgosProductPurchaseNoJS?storeId=10151&langId=110&catalogId=25051&URL=OrderItemDisplay&errorViewName=ArgosGenericErrorView&catEntryId=1408278&partNumber=4644091&quantity=1","Add To Trolley","Buy or Reserve Acer Iconia One 8 Inch 16GB Wi-Fi Tablet.","http://www.argos.co.uk/webapp/wcs/stores/servlet/ArgosProductPurchaseNoJS?storeId=10151&langId=110&catalogId=25051&URL=OrderItemDisplay&errorViewName=ArgosGenericErrorView&catEntryId=1408278&partNumber=4644091&quantity=1","Buy or Reserve","Buy or Reserve Acer Iconia One 8 Inch 16GB Wi-Fi Tablet.","http://www.argos.co.uk/static/Product/partNumber/4644091.htm","","more details on Acer Iconia One 8 Inch 16GB Wi-Fi Tablet.","http://argos.scene7.com/is/image/Argos/4644091_R_SET?$Listers$","more details on Acer Iconia One 8 Inch 16GB Wi-Fi Tablet.","Order now for delivery <span>within <span>2 days</span></span>","Reserve to collect in store","Compare"
"http://www.argos.co.uk/static/Product/partNumber/5054903.htm","Acer Iconia One 10.1 Inch 16GB Tablet.","more details on Acer Iconia One 10.1 Inch 16GB Tablet.","10.1; 16","5054903","99.99","http://www.argos.co.uk/wcsstore/argos/en_GB/siteAssets/images/fasttrack_icon.png","Fast Track","Was","149.99","Save 1/3","","http://www.argos.co.uk/static/Product/partNumber/5054903.htm#pdpProductReviews","(25)","","http://www.argos.co.uk/wcsstore/argos/en_GB/images/rating/stars/rating-4_6.gif","","25","+ 4 special offers","4","http://www.argos.co.uk/wcsstore/argos/en_GB/images/icon_collection_grey.png","","http://www.argos.co.uk/wcsstore/argos/en_GB/images/green_arrow.png","","http://www.argos.co.uk/wcsstore/argos/en_GB/images/icon_collection_disabled.png","","http://www.argos.co.uk/wcsstore/argos/en_GB/images/grey_arrow.gif","","http://www.argos.co.uk/wcsstore/argos/en_GB/images/icon_delivery_grey.png","","http://www.argos.co.uk/wcsstore/argos/en_GB/images/icon_delivery_disabled.png","","+ Free Delivery","http://www.argos.co.uk/webapp/wcs/stores/servlet/ArgosProductPurchaseNoJS?storeId=10151&langId=110&catalogId=25051&URL=OrderItemDisplay&errorViewName=ArgosGenericErrorView&catEntryId=1401433&partNumber=5054903&quantity=1","Add To Trolley","Buy or Reserve Acer Iconia One 10.1 Inch 16GB Tablet.","http://www.argos.co.uk/webapp/wcs/stores/servlet/ArgosProductPurchaseNoJS?storeId=10151&langId=110&catalogId=25051&URL=OrderItemDisplay&errorViewName=ArgosGenericErrorView&catEntryId=1401433&partNumber=5054903&quantity=1","Buy or Reserve","Buy or Reserve Acer Iconia One 10.1 Inch 16GB Tablet.","http://www.argos.co.uk/static/Product/partNumber/5054903.htm","","more details on Acer Iconia One 10.1 Inch 16GB Tablet.","http://argos.scene7.com/is/image/Argos/5054903_R_SET?$Listers$","more details on Acer Iconia One 10.1 Inch 16GB Tablet.","Order now for delivery <span>within <span>2 days</span></span>","Reserve to collect in store","Compare"
"http://www.argos.co.uk/static/Product/partNumber/4447267.htm","Lenovo YOGA Tab 3 10 Inch 16GB Tablet.","more details on Lenovo YOGA Tab 3 10 Inch 16GB Tablet.","3; 10; 16","4447267","149.99","http://www.argos.co.uk/wcsstore/argos/en_GB/siteAssets/images/fasttrack_icon.png","Fast Track","Was","199.99","Save 25%","","http://www.argos.co.uk/static/Product/partNumber/4447267.htm#pdpProductReviews","(27)","","http://www.argos.co.uk/wcsstore/argos/en_GB/images/rating/stars/rating-4_4.gif","","27","+ 4 special offers","4","http://www.argos.co.uk/wcsstore/argos/en_GB/images/icon_collection_grey.png","","http://www.argos.co.uk/wcsstore/argos/en_GB/images/green_arrow.png","","http://www.argos.co.uk/wcsstore/argos/en_GB/images/icon_collection_disabled.png","","http://www.argos.co.uk/wcsstore/argos/en_GB/images/grey_arrow.gif","","http://www.argos.co.uk/wcsstore/argos/en_GB/images/icon_delivery_grey.png","","http://www.argos.co.uk/wcsstore/argos/en_GB/images/icon_delivery_disabled.png","","+ Free Delivery","http://www.argos.co.uk/webapp/wcs/stores/servlet/ArgosProductPurchaseNoJS?storeId=10151&langId=110&catalogId=25051&URL=OrderItemDisplay&errorViewName=ArgosGenericErrorView&catEntryId=1407791&partNumber=4447267&quantity=1","Add To Trolley","Buy or Reserve Lenovo YOGA Tab 3 10 Inch 16GB Tablet.","http://www.argos.co.uk/webapp/wcs/stores/servlet/ArgosProductPurchaseNoJS?storeId=10151&langId=110&catalogId=25051&URL=OrderItemDisplay&errorViewName=ArgosGenericErrorView&catEntryId=1407791&partNumber=4447267&quantity=1","Buy or Reserve","Buy or Reserve Lenovo YOGA Tab 3 10 Inch 16GB Tablet.","http://www.argos.co.uk/static/Product/partNumber/4447267.htm","","more details on Lenovo YOGA Tab 3 10 Inch 16GB Tablet.","http://argos.scene7.com/is/image/Argos/4447267_R_SET?$Listers$","more details on Lenovo YOGA Tab 3 10 Inch 16GB Tablet.","Order now for delivery <span>within <span>2 days</span></span>","Reserve to collect in store","Compare"
"http://www.argos.co.uk/static/Product/partNumber/3463606.htm","Lenovo YOGA Tab 3 8 Inch 16GB Tablet.","more details on Lenovo YOGA Tab 3 8 Inch 16GB Tablet.","3; 8; 16","3463606","129.99","http://www.argos.co.uk/wcsstore/argos/en_GB/siteAssets/images/fasttrack_icon.png","Fast Track","Was","149.99","Save £20.00","20","http://www.argos.co.uk/static/Product/partNumber/3463606.htm#pdpProductReviews","(10)","","http://www.argos.co.uk/wcsstore/argos/en_GB/images/rating/stars/rating-4_6.gif","","10","+ 4 special offers","4","http://www.argos.co.uk/wcsstore/argos/en_GB/images/icon_collection_grey.png","","http://www.argos.co.uk/wcsstore/argos/en_GB/images/green_arrow.png","","http://www.argos.co.uk/wcsstore/argos/en_GB/images/icon_collection_disabled.png","","http://www.argos.co.uk/wcsstore/argos/en_GB/images/grey_arrow.gif","","http://www.argos.co.uk/wcsstore/argos/en_GB/images/icon_delivery_grey.png","","http://www.argos.co.uk/wcsstore/argos/en_GB/images/icon_delivery_disabled.png","","+ Free Delivery","http://www.argos.co.uk/webapp/wcs/stores/servlet/ArgosProductPurchaseNoJS?storeId=10151&langId=110&catalogId=25051&URL=OrderItemDisplay&errorViewName=ArgosGenericErrorView&catEntryId=1407789&partNumber=3463606&quantity=1","Add To Trolley","Buy or Reserve Lenovo YOGA Tab 3 8 Inch 16GB Tablet.","http://www.argos.co.uk/webapp/wcs/stores/servlet/ArgosProductPurchaseNoJS?storeId=10151&langId=110&catalogId=25051&URL=OrderItemDisplay&errorViewName=ArgosGenericErrorView&catEntryId=1407789&partNumber=3463606&quantity=1","Buy or Reserve","Buy or Reserve Lenovo YOGA Tab 3 8 Inch 16GB Tablet.","http://www.argos.co.uk/static/Product/partNumber/3463606.htm","","more details on Lenovo YOGA Tab 3 8 Inch 16GB Tablet.","http://argos.scene7.com/is/image/Argos/3463606_R_SET?$Listers$","more details on Lenovo YOGA Tab 3 8 Inch 16GB Tablet.","Order now for delivery <span>within <span>2 days</span></span>","Reserve to collect in store","Compare"
"http://www.argos.co.uk/static/Product/partNumber/3385203.htm","Lenovo YOGA Tab 3 Pro 10"" 32GB Tablet w/ Built-In Projector.","more details on Lenovo YOGA Tab 3 Pro 10"" 32GB Tablet w/ Built-In Projector.","3; 10; 32","3385203","349.99","http://www.argos.co.uk/wcsstore/argos/en_GB/siteAssets/images/fasttrack_icon.png","Fast Track","Was","399.99","Save £50.00","50","http://www.argos.co.uk/static/Product/partNumber/3385203.htm#pdpProductReviews","(13)","","http://www.argos.co.uk/wcsstore/argos/en_GB/images/rating/stars/rating-3_9.gif","","13","+ 4 special offers","4","http://www.argos.co.uk/wcsstore/argos/en_GB/images/icon_collection_grey.png","","http://www.argos.co.uk/wcsstore/argos/en_GB/images/green_arrow.png","","http://www.argos.co.uk/wcsstore/argos/en_GB/images/icon_collection_disabled.png","","http://www.argos.co.uk/wcsstore/argos/en_GB/images/grey_arrow.gif","","http://www.argos.co.uk/wcsstore/argos/en_GB/images/icon_delivery_grey.png","","http://www.argos.co.uk/wcsstore/argos/en_GB/images/icon_delivery_disabled.png","","+ Free Delivery","http://www.argos.co.uk/webapp/wcs/stores/servlet/ArgosProductPurchaseNoJS?storeId=10151&langId=110&catalogId=25051&URL=OrderItemDisplay&errorViewName=ArgosGenericErrorView&catEntryId=1379009&partNumber=3385203&quantity=1","Add To Trolley","Buy or Reserve Lenovo YOGA Tab 3 Pro 10"" 32GB Tablet w/ Built-In Projector.","http://www.argos.co.uk/webapp/wcs/stores/servlet/ArgosProductPurchaseNoJS?storeId=10151&langId=110&catalogId=25051&URL=OrderItemDisplay&errorViewName=ArgosGenericErrorView&catEntryId=1379009&partNumber=3385203&quantity=1","Buy or Reserve","Buy or Reserve Lenovo YOGA Tab 3 Pro 10"" 32GB Tablet w/ Built-In Projector.","http://www.argos.co.uk/static/Product/partNumber/3385203.htm","","more details on Lenovo YOGA Tab 3 Pro 10"" 32GB Tablet w/ Built-In Projector.","http://argos.scene7.com/is/image/Argos/3385203_R_SET?$Listers$","more details on Lenovo YOGA Tab 3 Pro 10"" 32GB Tablet w/ Built-In Projector.","Order now for delivery <span>within <span>2 days</span></span>","Reserve to collect in store","Compare"
"http://www.argos.co.uk/static/Product/partNumber/1388381.htm","Google Nexus 7 2013 - 16GB.","more details on Google Nexus 7 2013 - 16GB.","7; 2013; -16","1388381","109.99","http://www.argos.co.uk/wcsstore/argos/en_GB/siteAssets/images/fasttrack_icon.png","Fast Track","","","","","http://www.argos.co.uk/static/Product/partNumber/1388381.htm#pdpProductReviews","(328)","","http://www.argos.co.uk/wcsstore/argos/en_GB/images/rating/stars/rating-4_7.gif","","328","+ 3 special offers","3","http://www.argos.co.uk/wcsstore/argos/en_GB/images/icon_collection_grey.png","","http://www.argos.co.uk/wcsstore/argos/en_GB/images/green_arrow.png","","http://www.argos.co.uk/wcsstore/argos/en_GB/images/icon_collection_disabled.png","","http://www.argos.co.uk/wcsstore/argos/en_GB/images/grey_arrow.gif","","http://www.argos.co.uk/wcsstore/argos/en_GB/images/icon_delivery_grey.png","","http://www.argos.co.uk/wcsstore/argos/en_GB/images/icon_delivery_disabled.png","","+ Free Delivery","http://www.argos.co.uk/webapp/wcs/stores/servlet/ArgosProductPurchaseNoJS?storeId=10151&langId=110&catalogId=25051&URL=OrderItemDisplay&errorViewName=ArgosGenericErrorView&catEntryId=1013156&partNumber=1388381&quantity=1","Add To Trolley","Buy or Reserve Google Nexus 7 2013 - 16GB.","http://www.argos.co.uk/webapp/wcs/stores/servlet/ArgosProductPurchaseNoJS?storeId=10151&langId=110&catalogId=25051&URL=OrderItemDisplay&errorViewName=ArgosGenericErrorView&catEntryId=1013156&partNumber=1388381&quantity=1","Buy or Reserve","Buy or Reserve Google Nexus 7 2013 - 16GB.","http://www.argos.co.uk/static/Product/partNumber/1388381.htm","","more details on Google Nexus 7 2013 - 16GB.","http://argos.scene7.com/is/image/Argos/1388381_R_SET?$Listers$","more details on Google Nexus 7 2013 - 16GB.","Order now for delivery <span>within <span>2 days</span></span>","Reserve to collect in store","Compare"
"http://www.argos.co.uk/static/Product/partNumber/5046186.htm","Alba 8 Inch 16 GB Wi-Fi Tablet.","more details on Alba 8 Inch 16 GB Wi-Fi Tablet.","8; 16","5046186","69.99","http://www.argos.co.uk/wcsstore/argos/en_GB/siteAssets/images/fasttrack_icon.png","Fast Track","","","","","http://www.argos.co.uk/static/Product/partNumber/5046186.htm#pdpProductReviews","(30)","","http://www.argos.co.uk/wcsstore/argos/en_GB/images/rating/stars/rating-4_0.gif","","30","+ 4 special offers","4","http://www.argos.co.uk/wcsstore/argos/en_GB/images/icon_collection_grey.png","","http://www.argos.co.uk/wcsstore/argos/en_GB/images/green_arrow.png","","http://www.argos.co.uk/wcsstore/argos/en_GB/images/icon_collection_disabled.png","","http://www.argos.co.uk/wcsstore/argos/en_GB/images/grey_arrow.gif","","http://www.argos.co.uk/wcsstore/argos/en_GB/images/icon_delivery_grey.png","","http://www.argos.co.uk/wcsstore/argos/en_GB/images/icon_delivery_disabled.png","","+ Free Delivery","http://www.argos.co.uk/webapp/wcs/stores/servlet/ArgosProductPurchaseNoJS?storeId=10151&langId=110&catalogId=25051&URL=OrderItemDisplay&errorViewName=ArgosGenericErrorView&catEntryId=1407699&partNumber=5046186&quantity=1","Add To Trolley","Buy or Reserve Alba 8 Inch 16 GB Wi-Fi Tablet.","http://www.argos.co.uk/webapp/wcs/stores/servlet/ArgosProductPurchaseNoJS?storeId=10151&langId=110&catalogId=25051&URL=OrderItemDisplay&errorViewName=ArgosGenericErrorView&catEntryId=1407699&partNumber=5046186&quantity=1","Buy or Reserve","Buy or Reserve Alba 8 Inch 16 GB Wi-Fi Tablet.","http://www.argos.co.uk/static/Product/partNumber/5046186.htm","","more details on Alba 8 Inch 16 GB Wi-Fi Tablet.","http://argos.scene7.com/is/image/Argos/5046186_R_SET?$Listers$","more details on Alba 8 Inch 16 GB Wi-Fi Tablet.","Currently out of stock for delivery","Reserve to collect in store","Compare"
"http://www.argos.co.uk/static/Product/partNumber/4998015.htm","Alba 10 Inch 16GB Wi-Fi Tablet.","more details on Alba 10 Inch 16GB Wi-Fi Tablet.","10; 16","4998015","89.99","http://www.argos.co.uk/wcsstore/argos/en_GB/siteAssets/images/fasttrack_icon.png","Fast Track","","","","","http://www.argos.co.uk/static/Product/partNumber/4998015.htm#pdpProductReviews","(45)","","http://www.argos.co.uk/wcsstore/argos/en_GB/images/rating/stars/rating-4_3.gif","","45","+ 4 special offers","4","http://www.argos.co.uk/wcsstore/argos/en_GB/images/icon_collection_grey.png","","http://www.argos.co.uk/wcsstore/argos/en_GB/images/green_arrow.png","","http://www.argos.co.uk/wcsstore/argos/en_GB/images/icon_collection_disabled.png","","http://www.argos.co.uk/wcsstore/argos/en_GB/images/grey_arrow.gif","","http://www.argos.co.uk/wcsstore/argos/en_GB/images/icon_delivery_grey.png","","http://www.argos.co.uk/wcsstore/argos/en_GB/images/icon_delivery_disabled.png","","+ Free Delivery","http://www.argos.co.uk/webapp/wcs/stores/servlet/ArgosProductPurchaseNoJS?storeId=10151&langId=110&catalogId=25051&URL=OrderItemDisplay&errorViewName=ArgosGenericErrorView&catEntryId=1407701&partNumber=4998015&quantity=1","Add To Trolley","Buy or Reserve Alba 10 Inch 16GB Wi-Fi Tablet.","http://www.argos.co.uk/webapp/wcs/stores/servlet/ArgosProductPurchaseNoJS?storeId=10151&langId=110&catalogId=25051&URL=OrderItemDisplay&errorViewName=ArgosGenericErrorView&catEntryId=1407701&partNumber=4998015&quantity=1","Buy or Reserve","Buy or Reserve Alba 10 Inch 16GB Wi-Fi Tablet.","http://www.argos.co.uk/static/Product/partNumber/4998015.htm","","more details on Alba 10 Inch 16GB Wi-Fi Tablet.","http://argos.scene7.com/is/image/Argos/4998015_R_SET?$Listers$","more details on Alba 10 Inch 16GB Wi-Fi Tablet.","Currently out of stock for delivery","Reserve to collect in store","Compare"
"http://www.argos.co.uk/static/Product/partNumber/5059207.htm","Alba 7 Inch 16GB Wi-Fi Tablet.","more details on Alba 7 Inch 16GB Wi-Fi Tablet.","7; 16","5059207","49.99","http://www.argos.co.uk/wcsstore/argos/en_GB/siteAssets/images/fasttrack_icon.png","Fast Track","","","","","http://www.argos.co.uk/static/Product/partNumber/5059207.htm#pdpProductReviews","(70)","","http://www.argos.co.uk/wcsstore/argos/en_GB/images/rating/stars/rating-4_3.gif","","70","+ 4 special offers","4","http://www.argos.co.uk/wcsstore/argos/en_GB/images/icon_collection_grey.png","","http://www.argos.co.uk/wcsstore/argos/en_GB/images/green_arrow.png","","http://www.argos.co.uk/wcsstore/argos/en_GB/images/icon_collection_disabled.png","","http://www.argos.co.uk/wcsstore/argos/en_GB/images/grey_arrow.gif","","http://www.argos.co.uk/wcsstore/argos/en_GB/images/icon_delivery_grey.png","","http://www.argos.co.uk/wcsstore/argos/en_GB/images/icon_delivery_disabled.png","","+ Free Delivery","http://www.argos.co.uk/webapp/wcs/stores/servlet/ArgosProductPurchaseNoJS?storeId=10151&langId=110&catalogId=25051&URL=OrderItemDisplay&errorViewName=ArgosGenericErrorView&catEntryId=1408256&partNumber=5059207&quantity=1","Add To Trolley","Buy or Reserve Alba 7 Inch 16GB Wi-Fi Tablet.","http://www.argos.co.uk/webapp/wcs/stores/servlet/ArgosProductPurchaseNoJS?storeId=10151&langId=110&catalogId=25051&URL=OrderItemDisplay&errorViewName=ArgosGenericErrorView&catEntryId=1408256&partNumber=5059207&quantity=1","Buy or Reserve","Buy or Reserve Alba 7 Inch 16GB Wi-Fi Tablet.","http://www.argos.co.uk/static/Product/partNumber/5059207.htm","","more details on Alba 7 Inch 16GB Wi-Fi Tablet.","http://argos.scene7.com/is/image/Argos/5059207_R_SET?$Listers$","more details on Alba 7 Inch 16GB Wi-Fi Tablet.","Currently out of stock for delivery","Reserve to collect in store","Compare"
"http://www.argos.co.uk/static/Product/partNumber/3383391.htm","Bush Eluma B1 10.1 Inch Windows Tablet with Keyboard Case.","more details on Bush Eluma B1 10.1 Inch Windows Tablet with Keyboard Case.","10.1","3383391","149.99","http://www.argos.co.uk/wcsstore/argos/en_GB/siteAssets/images/fasttrack_icon.png","Fast Track","","","","","http://www.argos.co.uk/static/Product/partNumber/3383391.htm#pdpProductReviews","(162)","","http://www.argos.co.uk/wcsstore/argos/en_GB/images/rating/stars/rating-4_3.gif","","162","+ 4 special offers","4","http://www.argos.co.uk/wcsstore/argos/en_GB/images/icon_collection_grey.png","","http://www.argos.co.uk/wcsstore/argos/en_GB/images/green_arrow.png","","http://www.argos.co.uk/wcsstore/argos/en_GB/images/icon_collection_disabled.png","","http://www.argos.co.uk/wcsstore/argos/en_GB/images/grey_arrow.gif","","http://www.argos.co.uk/wcsstore/argos/en_GB/images/icon_delivery_grey.png","","http://www.argos.co.uk/wcsstore/argos/en_GB/images/icon_delivery_disabled.png","","+ Free Delivery","http://www.argos.co.uk/webapp/wcs/stores/servlet/ArgosProductPurchaseNoJS?storeId=10151&langId=110&catalogId=25051&URL=OrderItemDisplay&errorViewName=ArgosGenericErrorView&catEntryId=1255642&partNumber=3383391&quantity=1","Add To Trolley","Buy or Reserve Bush Eluma B1 10.1 Inch Windows Tablet with Keyboard Case.","http://www.argos.co.uk/webapp/wcs/stores/servlet/ArgosProductPurchaseNoJS?storeId=10151&langId=110&catalogId=25051&URL=OrderItemDisplay&errorViewName=ArgosGenericErrorView&catEntryId=1255642&partNumber=3383391&quantity=1","Buy or Reserve","Buy or Reserve Bush Eluma B1 10.1 Inch Windows Tablet with Keyboard Case.","http://www.argos.co.uk/static/Product/partNumber/3383391.htm","","more details on Bush Eluma B1 10.1 Inch Windows Tablet with Keyboard Case.","http://argos.scene7.com/is/image/Argos/3383391_R_SET?$Listers$","more details on Bush Eluma B1 10.1 Inch Windows Tablet with Keyboard Case.","Order now for delivery <span>within <span>2 days</span></span>","Reserve to collect in store","Compare"
"http://www.argos.co.uk/static/Product/partNumber/4570873.htm","Samsung Galaxy Tab S2 9.7 Inch - 32GB.","more details on Samsung Galaxy Tab S2 9.7 Inch - 32GB.","9.7; -32","4570873","349","http://www.argos.co.uk/wcsstore/argos/en_GB/siteAssets/images/fasttrack_icon.png","Fast Track","Was","399.99","Save Over £50.00","50","http://www.argos.co.uk/static/Product/partNumber/4570873.htm#pdpProductReviews","(21)","","http://www.argos.co.uk/wcsstore/argos/en_GB/images/rating/stars/rating-5_0.gif","","21","+ 5 special offers","5","http://www.argos.co.uk/wcsstore/argos/en_GB/images/icon_collection_grey.png","","http://www.argos.co.uk/wcsstore/argos/en_GB/images/green_arrow.png","","http://www.argos.co.uk/wcsstore/argos/en_GB/images/icon_collection_disabled.png","","http://www.argos.co.uk/wcsstore/argos/en_GB/images/grey_arrow.gif","","http://www.argos.co.uk/wcsstore/argos/en_GB/images/icon_delivery_grey.png","","http://www.argos.co.uk/wcsstore/argos/en_GB/images/icon_delivery_disabled.png","","+ Free Delivery","http://www.argos.co.uk/webapp/wcs/stores/servlet/ArgosProductPurchaseNoJS?storeId=10151&langId=110&catalogId=25051&URL=OrderItemDisplay&errorViewName=ArgosGenericErrorView&catEntryId=1378789&partNumber=4570873&quantity=1","Add To Trolley","Buy or Reserve Samsung Galaxy Tab S2 9.7 Inch - 32GB.","http://www.argos.co.uk/webapp/wcs/stores/servlet/ArgosProductPurchaseNoJS?storeId=10151&langId=110&catalogId=25051&URL=OrderItemDisplay&errorViewName=ArgosGenericErrorView&catEntryId=1378789&partNumber=4570873&quantity=1","Buy or Reserve","Buy or Reserve Samsung Galaxy Tab S2 9.7 Inch - 32GB.","http://www.argos.co.uk/static/Product/partNumber/4570873.htm","","more details on Samsung Galaxy Tab S2 9.7 Inch - 32GB.","http://argos.scene7.com/is/image/Argos/4570873_R_SET?$Listers$","more details on Samsung Galaxy Tab S2 9.7 Inch - 32GB.","Order now for delivery <span>within <span>2 days</span></span>","Reserve to collect in store","Compare"
"http://www.argos.co.uk/static/Product/partNumber/4535186.htm","Samsung Galaxy Tab S2 9.7 Inch Tablet - 32GB.","more details on Samsung Galaxy Tab S2 9.7 Inch Tablet - 32GB.","9.7; -32","4535186","349","http://www.argos.co.uk/wcsstore/argos/en_GB/siteAssets/images/fasttrack_icon.png","Fast Track","Was","399.99","Save Over £50.00","50","http://www.argos.co.uk/static/Product/partNumber/4535186.htm#pdpProductReviews","(14)","","http://www.argos.co.uk/wcsstore/argos/en_GB/images/rating/stars/rating-4_9.gif","","14","+ 5 special offers","5","http://www.argos.co.uk/wcsstore/argos/en_GB/images/icon_collection_grey.png","","http://www.argos.co.uk/wcsstore/argos/en_GB/images/green_arrow.png","","http://www.argos.co.uk/wcsstore/argos/en_GB/images/icon_collection_disabled.png","","http://www.argos.co.uk/wcsstore/argos/en_GB/images/grey_arrow.gif","","http://www.argos.co.uk/wcsstore/argos/en_GB/images/icon_delivery_grey.png","","http://www.argos.co.uk/wcsstore/argos/en_GB/images/icon_delivery_disabled.png","","+ Free Delivery","http://www.argos.co.uk/webapp/wcs/stores/servlet/ArgosProductPurchaseNoJS?storeId=10151&langId=110&catalogId=25051&URL=OrderItemDisplay&errorViewName=ArgosGenericErrorView&catEntryId=1378791&partNumber=4535186&quantity=1","Add To Trolley","Buy or Reserve Samsung Galaxy Tab S2 9.7 Inch Tablet - 32GB.","http://www.argos.co.uk/webapp/wcs/stores/servlet/ArgosProductPurchaseNoJS?storeId=10151&langId=110&catalogId=25051&URL=OrderItemDisplay&errorViewName=ArgosGenericErrorView&catEntryId=1378791&partNumber=4535186&quantity=1","Buy or Reserve","Buy or Reserve Samsung Galaxy Tab S2 9.7 Inch Tablet - 32GB.","http://www.argos.co.uk/static/Product/partNumber/4535186.htm","","more details on Samsung Galaxy Tab S2 9.7 Inch Tablet - 32GB.","http://argos.scene7.com/is/image/Argos/4535186_R_SET?$Listers$","more details on Samsung Galaxy Tab S2 9.7 Inch Tablet - 32GB.","Currently out of stock for delivery","Reserve to collect in store","Compare"
"http://www.argos.co.uk/static/Product/partNumber/4552994.htm","Samsung Galaxy Tab S2 8 Inch - 32GB.","more details on Samsung Galaxy Tab S2 8 Inch - 32GB.","8; -32","4552994","319.99","http://www.argos.co.uk/wcsstore/argos/en_GB/siteAssets/images/fasttrack_icon.png","Fast Track","","","","","http://www.argos.co.uk/static/Product/partNumber/4552994.htm#pdpProductReviews","(12)","","http://www.argos.co.uk/wcsstore/argos/en_GB/images/rating/stars/rating-4_8.gif","","12","+ 5 special offers","5","http://www.argos.co.uk/wcsstore/argos/en_GB/images/icon_collection_grey.png","","http://www.argos.co.uk/wcsstore/argos/en_GB/images/green_arrow.png","","http://www.argos.co.uk/wcsstore/argos/en_GB/images/icon_collection_disabled.png","","http://www.argos.co.uk/wcsstore/argos/en_GB/images/grey_arrow.gif","","http://www.argos.co.uk/wcsstore/argos/en_GB/images/icon_delivery_grey.png","","http://www.argos.co.uk/wcsstore/argos/en_GB/images/icon_delivery_disabled.png","","+ Free Delivery","http://www.argos.co.uk/webapp/wcs/stores/servlet/ArgosProductPurchaseNoJS?storeId=10151&langId=110&catalogId=25051&URL=OrderItemDisplay&errorViewName=ArgosGenericErrorView&catEntryId=1378795&partNumber=4552994&quantity=1","Add To Trolley","Buy or Reserve Samsung Galaxy Tab S2 8 Inch - 32GB.","http://www.argos.co.uk/webapp/wcs/stores/servlet/ArgosProductPurchaseNoJS?storeId=10151&langId=110&catalogId=25051&URL=OrderItemDisplay&errorViewName=ArgosGenericErrorView&catEntryId=1378795&partNumber=4552994&quantity=1","Buy or Reserve","Buy or Reserve Samsung Galaxy Tab S2 8 Inch - 32GB.","http://www.argos.co.uk/static/Product/partNumber/4552994.htm","","more details on Samsung Galaxy Tab S2 8 Inch - 32GB.","http://argos.scene7.com/is/image/Argos/4552994_R_SET?$Listers$","more details on Samsung Galaxy Tab S2 8 Inch - 32GB.","Order now for delivery <span>within <span>2 days</span></span>","Reserve to collect in store","Compare"
"http://www.argos.co.uk/static/Product/partNumber/4178914.htm","Acer Iconia Tab 10 A3-A30 10.1 Inch Wi-Fi Tablet - 32GB.","more details on Acer Iconia Tab 10 A3-A30 10.1 Inch Wi-Fi Tablet - 32GB.","10; 10.1; -32","4178914","179.99","http://www.argos.co.uk/wcsstore/argos/en_GB/siteAssets/images/fasttrack_icon.png","Fast Track","Was","199.99","Save 10%","","http://www.argos.co.uk/static/Product/partNumber/4178914.htm#pdpProductReviews","(46)","","http://www.argos.co.uk/wcsstore/argos/en_GB/images/rating/stars/rating-4_6.gif","","46","+ 4 special offers","4","http://www.argos.co.uk/wcsstore/argos/en_GB/images/icon_collection_grey.png","","http://www.argos.co.uk/wcsstore/argos/en_GB/images/green_arrow.png","","http://www.argos.co.uk/wcsstore/argos/en_GB/images/icon_collection_disabled.png","","http://www.argos.co.uk/wcsstore/argos/en_GB/images/grey_arrow.gif","","http://www.argos.co.uk/wcsstore/argos/en_GB/images/icon_delivery_grey.png","","http://www.argos.co.uk/wcsstore/argos/en_GB/images/icon_delivery_disabled.png","","+ Free Delivery","http://www.argos.co.uk/webapp/wcs/stores/servlet/ArgosProductPurchaseNoJS?storeId=10151&langId=110&catalogId=25051&URL=OrderItemDisplay&errorViewName=ArgosGenericErrorView&catEntryId=1323721&partNumber=4178914&quantity=1","Add To Trolley","Buy or Reserve Acer Iconia Tab 10 A3-A30 10.1 Inch Wi-Fi Tablet - 32GB.","http://www.argos.co.uk/webapp/wcs/stores/servlet/ArgosProductPurchaseNoJS?storeId=10151&langId=110&catalogId=25051&URL=OrderItemDisplay&errorViewName=ArgosGenericErrorView&catEntryId=1323721&partNumber=4178914&quantity=1","Buy or Reserve","Buy or Reserve Acer Iconia Tab 10 A3-A30 10.1 Inch Wi-Fi Tablet - 32GB.","http://www.argos.co.uk/static/Product/partNumber/4178914.htm","","more details on Acer Iconia Tab 10 A3-A30 10.1 Inch Wi-Fi Tablet - 32GB.","http://argos.scene7.com/is/image/Argos/4178914_R_SET?$Listers$","more details on Acer Iconia Tab 10 A3-A30 10.1 Inch Wi-Fi Tablet - 32GB.","Order now for delivery <span>within <span>2 days</span></span>","Reserve to collect in store","Compare"
"http://www.argos.co.uk/static/Product/partNumber/4181468.htm","Bush Spira B1 10 Inch 32GB - Silver.","more details on Bush Spira B1 10 Inch 32GB - Silver.","10; 32","4181468","99.99","http://www.argos.co.uk/wcsstore/argos/en_GB/siteAssets/images/fasttrack_icon.png","Fast Track","","","","","http://www.argos.co.uk/static/Product/partNumber/4181468.htm#pdpProductReviews","(225)","","http://www.argos.co.uk/wcsstore/argos/en_GB/images/rating/stars/rating-4_3.gif","","225","+ 4 special offers","4","http://www.argos.co.uk/wcsstore/argos/en_GB/images/icon_collection_grey.png","","http://www.argos.co.uk/wcsstore/argos/en_GB/images/green_arrow.png","","http://www.argos.co.uk/wcsstore/argos/en_GB/images/icon_collection_disabled.png","","http://www.argos.co.uk/wcsstore/argos/en_GB/images/grey_arrow.gif","","http://www.argos.co.uk/wcsstore/argos/en_GB/images/icon_delivery_grey.png","","http://www.argos.co.uk/wcsstore/argos/en_GB/images/icon_delivery_disabled.png","","+ Free Delivery","http://www.argos.co.uk/webapp/wcs/stores/servlet/ArgosProductPurchaseNoJS?storeId=10151&langId=110&catalogId=25051&URL=OrderItemDisplay&errorViewName=ArgosGenericErrorView&catEntryId=1332975&partNumber=4181468&quantity=1","Add To Trolley","Buy or Reserve Bush Spira B1 10 Inch 32GB - Silver.","http://www.argos.co.uk/webapp/wcs/stores/servlet/ArgosProductPurchaseNoJS?storeId=10151&langId=110&catalogId=25051&URL=OrderItemDisplay&errorViewName=ArgosGenericErrorView&catEntryId=1332975&partNumber=4181468&quantity=1","Buy or Reserve","Buy or Reserve Bush Spira B1 10 Inch 32GB - Silver.","http://www.argos.co.uk/static/Product/partNumber/4181468.htm","","more details on Bush Spira B1 10 Inch 32GB - Silver.","http://argos.scene7.com/is/image/Argos/4181468_R_SET?$Listers$","more details on Bush Spira B1 10 Inch 32GB - Silver.","Currently out of stock for delivery","Reserve to collect in store","Compare"
"http://www.argos.co.uk/static/Product/partNumber/4454030.htm","Bush Spira B1 8 Inch 32GB Android Tablet - Silver.","more details on Bush Spira B1 8 Inch 32GB Android Tablet - Silver.","8; 32","4454030","79.99","http://www.argos.co.uk/wcsstore/argos/en_GB/siteAssets/images/fasttrack_icon.png","Fast Track","","","","","http://www.argos.co.uk/static/Product/partNumber/4454030.htm#pdpProductReviews","(147)","","http://www.argos.co.uk/wcsstore/argos/en_GB/images/rating/stars/rating-4_5.gif","","147","+ 4 special offers","4","http://www.argos.co.uk/wcsstore/argos/en_GB/images/icon_collection_grey.png","","http://www.argos.co.uk/wcsstore/argos/en_GB/images/green_arrow.png","","http://www.argos.co.uk/wcsstore/argos/en_GB/images/icon_collection_disabled.png","","http://www.argos.co.uk/wcsstore/argos/en_GB/images/grey_arrow.gif","","http://www.argos.co.uk/wcsstore/argos/en_GB/images/icon_delivery_grey.png","","http://www.argos.co.uk/wcsstore/argos/en_GB/images/icon_delivery_disabled.png","","+ Free Delivery","http://www.argos.co.uk/webapp/wcs/stores/servlet/ArgosProductPurchaseNoJS?storeId=10151&langId=110&catalogId=25051&URL=OrderItemDisplay&errorViewName=ArgosGenericErrorView&catEntryId=1336827&partNumber=4454030&quantity=1","Add To Trolley","Buy or Reserve Bush Spira B1 8 Inch 32GB Android Tablet - Silver.","http://www.argos.co.uk/webapp/wcs/stores/servlet/ArgosProductPurchaseNoJS?storeId=10151&langId=110&catalogId=25051&URL=OrderItemDisplay&errorViewName=ArgosGenericErrorView&catEntryId=1336827&partNumber=4454030&quantity=1","Buy or Reserve","Buy or Reserve Bush Spira B1 8 Inch 32GB Android Tablet - Silver.","http://www.argos.co.uk/static/Product/partNumber/4454030.htm","","more details on Bush Spira B1 8 Inch 32GB Android Tablet - Silver.","http://argos.scene7.com/is/image/Argos/4454030_R_SET?$Listers$","more details on Bush Spira B1 8 Inch 32GB Android Tablet - Silver.","Currently out of stock for delivery","Reserve to collect in store","Compare"
"http://www.argos.co.uk/static/Product/partNumber/4288653.htm","Bush Spira B1 4G 8 Inch 16GB Android Tablet - White.","more details on Bush Spira B1 4G 8 Inch 16GB Android Tablet - White.","4; 8; 16","4288653","111.99","","","","","","","http://www.argos.co.uk/static/Product/partNumber/4288653.htm#pdpProductReviews","(21)","","http://www.argos.co.uk/wcsstore/argos/en_GB/images/rating/stars/rating-4_3.gif","","21","+ 2 special offers","2","http://www.argos.co.uk/wcsstore/argos/en_GB/images/icon_collection_grey.png","","http://www.argos.co.uk/wcsstore/argos/en_GB/images/green_arrow.png","","http://www.argos.co.uk/wcsstore/argos/en_GB/images/icon_collection_disabled.png","","http://www.argos.co.uk/wcsstore/argos/en_GB/images/grey_arrow.gif","","http://www.argos.co.uk/wcsstore/argos/en_GB/images/icon_delivery_grey.png","","http://www.argos.co.uk/wcsstore/argos/en_GB/images/icon_delivery_disabled.png","","+ Free Delivery","http://www.argos.co.uk/webapp/wcs/stores/servlet/ArgosProductPurchaseNoJS?storeId=10151&langId=110&catalogId=25051&URL=OrderItemDisplay&errorViewName=ArgosGenericErrorView&catEntryId=1336831&partNumber=4288653&quantity=1","Add To Trolley","Buy or Reserve Bush Spira B1 4G 8 Inch 16GB Android Tablet - White.","http://www.argos.co.uk/webapp/wcs/stores/servlet/ArgosProductPurchaseNoJS?storeId=10151&langId=110&catalogId=25051&URL=OrderItemDisplay&errorViewName=ArgosGenericErrorView&catEntryId=1336831&partNumber=4288653&quantity=1","Buy or Reserve","Buy or Reserve Bush Spira B1 4G 8 Inch 16GB Android Tablet - White.","http://www.argos.co.uk/static/Product/partNumber/4288653.htm","","more details on Bush Spira B1 4G 8 Inch 16GB Android Tablet - White.","http://argos.scene7.com/is/image/Argos/4288653_R_SET?$Listers$","more details on Bush Spira B1 4G 8 Inch 16GB Android Tablet - White.","Order now for delivery <span>within <span>2 days</span></span>","Reserve to collect in store","Compare"
"http://www.argos.co.uk/static/Product/partNumber/3307700.htm","Nexus 9 8.9 Inch 32GB Tablet - White.","more details on Nexus 9 8.9 Inch 32GB Tablet - White.","9; 8.9; 32","3307700","299.99","","","","","","","http://www.argos.co.uk/static/Product/partNumber/3307700.htm#pdpProductReviews","(25)","","http://www.argos.co.uk/wcsstore/argos/en_GB/images/rating/stars/rating-4_6.gif","","25","","","http://www.argos.co.uk/wcsstore/argos/en_GB/images/icon_collection_grey.png","","http://www.argos.co.uk/wcsstore/argos/en_GB/images/green_arrow.png","","http://www.argos.co.uk/wcsstore/argos/en_GB/images/icon_collection_disabled.png","","http://www.argos.co.uk/wcsstore/argos/en_GB/images/grey_arrow.gif","","http://www.argos.co.uk/wcsstore/argos/en_GB/images/icon_delivery_grey.png","","http://www.argos.co.uk/wcsstore/argos/en_GB/images/icon_delivery_disabled.png","","","http://www.argos.co.uk/webapp/wcs/stores/servlet/ArgosProductPurchaseNoJS?storeId=10151&langId=110&catalogId=25051&URL=OrderItemDisplay&errorViewName=ArgosGenericErrorView&catEntryId=1218544&partNumber=3307700&quantity=1","Add To Trolley","Buy or Reserve Nexus 9 8.9 Inch 32GB Tablet - White.","http://www.argos.co.uk/webapp/wcs/stores/servlet/ArgosProductPurchaseNoJS?storeId=10151&langId=110&catalogId=25051&URL=OrderItemDisplay&errorViewName=ArgosGenericErrorView&catEntryId=1218544&partNumber=3307700&quantity=1","Buy or Reserve","Buy or Reserve Nexus 9 8.9 Inch 32GB Tablet - White.","http://www.argos.co.uk/static/Product/partNumber/3307700.htm","","more details on Nexus 9 8.9 Inch 32GB Tablet - White.","http://argos.scene7.com/is/image/Argos/3307700_R_SET?$Listers$","more details on Nexus 9 8.9 Inch 32GB Tablet - White.","Order now for delivery <span>within <span>2 days</span></span>","Reserve to collect in store","Compare"
"http://www.argos.co.uk/static/Product/partNumber/4644510.htm","Asus Z300CX ZenPad 10.1 Inch 8GB Tablet with Case.","more details on Asus Z300CX ZenPad 10.1 Inch 8GB Tablet with Case.","10.1; 8","4644510","119.99","http://www.argos.co.uk/wcsstore/argos/en_GB/siteAssets/images/fasttrack_icon.png","Fast Track","Was","169.99","Save £50.00","50","http://www.argos.co.uk/static/Product/partNumber/4644510.htm#pdpProductReviews","(13)","","http://www.argos.co.uk/wcsstore/argos/en_GB/images/rating/stars/rating-4_7.gif","","13","+ 4 special offers","4","http://www.argos.co.uk/wcsstore/argos/en_GB/images/icon_collection_grey.png","","http://www.argos.co.uk/wcsstore/argos/en_GB/images/green_arrow.png","","http://www.argos.co.uk/wcsstore/argos/en_GB/images/icon_collection_disabled.png","","http://www.argos.co.uk/wcsstore/argos/en_GB/images/grey_arrow.gif","","http://www.argos.co.uk/wcsstore/argos/en_GB/images/icon_delivery_grey.png","","http://www.argos.co.uk/wcsstore/argos/en_GB/images/icon_delivery_disabled.png","","+ Free Delivery","http://www.argos.co.uk/webapp/wcs/stores/servlet/ArgosProductPurchaseNoJS?storeId=10151&langId=110&catalogId=25051&URL=OrderItemDisplay&errorViewName=ArgosGenericErrorView&catEntryId=1409138&partNumber=4644510&quantity=1","Add To Trolley","Buy or Reserve Asus Z300CX ZenPad 10.1 Inch 8GB Tablet with Case.","http://www.argos.co.uk/webapp/wcs/stores/servlet/ArgosProductPurchaseNoJS?storeId=10151&langId=110&catalogId=25051&URL=OrderItemDisplay&errorViewName=ArgosGenericErrorView&catEntryId=1409138&partNumber=4644510&quantity=1","Buy or Reserve","Buy or Reserve Asus Z300CX ZenPad 10.1 Inch 8GB Tablet with Case.","http://www.argos.co.uk/static/Product/partNumber/4644510.htm","","more details on Asus Z300CX ZenPad 10.1 Inch 8GB Tablet with Case.","http://argos.scene7.com/is/image/Argos/4644510_R_SET?$Listers$","more details on Asus Z300CX ZenPad 10.1 Inch 8GB Tablet with Case.","Order now for delivery <span>within <span>2 days</span></span>","Reserve to collect in store","Compare"
"http://www.argos.co.uk/static/Product/partNumber/4177159.htm","Lenovo Tab 2 A8 8 Inch Tablet - Midnight Blue.","more details on Lenovo Tab 2 A8 8 Inch Tablet - Midnight Blue.","2; 8","4177159","89.99","http://www.argos.co.uk/wcsstore/argos/en_GB/siteAssets/images/fasttrack_icon.png","Fast Track","","","","","http://www.argos.co.uk/static/Product/partNumber/4177159.htm#pdpProductReviews","(469)","","http://www.argos.co.uk/wcsstore/argos/en_GB/images/rating/stars/rating-4_6.gif","","469","+ 4 special offers","4","http://www.argos.co.uk/wcsstore/argos/en_GB/images/icon_collection_grey.png","","http://www.argos.co.uk/wcsstore/argos/en_GB/images/green_arrow.png","","http://www.argos.co.uk/wcsstore/argos/en_GB/images/icon_collection_disabled.png","","http://www.argos.co.uk/wcsstore/argos/en_GB/images/grey_arrow.gif","","http://www.argos.co.uk/wcsstore/argos/en_GB/images/icon_delivery_grey.png","","http://www.argos.co.uk/wcsstore/argos/en_GB/images/icon_delivery_disabled.png","","+ Free Delivery","http://www.argos.co.uk/webapp/wcs/stores/servlet/ArgosProductPurchaseNoJS?storeId=10151&langId=110&catalogId=25051&URL=OrderItemDisplay&errorViewName=ArgosGenericErrorView&catEntryId=1322035&partNumber=4177159&quantity=1","Add To Trolley","Buy or Reserve Lenovo Tab 2 A8 8 Inch Tablet - Midnight Blue.","http://www.argos.co.uk/webapp/wcs/stores/servlet/ArgosProductPurchaseNoJS?storeId=10151&langId=110&catalogId=25051&URL=OrderItemDisplay&errorViewName=ArgosGenericErrorView&catEntryId=1322035&partNumber=4177159&quantity=1","Buy or Reserve","Buy or Reserve Lenovo Tab 2 A8 8 Inch Tablet - Midnight Blue.","http://www.argos.co.uk/static/Product/partNumber/4177159.htm","","more details on Lenovo Tab 2 A8 8 Inch Tablet - Midnight Blue.","http://argos.scene7.com/is/image/Argos/4177159_R_SET?$Listers$","more details on Lenovo Tab 2 A8 8 Inch Tablet - Midnight Blue.","Order now for delivery <span>within <span>2 days</span></span>","Reserve to collect in store","Compare"
"http://www.argos.co.uk/static/Product/partNumber/4123691.htm","Lenovo Tab 2 A10 Full HD 10 Inch 16GB Tablet - Midnight Blue","more details on Lenovo Tab 2 A10 Full HD 10 Inch 16GB Tablet - Midnight Blue","2; 10; 16","4123691","179.99","http://www.argos.co.uk/wcsstore/argos/en_GB/siteAssets/images/fasttrack_icon.png","Fast Track","","","","","http://www.argos.co.uk/static/Product/partNumber/4123691.htm#pdpProductReviews","(197)","","http://www.argos.co.uk/wcsstore/argos/en_GB/images/rating/stars/rating-4_7.gif","","197","+ 3 special offers","3","http://www.argos.co.uk/wcsstore/argos/en_GB/images/icon_collection_grey.png","","http://www.argos.co.uk/wcsstore/argos/en_GB/images/green_arrow.png","","http://www.argos.co.uk/wcsstore/argos/en_GB/images/icon_collection_disabled.png","","http://www.argos.co.uk/wcsstore/argos/en_GB/images/grey_arrow.gif","","http://www.argos.co.uk/wcsstore/argos/en_GB/images/icon_delivery_grey.png","","http://www.argos.co.uk/wcsstore/argos/en_GB/images/icon_delivery_disabled.png","","+ Free Delivery","http://www.argos.co.uk/webapp/wcs/stores/servlet/ArgosProductPurchaseNoJS?storeId=10151&langId=110&catalogId=25051&URL=OrderItemDisplay&errorViewName=ArgosGenericErrorView&catEntryId=1323719&partNumber=4123691&quantity=1","Add To Trolley","Buy or Reserve Lenovo Tab 2 A10 Full HD 10 Inch 16GB Tablet - Midnight Blue","http://www.argos.co.uk/webapp/wcs/stores/servlet/ArgosProductPurchaseNoJS?storeId=10151&langId=110&catalogId=25051&URL=OrderItemDisplay&errorViewName=ArgosGenericErrorView&catEntryId=1323719&partNumber=4123691&quantity=1","Buy or Reserve","Buy or Reserve Lenovo Tab 2 A10 Full HD 10 Inch 16GB Tablet - Midnight Blue","http://www.argos.co.uk/static/Product/partNumber/4123691.htm","","more details on Lenovo Tab 2 A10 Full HD 10 Inch 16GB Tablet - Midnight Blue","http://argos.scene7.com/is/image/Argos/4123691_R_SET?$Listers$","more details on Lenovo Tab 2 A10 Full HD 10 Inch 16GB Tablet - Midnight Blue","Currently out of stock for delivery","Reserve to collect in store","Compare"
"http://www.argos.co.uk/static/Product/partNumber/4183978.htm","Lenovo Tab 2 A8 8 Inch Tablet - Pearl White.","more details on Lenovo Tab 2 A8 8 Inch Tablet - Pearl White.","2; 8","4183978","89.99","http://www.argos.co.uk/wcsstore/argos/en_GB/siteAssets/images/fasttrack_icon.png","Fast Track","","","","","http://www.argos.co.uk/static/Product/partNumber/4183978.htm#pdpProductReviews","(469)","","http://www.argos.co.uk/wcsstore/argos/en_GB/images/rating/stars/rating-4_6.gif","","469","+ 3 special offers","3","http://www.argos.co.uk/wcsstore/argos/en_GB/images/icon_collection_grey.png","","http://www.argos.co.uk/wcsstore/argos/en_GB/images/green_arrow.png","","http://www.argos.co.uk/wcsstore/argos/en_GB/images/icon_collection_disabled.png","","http://www.argos.co.uk/wcsstore/argos/en_GB/images/grey_arrow.gif","","http://www.argos.co.uk/wcsstore/argos/en_GB/images/icon_delivery_grey.png","","http://www.argos.co.uk/wcsstore/argos/en_GB/images/icon_delivery_disabled.png","","+ Free Delivery","http://www.argos.co.uk/webapp/wcs/stores/servlet/ArgosProductPurchaseNoJS?storeId=10151&langId=110&catalogId=25051&URL=OrderItemDisplay&errorViewName=ArgosGenericErrorView&catEntryId=1323909&partNumber=4183978&quantity=1","Add To Trolley","Buy or Reserve Lenovo Tab 2 A8 8 Inch Tablet - Pearl White.","http://www.argos.co.uk/webapp/wcs/stores/servlet/ArgosProductPurchaseNoJS?storeId=10151&langId=110&catalogId=25051&URL=OrderItemDisplay&errorViewName=ArgosGenericErrorView&catEntryId=1323909&partNumber=4183978&quantity=1","Buy or Reserve","Buy or Reserve Lenovo Tab 2 A8 8 Inch Tablet - Pearl White.","http://www.argos.co.uk/static/Product/partNumber/4183978.htm","","more details on Lenovo Tab 2 A8 8 Inch Tablet - Pearl White.","http://argos.scene7.com/is/image/Argos/4183978_R_SET?$Listers$","more details on Lenovo Tab 2 A8 8 Inch Tablet - Pearl White.","Order now for delivery <span>within <span>2 days</span></span>","Reserve to collect in store","Compare"
"http://www.argos.co.uk/static/Product/partNumber/2969228.htm","Lenovo Tab 2 A7 7 Inch 8GB Wi-Fi Tablet - Blue.","more details on Lenovo Tab 2 A7 7 Inch 8GB Wi-Fi Tablet - Blue.","2; 7; 8","2969228","59.99","http://www.argos.co.uk/wcsstore/argos/en_GB/siteAssets/images/fasttrack_icon.png","Fast Track","","","","","http://www.argos.co.uk/static/Product/partNumber/2969228.htm#pdpProductReviews","(478)","","http://www.argos.co.uk/wcsstore/argos/en_GB/images/rating/stars/rating-4_7.gif","","478","+ 4 special offers","4","http://www.argos.co.uk/wcsstore/argos/en_GB/images/icon_collection_grey.png","","http://www.argos.co.uk/wcsstore/argos/en_GB/images/green_arrow.png","","http://www.argos.co.uk/wcsstore/argos/en_GB/images/icon_collection_disabled.png","","http://www.argos.co.uk/wcsstore/argos/en_GB/images/grey_arrow.gif","","http://www.argos.co.uk/wcsstore/argos/en_GB/images/icon_delivery_grey.png","","http://www.argos.co.uk/wcsstore/argos/en_GB/images/icon_delivery_disabled.png","","","http://www.argos.co.uk/webapp/wcs/stores/servlet/ArgosProductPurchaseNoJS?storeId=10151&langId=110&catalogId=25051&URL=OrderItemDisplay&errorViewName=ArgosGenericErrorView&catEntryId=1367497&partNumber=2969228&quantity=1","Add To Trolley","Buy or Reserve Lenovo Tab 2 A7 7 Inch 8GB Wi-Fi Tablet - Blue.","http://www.argos.co.uk/webapp/wcs/stores/servlet/ArgosProductPurchaseNoJS?storeId=10151&langId=110&catalogId=25051&URL=OrderItemDisplay&errorViewName=ArgosGenericErrorView&catEntryId=1367497&partNumber=2969228&quantity=1","Buy or Reserve","Buy or Reserve Lenovo Tab 2 A7 7 Inch 8GB Wi-Fi Tablet - Blue.","http://www.argos.co.uk/static/Product/partNumber/2969228.htm","","more details on Lenovo Tab 2 A7 7 Inch 8GB Wi-Fi Tablet - Blue.","http://argos.scene7.com/is/image/Argos/2969228_R_SET?$Listers$","more details on Lenovo Tab 2 A7 7 Inch 8GB Wi-Fi Tablet - Blue.","Order now for delivery <span>within <span>2 days</span></span>","Reserve to collect in store","Compare"
"http://www.argos.co.uk/static/Product/partNumber/4179126.htm","Lenovo Tab 2 A10 Full HD 10 Inch 16GB Tablet - Pearl White.","more details on Lenovo Tab 2 A10 Full HD 10 Inch 16GB Tablet - Pearl White.","2; 10; 16","4179126","179.99","http://www.argos.co.uk/wcsstore/argos/en_GB/siteAssets/images/fasttrack_icon.png","Fast Track","","","","","http://www.argos.co.uk/static/Product/partNumber/4179126.htm#pdpProductReviews","(197)","","http://www.argos.co.uk/wcsstore/argos/en_GB/images/rating/stars/rating-4_7.gif","","197","+ 3 special offers","3","http://www.argos.co.uk/wcsstore/argos/en_GB/images/icon_collection_grey.png","","http://www.argos.co.uk/wcsstore/argos/en_GB/images/green_arrow.png","","http://www.argos.co.uk/wcsstore/argos/en_GB/images/icon_collection_disabled.png","","http://www.argos.co.uk/wcsstore/argos/en_GB/images/grey_arrow.gif","","http://www.argos.co.uk/wcsstore/argos/en_GB/images/icon_delivery_grey.png","","http://www.argos.co.uk/wcsstore/argos/en_GB/images/icon_delivery_disabled.png","","+ Free Delivery","http://www.argos.co.uk/webapp/wcs/stores/servlet/ArgosProductPurchaseNoJS?storeId=10151&langId=110&catalogId=25051&URL=OrderItemDisplay&errorViewName=ArgosGenericErrorView&catEntryId=1323911&partNumber=4179126&quantity=1","Add To Trolley","Buy or Reserve Lenovo Tab 2 A10 Full HD 10 Inch 16GB Tablet - Pearl White.","http://www.argos.co.uk/webapp/wcs/stores/servlet/ArgosProductPurchaseNoJS?storeId=10151&langId=110&catalogId=25051&URL=OrderItemDisplay&errorViewName=ArgosGenericErrorView&catEntryId=1323911&partNumber=4179126&quantity=1","Buy or Reserve","Buy or Reserve Lenovo Tab 2 A10 Full HD 10 Inch 16GB Tablet - Pearl White.","http://www.argos.co.uk/static/Product/partNumber/4179126.htm","","more details on Lenovo Tab 2 A10 Full HD 10 Inch 16GB Tablet - Pearl White.","http://argos.scene7.com/is/image/Argos/4179126_R_SET?$Listers$","more details on Lenovo Tab 2 A10 Full HD 10 Inch 16GB Tablet - Pearl White.","Order now for delivery <span>within <span>2 days</span></span>","Reserve to collect in store","Compare"
"http://www.argos.co.uk/static/Product/partNumber/4182780.htm","Lenovo Tab 2 A7 7 Inch 8GB Tablet - Black.","more details on Lenovo Tab 2 A7 7 Inch  8GB Tablet - Black.","2; 7; 8","4182780","59.99","http://www.argos.co.uk/wcsstore/argos/en_GB/siteAssets/images/fasttrack_icon.png","Fast Track","","","","","http://www.argos.co.uk/static/Product/partNumber/4182780.htm#pdpProductReviews","(478)","","http://www.argos.co.uk/wcsstore/argos/en_GB/images/rating/stars/rating-4_7.gif","","478","+ 3 special offers","3","http://www.argos.co.uk/wcsstore/argos/en_GB/images/icon_collection_grey.png","","http://www.argos.co.uk/wcsstore/argos/en_GB/images/green_arrow.png","","http://www.argos.co.uk/wcsstore/argos/en_GB/images/icon_collection_disabled.png","","http://www.argos.co.uk/wcsstore/argos/en_GB/images/grey_arrow.gif","","http://www.argos.co.uk/wcsstore/argos/en_GB/images/icon_delivery_grey.png","","http://www.argos.co.uk/wcsstore/argos/en_GB/images/icon_delivery_disabled.png","","","http://www.argos.co.uk/webapp/wcs/stores/servlet/ArgosProductPurchaseNoJS?storeId=10151&langId=110&catalogId=25051&URL=OrderItemDisplay&errorViewName=ArgosGenericErrorView&catEntryId=1324051&partNumber=4182780&quantity=1","Add To Trolley","Buy or Reserve Lenovo Tab 2 A7 7 Inch  8GB Tablet - Black.","http://www.argos.co.uk/webapp/wcs/stores/servlet/ArgosProductPurchaseNoJS?storeId=10151&langId=110&catalogId=25051&URL=OrderItemDisplay&errorViewName=ArgosGenericErrorView&catEntryId=1324051&partNumber=4182780&quantity=1","Buy or Reserve","Buy or Reserve Lenovo Tab 2 A7 7 Inch  8GB Tablet - Black.","http://www.argos.co.uk/static/Product/partNumber/4182780.htm","","more details on Lenovo Tab 2 A7 7 Inch  8GB Tablet - Black.","http://argos.scene7.com/is/image/Argos/4182780_R_SET?$Listers$","more details on Lenovo Tab 2 A7 7 Inch  8GB Tablet - Black.","Order now for delivery <span>within <span>2 days</span></span>","Reserve to collect in store","Compare"
"http://www.argos.co.uk/static/Product/partNumber/4449014.htm","Lenovo Tab 2 A7 7 Inch 8GB Wi-Fi Tablet - Purple.","more details on Lenovo Tab 2 A7 7 Inch 8GB Wi-Fi Tablet - Purple.","2; 7; 8","4449014","59.99","http://www.argos.co.uk/wcsstore/argos/en_GB/siteAssets/images/fasttrack_icon.png","Fast Track","","","","","http://www.argos.co.uk/static/Product/partNumber/4449014.htm#pdpProductReviews","(478)","","http://www.argos.co.uk/wcsstore/argos/en_GB/images/rating/stars/rating-4_7.gif","","478","+ 3 special offers","3","http://www.argos.co.uk/wcsstore/argos/en_GB/images/icon_collection_grey.png","","http://www.argos.co.uk/wcsstore/argos/en_GB/images/green_arrow.png","","http://www.argos.co.uk/wcsstore/argos/en_GB/images/icon_collection_disabled.png","","http://www.argos.co.uk/wcsstore/argos/en_GB/images/grey_arrow.gif","","http://www.argos.co.uk/wcsstore/argos/en_GB/images/icon_delivery_grey.png","","http://www.argos.co.uk/wcsstore/argos/en_GB/images/icon_delivery_disabled.png","","","http://www.argos.co.uk/webapp/wcs/stores/servlet/ArgosProductPurchaseNoJS?storeId=10151&langId=110&catalogId=25051&URL=OrderItemDisplay&errorViewName=ArgosGenericErrorView&catEntryId=1363959&partNumber=4449014&quantity=1","Add To Trolley","Buy or Reserve Lenovo Tab 2 A7 7 Inch 8GB Wi-Fi Tablet - Purple.","http://www.argos.co.uk/webapp/wcs/stores/servlet/ArgosProductPurchaseNoJS?storeId=10151&langId=110&catalogId=25051&URL=OrderItemDisplay&errorViewName=ArgosGenericErrorView&catEntryId=1363959&partNumber=4449014&quantity=1","Buy or Reserve","Buy or Reserve Lenovo Tab 2 A7 7 Inch 8GB Wi-Fi Tablet - Purple.","http://www.argos.co.uk/static/Product/partNumber/4449014.htm","","more details on Lenovo Tab 2 A7 7 Inch 8GB Wi-Fi Tablet - Purple.","http://argos.scene7.com/is/image/Argos/4449014_R_SET?$Listers$","more details on Lenovo Tab 2 A7 7 Inch 8GB Wi-Fi Tablet - Purple.","Order now for delivery <span>within <span>2 days</span></span>","Reserve to collect in store","Compare"
"http://www.argos.co.uk/static/Product/partNumber/4085777.htm","Microsoft Surface 3 10.8 Inch Tablet with Keyboard - 64GB.","more details on Microsoft Surface 3 10.8 Inch Tablet with Keyboard - 64GB.","3; 10.8; -64","4085777","449","http://www.argos.co.uk/wcsstore/argos/en_GB/siteAssets/images/fasttrack_icon.png","Fast Track","Was","499","Save 10%","","http://www.argos.co.uk/static/Product/partNumber/4085777.htm#pdpProductReviews","(27)","","http://www.argos.co.uk/wcsstore/argos/en_GB/images/rating/stars/rating-4_6.gif","","27","+ 2 special offers","2","http://www.argos.co.uk/wcsstore/argos/en_GB/images/icon_collection_grey.png","","http://www.argos.co.uk/wcsstore/argos/en_GB/images/green_arrow.png","","http://www.argos.co.uk/wcsstore/argos/en_GB/images/icon_collection_disabled.png","","http://www.argos.co.uk/wcsstore/argos/en_GB/images/grey_arrow.gif","","http://www.argos.co.uk/wcsstore/argos/en_GB/images/icon_delivery_grey.png","","http://www.argos.co.uk/wcsstore/argos/en_GB/images/icon_delivery_disabled.png","","+ Free Delivery","http://www.argos.co.uk/webapp/wcs/stores/servlet/ArgosProductPurchaseNoJS?storeId=10151&langId=110&catalogId=25051&URL=OrderItemDisplay&errorViewName=ArgosGenericErrorView&catEntryId=1305995&partNumber=4085777&quantity=1","Add To Trolley","Buy or Reserve Microsoft Surface 3 10.8 Inch Tablet with Keyboard - 64GB.","http://www.argos.co.uk/webapp/wcs/stores/servlet/ArgosProductPurchaseNoJS?storeId=10151&langId=110&catalogId=25051&URL=OrderItemDisplay&errorViewName=ArgosGenericErrorView&catEntryId=1305995&partNumber=4085777&quantity=1","Buy or Reserve","Buy or Reserve Microsoft Surface 3 10.8 Inch Tablet with Keyboard - 64GB.","http://www.argos.co.uk/static/Product/partNumber/4085777.htm","","more details on Microsoft Surface 3 10.8 Inch Tablet with Keyboard - 64GB.","http://argos.scene7.com/is/image/Argos/4085777_R_SET?$Listers$","more details on Microsoft Surface 3 10.8 Inch Tablet with Keyboard - 64GB.","Currently out of stock for delivery","Reserve to collect in store","Compare"
"http://www.argos.co.uk/static/Product/partNumber/4020622.htm","Microsoft Surface 3 10.8 Inch Tablet - 64GB.","more details on Microsoft Surface 3 10.8 Inch Tablet - 64GB.","3; 10.8; -64","4020622","419","http://www.argos.co.uk/wcsstore/argos/en_GB/siteAssets/images/fasttrack_icon.png","Fast Track","","","","","http://www.argos.co.uk/static/Product/partNumber/4020622.htm#pdpProductReviews","(5)","","http://www.argos.co.uk/wcsstore/argos/en_GB/images/rating/stars/rating-4_6.gif","","5","+ 2 special offers","2","http://www.argos.co.uk/wcsstore/argos/en_GB/images/icon_collection_grey.png","","http://www.argos.co.uk/wcsstore/argos/en_GB/images/green_arrow.png","","http://www.argos.co.uk/wcsstore/argos/en_GB/images/icon_collection_disabled.png","","http://www.argos.co.uk/wcsstore/argos/en_GB/images/grey_arrow.gif","","http://www.argos.co.uk/wcsstore/argos/en_GB/images/icon_delivery_grey.png","","http://www.argos.co.uk/wcsstore/argos/en_GB/images/icon_delivery_disabled.png","","+ Free Delivery","http://www.argos.co.uk/webapp/wcs/stores/servlet/ArgosProductPurchaseNoJS?storeId=10151&langId=110&catalogId=25051&URL=OrderItemDisplay&errorViewName=ArgosGenericErrorView&catEntryId=1305987&partNumber=4020622&quantity=1","Add To Trolley","Buy or Reserve Microsoft Surface 3 10.8 Inch Tablet - 64GB.","http://www.argos.co.uk/webapp/wcs/stores/servlet/ArgosProductPurchaseNoJS?storeId=10151&langId=110&catalogId=25051&URL=OrderItemDisplay&errorViewName=ArgosGenericErrorView&catEntryId=1305987&partNumber=4020622&quantity=1","Buy or Reserve","Buy or Reserve Microsoft Surface 3 10.8 Inch Tablet - 64GB.","http://www.argos.co.uk/static/Product/partNumber/4020622.htm","","more details on Microsoft Surface 3 10.8 Inch Tablet - 64GB.","http://argos.scene7.com/is/image/Argos/4020622_R_SET?$Listers$","more details on Microsoft Surface 3 10.8 Inch Tablet - 64GB.","Currently out of stock for delivery","Reserve to collect in store","Compare"
"http://www.argos.co.uk/static/Product/partNumber/1383661.htm","Google Nexus 7 2013 - 32GB.","more details on Google Nexus 7 2013 - 32GB.","7; 2013; -32","1383661","129.99","http://www.argos.co.uk/wcsstore/argos/en_GB/siteAssets/images/fasttrack_icon.png","Fast Track","","","","","http://www.argos.co.uk/static/Product/partNumber/1383661.htm#pdpProductReviews","(192)","","http://www.argos.co.uk/wcsstore/argos/en_GB/images/rating/stars/rating-4_7.gif","","192","+ 3 special offers","3","http://www.argos.co.uk/wcsstore/argos/en_GB/images/icon_collection_grey.png","","http://www.argos.co.uk/wcsstore/argos/en_GB/images/green_arrow.png","","http://www.argos.co.uk/wcsstore/argos/en_GB/images/icon_collection_disabled.png","","http://www.argos.co.uk/wcsstore/argos/en_GB/images/grey_arrow.gif","","http://www.argos.co.uk/wcsstore/argos/en_GB/images/icon_delivery_grey.png","","http://www.argos.co.uk/wcsstore/argos/en_GB/images/icon_delivery_disabled.png","","+ Free Delivery","http://www.argos.co.uk/webapp/wcs/stores/servlet/ArgosProductPurchaseNoJS?storeId=10151&langId=110&catalogId=25051&URL=OrderItemDisplay&errorViewName=ArgosGenericErrorView&catEntryId=1281172&partNumber=1383661&quantity=1","Add To Trolley","Buy or Reserve Google Nexus 7 2013 - 32GB.","http://www.argos.co.uk/webapp/wcs/stores/servlet/ArgosProductPurchaseNoJS?storeId=10151&langId=110&catalogId=25051&URL=OrderItemDisplay&errorViewName=ArgosGenericErrorView&catEntryId=1281172&partNumber=1383661&quantity=1","Buy or Reserve","Buy or Reserve Google Nexus 7 2013 - 32GB.","http://www.argos.co.uk/static/Product/partNumber/1383661.htm","","more details on Google Nexus 7 2013 - 32GB.","http://argos.scene7.com/is/image/Argos/1383661_R_SET?$Listers$","more details on Google Nexus 7 2013 - 32GB.","Order now for delivery <span>within <span>2 days</span></span>","Reserve to collect in store","Compare"
"http://www.argos.co.uk/static/Product/partNumber/4106209.htm","Microsoft Surface 3 10.8 Inch Tablet - 128GB.","more details on Microsoft Surface 3 10.8 Inch Tablet - 128GB.","3; 10.8; -128","4106209","499","http://www.argos.co.uk/wcsstore/argos/en_GB/siteAssets/images/fasttrack_icon.png","Fast Track","","","","","http://www.argos.co.uk/static/Product/partNumber/4106209.htm#pdpProductReviews","(8)","","http://www.argos.co.uk/wcsstore/argos/en_GB/images/rating/stars/rating-5_0.gif","","8","+ 2 special offers","2","http://www.argos.co.uk/wcsstore/argos/en_GB/images/icon_collection_grey.png","","http://www.argos.co.uk/wcsstore/argos/en_GB/images/green_arrow.png","","http://www.argos.co.uk/wcsstore/argos/en_GB/images/icon_collection_disabled.png","","http://www.argos.co.uk/wcsstore/argos/en_GB/images/grey_arrow.gif","","http://www.argos.co.uk/wcsstore/argos/en_GB/images/icon_delivery_grey.png","","http://www.argos.co.uk/wcsstore/argos/en_GB/images/icon_delivery_disabled.png","","+ Free Delivery","http://www.argos.co.uk/webapp/wcs/stores/servlet/ArgosProductPurchaseNoJS?storeId=10151&langId=110&catalogId=25051&URL=OrderItemDisplay&errorViewName=ArgosGenericErrorView&catEntryId=1305997&partNumber=4106209&quantity=1","Add To Trolley","Buy or Reserve Microsoft Surface 3 10.8 Inch Tablet - 128GB.","http://www.argos.co.uk/webapp/wcs/stores/servlet/ArgosProductPurchaseNoJS?storeId=10151&langId=110&catalogId=25051&URL=OrderItemDisplay&errorViewName=ArgosGenericErrorView&catEntryId=1305997&partNumber=4106209&quantity=1","Buy or Reserve","Buy or Reserve Microsoft Surface 3 10.8 Inch Tablet - 128GB.","http://www.argos.co.uk/static/Product/partNumber/4106209.htm","","more details on Microsoft Surface 3 10.8 Inch Tablet - 128GB.","http://argos.scene7.com/is/image/Argos/4106209_R_SET?$Listers$","more details on Microsoft Surface 3 10.8 Inch Tablet - 128GB.","Currently out of stock for delivery","Reserve to collect in store","Compare"
"http://www.argos.co.uk/static/Product/partNumber/4145428.htm","Asus Zenpad 10'' Black - 16GB.","more details on Asus Zenpad 10'' Black - 16GB.","10; -16","4145428","149.99","http://www.argos.co.uk/wcsstore/argos/en_GB/siteAssets/images/fasttrack_icon.png","Fast Track","","","","","http://www.argos.co.uk/static/Product/partNumber/4145428.htm#pdpProductReviews","(71)","","http://www.argos.co.uk/wcsstore/argos/en_GB/images/rating/stars/rating-4_5.gif","","71","+ 4 special offers","4","http://www.argos.co.uk/wcsstore/argos/en_GB/images/icon_collection_grey.png","","http://www.argos.co.uk/wcsstore/argos/en_GB/images/green_arrow.png","","http://www.argos.co.uk/wcsstore/argos/en_GB/images/icon_collection_disabled.png","","http://www.argos.co.uk/wcsstore/argos/en_GB/images/grey_arrow.gif","","http://www.argos.co.uk/wcsstore/argos/en_GB/images/icon_delivery_grey.png","","http://www.argos.co.uk/wcsstore/argos/en_GB/images/icon_delivery_disabled.png","","+ Free Delivery","http://www.argos.co.uk/webapp/wcs/stores/servlet/ArgosProductPurchaseNoJS?storeId=10151&langId=110&catalogId=25051&URL=OrderItemDisplay&errorViewName=ArgosGenericErrorView&catEntryId=1345661&partNumber=4145428&quantity=1","Add To Trolley","Buy or Reserve Asus Zenpad 10'' Black - 16GB.","http://www.argos.co.uk/webapp/wcs/stores/servlet/ArgosProductPurchaseNoJS?storeId=10151&langId=110&catalogId=25051&URL=OrderItemDisplay&errorViewName=ArgosGenericErrorView&catEntryId=1345661&partNumber=4145428&quantity=1","Buy or Reserve","Buy or Reserve Asus Zenpad 10'' Black - 16GB.","http://www.argos.co.uk/static/Product/partNumber/4145428.htm","","more details on Asus Zenpad 10'' Black - 16GB.","http://argos.scene7.com/is/image/Argos/4145428_R_SET?$Listers$","more details on Asus Zenpad 10'' Black - 16GB.","Order now for delivery <span>within <span>2 days</span></span>","Reserve to collect in store","Compare"
"http://www.argos.co.uk/static/Product/partNumber/4156565.htm","Asus Zenpad 10'' Tablet Gold - 16GB.","more details on Asus Zenpad 10'' Tablet Gold - 16GB.","10; -16","4156565","149.99","http://www.argos.co.uk/wcsstore/argos/en_GB/siteAssets/images/fasttrack_icon.png","Fast Track","","","","","http://www.argos.co.uk/static/Product/partNumber/4156565.htm#pdpProductReviews","(71)","","http://www.argos.co.uk/wcsstore/argos/en_GB/images/rating/stars/rating-4_5.gif","","71","+ 4 special offers","4","http://www.argos.co.uk/wcsstore/argos/en_GB/images/icon_collection_grey.png","","http://www.argos.co.uk/wcsstore/argos/en_GB/images/green_arrow.png","","http://www.argos.co.uk/wcsstore/argos/en_GB/images/icon_collection_disabled.png","","http://www.argos.co.uk/wcsstore/argos/en_GB/images/grey_arrow.gif","","http://www.argos.co.uk/wcsstore/argos/en_GB/images/icon_delivery_grey.png","","http://www.argos.co.uk/wcsstore/argos/en_GB/images/icon_delivery_disabled.png","","+ Free Delivery","http://www.argos.co.uk/webapp/wcs/stores/servlet/ArgosProductPurchaseNoJS?storeId=10151&langId=110&catalogId=25051&URL=OrderItemDisplay&errorViewName=ArgosGenericErrorView&catEntryId=1345663&partNumber=4156565&quantity=1","Add To Trolley","Buy or Reserve Asus Zenpad 10'' Tablet Gold - 16GB.","http://www.argos.co.uk/webapp/wcs/stores/servlet/ArgosProductPurchaseNoJS?storeId=10151&langId=110&catalogId=25051&URL=OrderItemDisplay&errorViewName=ArgosGenericErrorView&catEntryId=1345663&partNumber=4156565&quantity=1","Buy or Reserve","Buy or Reserve Asus Zenpad 10'' Tablet Gold - 16GB.","http://www.argos.co.uk/static/Product/partNumber/4156565.htm","","more details on Asus Zenpad 10'' Tablet Gold - 16GB.","http://argos.scene7.com/is/image/Argos/4156565_R_SET?$Listers$","more details on Asus Zenpad 10'' Tablet Gold - 16GB.","Order now for delivery <span>within <span>2 days</span></span>","Reserve to collect in store","Compare"
"http://www.argos.co.uk/static/Product/partNumber/3235896.htm","Lenovo YOGA Tablet 2 8 inch 4G 16GB - Grey.","more details on Lenovo YOGA Tablet 2 8 inch 4G 16GB - Grey.","2; 8; 4; 16","3235896","249.99","","","","","","","","","","","","","","","http://www.argos.co.uk/wcsstore/argos/en_GB/images/icon_collection_grey.png","","http://www.argos.co.uk/wcsstore/argos/en_GB/images/green_arrow.png","","http://www.argos.co.uk/wcsstore/argos/en_GB/images/icon_collection_disabled.png","","http://www.argos.co.uk/wcsstore/argos/en_GB/images/grey_arrow.gif","","http://www.argos.co.uk/wcsstore/argos/en_GB/images/icon_delivery_grey.png","","http://www.argos.co.uk/wcsstore/argos/en_GB/images/icon_delivery_disabled.png","","+ Free Delivery","http://www.argos.co.uk/webapp/wcs/stores/servlet/ArgosProductPurchaseNoJS?storeId=10151&langId=110&catalogId=25051&URL=OrderItemDisplay&errorViewName=ArgosGenericErrorView&catEntryId=1273794&partNumber=3235896&quantity=1","Add To Trolley","Buy or Reserve Lenovo YOGA Tablet 2 8 inch 4G 16GB - Grey.","http://www.argos.co.uk/webapp/wcs/stores/servlet/ArgosProductPurchaseNoJS?storeId=10151&langId=110&catalogId=25051&URL=OrderItemDisplay&errorViewName=ArgosGenericErrorView&catEntryId=1273794&partNumber=3235896&quantity=1","Buy or Reserve","Buy or Reserve Lenovo YOGA Tablet 2 8 inch 4G 16GB - Grey.","http://www.argos.co.uk/static/Product/partNumber/3235896.htm","","more details on Lenovo YOGA Tablet 2 8 inch 4G 16GB - Grey.","http://argos.scene7.com/is/image/Argos/3235896_R_SET?$Listers$","more details on Lenovo YOGA Tablet 2 8 inch 4G 16GB - Grey.","","Email me when back in stock","Compare"
"http://www.argos.co.uk/static/Product/partNumber/3257180.htm","Lenovo YOGA Tab 2 Pro 13.3 Inch 32GB Tablet.","more details on Lenovo YOGA Tab 2 Pro 13.3 Inch 32GB Tablet.","2; 13.3; 32","3257180","399.99","http://www.argos.co.uk/wcsstore/argos/en_GB/siteAssets/images/fasttrack_icon.png","Fast Track","","","","","http://www.argos.co.uk/static/Product/partNumber/3257180.htm#pdpProductReviews","(31)","","http://www.argos.co.uk/wcsstore/argos/en_GB/images/rating/stars/rating-4_6.gif","","31","+ 3 special offers","3","http://www.argos.co.uk/wcsstore/argos/en_GB/images/icon_collection_grey.png","","http://www.argos.co.uk/wcsstore/argos/en_GB/images/green_arrow.png","","http://www.argos.co.uk/wcsstore/argos/en_GB/images/icon_collection_disabled.png","","http://www.argos.co.uk/wcsstore/argos/en_GB/images/grey_arrow.gif","","http://www.argos.co.uk/wcsstore/argos/en_GB/images/icon_delivery_grey.png","","http://www.argos.co.uk/wcsstore/argos/en_GB/images/icon_delivery_disabled.png","","+ Free Delivery","http://www.argos.co.uk/webapp/wcs/stores/servlet/ArgosProductPurchaseNoJS?storeId=10151&langId=110&catalogId=25051&URL=OrderItemDisplay&errorViewName=ArgosGenericErrorView&catEntryId=1208012&partNumber=3257180&quantity=1","Add To Trolley","Buy or Reserve Lenovo YOGA Tab 2 Pro 13.3 Inch 32GB Tablet.","http://www.argos.co.uk/webapp/wcs/stores/servlet/ArgosProductPurchaseNoJS?storeId=10151&langId=110&catalogId=25051&URL=OrderItemDisplay&errorViewName=ArgosGenericErrorView&catEntryId=1208012&partNumber=3257180&quantity=1","Buy or Reserve","Buy or Reserve Lenovo YOGA Tab 2 Pro 13.3 Inch 32GB Tablet.","http://www.argos.co.uk/static/Product/partNumber/3257180.htm","","more details on Lenovo YOGA Tab 2 Pro 13.3 Inch 32GB Tablet.","http://argos.scene7.com/is/image/Argos/3257180_R_SET?$Listers$","more details on Lenovo YOGA Tab 2 Pro 13.3 Inch 32GB Tablet.","Currently out of stock for delivery","Reserve to collect in store","Compare"
"http://www.argos.co.uk/static/Product/partNumber/4131786.htm","Kurio Smart 9 Windows Tablet.","more details on Kurio Smart 9 Windows Tablet.","9","4131786","149.99","http://www.argos.co.uk/wcsstore/argos/en_GB/siteAssets/images/fasttrack_icon.png","Fast Track","Was","199.99","Save 25%","","http://www.argos.co.uk/static/Product/partNumber/4131786.htm#pdpProductReviews","(19)","","http://www.argos.co.uk/wcsstore/argos/en_GB/images/rating/stars/rating-4_5.gif","","19","+ 3 special offers","3","http://www.argos.co.uk/wcsstore/argos/en_GB/images/icon_collection_grey.png","","http://www.argos.co.uk/wcsstore/argos/en_GB/images/green_arrow.png","","http://www.argos.co.uk/wcsstore/argos/en_GB/images/icon_collection_disabled.png","","http://www.argos.co.uk/wcsstore/argos/en_GB/images/grey_arrow.gif","","http://www.argos.co.uk/wcsstore/argos/en_GB/images/icon_delivery_grey.png","","http://www.argos.co.uk/wcsstore/argos/en_GB/images/icon_delivery_disabled.png","","+ Free Delivery","http://www.argos.co.uk/webapp/wcs/stores/servlet/ArgosProductPurchaseNoJS?storeId=10151&langId=110&catalogId=25051&URL=OrderItemDisplay&errorViewName=ArgosGenericErrorView&catEntryId=1336139&partNumber=4131786&quantity=1","Add To Trolley","Buy or Reserve Kurio Smart 9 Windows Tablet.","http://www.argos.co.uk/webapp/wcs/stores/servlet/ArgosProductPurchaseNoJS?storeId=10151&langId=110&catalogId=25051&URL=OrderItemDisplay&errorViewName=ArgosGenericErrorView&catEntryId=1336139&partNumber=4131786&quantity=1","Buy or Reserve","Buy or Reserve Kurio Smart 9 Windows Tablet.","http://www.argos.co.uk/static/Product/partNumber/4131786.htm","","more details on Kurio Smart 9 Windows Tablet.","http://argos.scene7.com/is/image/Argos/4131786_R_SET?$Listers$","more details on Kurio Smart 9 Windows Tablet.","Order now for delivery <span>within <span>2 days</span></span>","Reserve to collect in store","Compare"
"http://www.argos.co.uk/static/Product/partNumber/3099582.htm","Amazon Fire HD 8 - Black.","more details on Amazon Fire HD 8 - Black.","8","3099582","109.99","http://www.argos.co.uk/wcsstore/argos/en_GB/siteAssets/images/fasttrack_icon.png","Fast Track","Was","129.99","Save £20.00","20","http://www.argos.co.uk/static/Product/partNumber/3099582.htm#pdpProductReviews","(20)","","http://www.argos.co.uk/wcsstore/argos/en_GB/images/rating/stars/rating-4_8.gif","","20","+ 3 special offers","3","http://www.argos.co.uk/wcsstore/argos/en_GB/images/icon_collection_grey.png","","http://www.argos.co.uk/wcsstore/argos/en_GB/images/green_arrow.png","","http://www.argos.co.uk/wcsstore/argos/en_GB/images/icon_collection_disabled.png","","http://www.argos.co.uk/wcsstore/argos/en_GB/images/grey_arrow.gif","","http://www.argos.co.uk/wcsstore/argos/en_GB/images/icon_delivery_grey.png","","http://www.argos.co.uk/wcsstore/argos/en_GB/images/icon_delivery_disabled.png","","+ Free Delivery","http://www.argos.co.uk/webapp/wcs/stores/servlet/ArgosProductPurchaseNoJS?storeId=10151&langId=110&catalogId=25051&URL=OrderItemDisplay&errorViewName=ArgosGenericErrorView&catEntryId=1374027&partNumber=3099582&quantity=1","Add To Trolley","Buy or Reserve Amazon Fire HD 8 - Black.","http://www.argos.co.uk/webapp/wcs/stores/servlet/ArgosProductPurchaseNoJS?storeId=10151&langId=110&catalogId=25051&URL=OrderItemDisplay&errorViewName=ArgosGenericErrorView&catEntryId=1374027&partNumber=3099582&quantity=1","Buy or Reserve","Buy or Reserve Amazon Fire HD 8 - Black.","http://www.argos.co.uk/static/Product/partNumber/3099582.htm","","more details on Amazon Fire HD 8 - Black.","http://argos.scene7.com/is/image/Argos/3099582_R_SET?$Listers$","more details on Amazon Fire HD 8 - Black.","Order now for delivery <span>within <span>2 days</span></span>","Reserve to collect in store","Compare"
"http://www.argos.co.uk/static/Product/partNumber/5058882.htm","Acer Iconia One 7 Inch 16GB Tablet.","more details on Acer Iconia One 7 Inch 16GB Tablet.","7; 16","5058882","69.99","http://www.argos.co.uk/wcsstore/argos/en_GB/siteAssets/images/fasttrack_icon.png","Fast Track","Was","99.99","Save £30.00","30","http://www.argos.co.uk/static/Product/partNumber/5058882.htm#pdpProductReviews","(17)","","http://www.argos.co.uk/wcsstore/argos/en_GB/images/rating/stars/rating-4_6.gif","","17","+ 4 special offers","4","http://www.argos.co.uk/wcsstore/argos/en_GB/images/icon_collection_grey.png","","http://www.argos.co.uk/wcsstore/argos/en_GB/images/green_arrow.png","","http://www.argos.co.uk/wcsstore/argos/en_GB/images/icon_collection_disabled.png","","http://www.argos.co.uk/wcsstore/argos/en_GB/images/grey_arrow.gif","","http://www.argos.co.uk/wcsstore/argos/en_GB/images/icon_delivery_grey.png","","http://www.argos.co.uk/wcsstore/argos/en_GB/images/icon_delivery_disabled.png","","+ Free Delivery","http://www.argos.co.uk/webapp/wcs/stores/servlet/ArgosProductPurchaseNoJS?storeId=10151&langId=110&catalogId=25051&URL=OrderItemDisplay&errorViewName=ArgosGenericErrorView&catEntryId=1401435&partNumber=5058882&quantity=1","Add To Trolley","Buy or Reserve Acer Iconia One 7 Inch 16GB Tablet.","http://www.argos.co.uk/webapp/wcs/stores/servlet/ArgosProductPurchaseNoJS?storeId=10151&langId=110&catalogId=25051&URL=OrderItemDisplay&errorViewName=ArgosGenericErrorView&catEntryId=1401435&partNumber=5058882&quantity=1","Buy or Reserve","Buy or Reserve Acer Iconia One 7 Inch 16GB Tablet.","http://www.argos.co.uk/static/Product/partNumber/5058882.htm","","more details on Acer Iconia One 7 Inch 16GB Tablet.","http://argos.scene7.com/is/image/Argos/5058882_R_SET?$Listers$","more details on Acer Iconia One 7 Inch 16GB Tablet.","Currently out of stock for delivery","Reserve to collect in store","Compare"
"http://www.argos.co.uk/static/Product/partNumber/5056925.htm","Acer Iconia Tab 8 Inch Windows 10 32GB Tablet.","more details on Acer Iconia Tab 8 Inch Windows 10 32GB Tablet.","8; 10; 32","5056925","99.99","http://www.argos.co.uk/wcsstore/argos/en_GB/siteAssets/images/fasttrack_icon.png","Fast Track","Was","139.99","Save £40.00","40","http://www.argos.co.uk/static/Product/partNumber/5056925.htm#pdpProductReviews","(19)","","http://www.argos.co.uk/wcsstore/argos/en_GB/images/rating/stars/rating-4_2.gif","","19","+ 3 special offers","3","http://www.argos.co.uk/wcsstore/argos/en_GB/images/icon_collection_grey.png","","http://www.argos.co.uk/wcsstore/argos/en_GB/images/green_arrow.png","","http://www.argos.co.uk/wcsstore/argos/en_GB/images/icon_collection_disabled.png","","http://www.argos.co.uk/wcsstore/argos/en_GB/images/grey_arrow.gif","","http://www.argos.co.uk/wcsstore/argos/en_GB/images/icon_delivery_grey.png","","http://www.argos.co.uk/wcsstore/argos/en_GB/images/icon_delivery_disabled.png","","+ Free Delivery","http://www.argos.co.uk/webapp/wcs/stores/servlet/ArgosProductPurchaseNoJS?storeId=10151&langId=110&catalogId=25051&URL=OrderItemDisplay&errorViewName=ArgosGenericErrorView&catEntryId=1401437&partNumber=5056925&quantity=1","Add To Trolley","Buy or Reserve Acer Iconia Tab 8 Inch Windows 10 32GB Tablet.","http://www.argos.co.uk/webapp/wcs/stores/servlet/ArgosProductPurchaseNoJS?storeId=10151&langId=110&catalogId=25051&URL=OrderItemDisplay&errorViewName=ArgosGenericErrorView&catEntryId=1401437&partNumber=5056925&quantity=1","Buy or Reserve","Buy or Reserve Acer Iconia Tab 8 Inch Windows 10 32GB Tablet.","http://www.argos.co.uk/static/Product/partNumber/5056925.htm","","more details on Acer Iconia Tab 8 Inch Windows 10 32GB Tablet.","http://argos.scene7.com/is/image/Argos/5056925_R_SET?$Listers$","more details on Acer Iconia Tab 8 Inch Windows 10 32GB Tablet.","Order now for delivery <span>within <span>2 days</span></span>","Reserve to collect in store","Compare"
"http://www.argos.co.uk/static/Product/partNumber/5152070.htm","Acer Iconia One 7 Inch 16GB Tablet.","more details on Acer Iconia One 7 Inch 16GB Tablet.","7; 16","5152070","69.99","","","Was","99.99","Save £30.00","30","http://www.argos.co.uk/static/Product/partNumber/5152070.htm#pdpProductReviews","(14)","","http://www.argos.co.uk/wcsstore/argos/en_GB/images/rating/stars/rating-4_3.gif","","14","+ 4 special offers","4","http://www.argos.co.uk/wcsstore/argos/en_GB/images/icon_collection_grey.png","","http://www.argos.co.uk/wcsstore/argos/en_GB/images/green_arrow.png","","http://www.argos.co.uk/wcsstore/argos/en_GB/images/icon_collection_disabled.png","","http://www.argos.co.uk/wcsstore/argos/en_GB/images/grey_arrow.gif","","http://www.argos.co.uk/wcsstore/argos/en_GB/images/icon_delivery_grey.png","","http://www.argos.co.uk/wcsstore/argos/en_GB/images/icon_delivery_disabled.png","","+ Free Delivery","http://www.argos.co.uk/webapp/wcs/stores/servlet/ArgosProductPurchaseNoJS?storeId=10151&langId=110&catalogId=25051&URL=OrderItemDisplay&errorViewName=ArgosGenericErrorView&catEntryId=1401439&partNumber=5152070&quantity=1","Add To Trolley","Buy or Reserve Acer Iconia One 7 Inch 16GB Tablet.","http://www.argos.co.uk/webapp/wcs/stores/servlet/ArgosProductPurchaseNoJS?storeId=10151&langId=110&catalogId=25051&URL=OrderItemDisplay&errorViewName=ArgosGenericErrorView&catEntryId=1401439&partNumber=5152070&quantity=1","Buy or Reserve","Buy or Reserve Acer Iconia One 7 Inch 16GB Tablet.","http://www.argos.co.uk/static/Product/partNumber/5152070.htm","","more details on Acer Iconia One 7 Inch 16GB Tablet.","http://argos.scene7.com/is/image/Argos/5152070_R_SET?$Listers$","more details on Acer Iconia One 7 Inch 16GB Tablet.","Order now for delivery <span>within <span>2 days</span></span>","Reserve to collect in store","Compare"
"http://www.argos.co.uk/static/Product/partNumber/4967297.htm","Bush Eluma 8 Inch 32GB Wi-Fi Tablet.","more details on Bush Eluma 8 Inch 32GB Wi-Fi Tablet.","8; 32","4967297","79.99","http://www.argos.co.uk/wcsstore/argos/en_GB/siteAssets/images/fasttrack_icon.png","Fast Track","","","","","http://www.argos.co.uk/static/Product/partNumber/4967297.htm#pdpProductReviews","(18)","","http://www.argos.co.uk/wcsstore/argos/en_GB/images/rating/stars/rating-4_2.gif","","18","+ 4 special offers","4","http://www.argos.co.uk/wcsstore/argos/en_GB/images/icon_collection_grey.png","","http://www.argos.co.uk/wcsstore/argos/en_GB/images/green_arrow.png","","http://www.argos.co.uk/wcsstore/argos/en_GB/images/icon_collection_disabled.png","","http://www.argos.co.uk/wcsstore/argos/en_GB/images/grey_arrow.gif","","http://www.argos.co.uk/wcsstore/argos/en_GB/images/icon_delivery_grey.png","","http://www.argos.co.uk/wcsstore/argos/en_GB/images/icon_delivery_disabled.png","","+ Free Delivery","http://www.argos.co.uk/webapp/wcs/stores/servlet/ArgosProductPurchaseNoJS?storeId=10151&langId=110&catalogId=25051&URL=OrderItemDisplay&errorViewName=ArgosGenericErrorView&catEntryId=1406205&partNumber=4967297&quantity=1","Add To Trolley","Buy or Reserve Bush Eluma 8 Inch 32GB Wi-Fi Tablet.","http://www.argos.co.uk/webapp/wcs/stores/servlet/ArgosProductPurchaseNoJS?storeId=10151&langId=110&catalogId=25051&URL=OrderItemDisplay&errorViewName=ArgosGenericErrorView&catEntryId=1406205&partNumber=4967297&quantity=1","Buy or Reserve","Buy or Reserve Bush Eluma 8 Inch 32GB Wi-Fi Tablet.","http://www.argos.co.uk/static/Product/partNumber/4967297.htm","","more details on Bush Eluma 8 Inch 32GB Wi-Fi Tablet.","http://argos.scene7.com/is/image/Argos/4967297_R_SET?$Listers$","more details on Bush Eluma 8 Inch 32GB Wi-Fi Tablet.","Order now for delivery <span>within <span>2 days</span></span>","Reserve to collect in store","Compare"
"http://www.argos.co.uk/static/Product/partNumber/4984490.htm","Asus Zenpad 8 Inch 16GB Wi-Fi Tablet.","more details on Asus Zenpad 8 Inch 16GB Wi-Fi Tablet.","8; 16","4984490","119.99","http://www.argos.co.uk/wcsstore/argos/en_GB/siteAssets/images/fasttrack_icon.png","Fast Track","","","","","","","","","","","+ 4 special offers","4","http://www.argos.co.uk/wcsstore/argos/en_GB/images/icon_collection_grey.png","","http://www.argos.co.uk/wcsstore/argos/en_GB/images/green_arrow.png","","http://www.argos.co.uk/wcsstore/argos/en_GB/images/icon_collection_disabled.png","","http://www.argos.co.uk/wcsstore/argos/en_GB/images/grey_arrow.gif","","http://www.argos.co.uk/wcsstore/argos/en_GB/images/icon_delivery_grey.png","","http://www.argos.co.uk/wcsstore/argos/en_GB/images/icon_delivery_disabled.png","","+ Free Delivery","http://www.argos.co.uk/webapp/wcs/stores/servlet/ArgosProductPurchaseNoJS?storeId=10151&langId=110&catalogId=25051&URL=OrderItemDisplay&errorViewName=ArgosGenericErrorView&catEntryId=1408387&partNumber=4984490&quantity=1","Add To Trolley","Buy or Reserve Asus Zenpad 8 Inch 16GB Wi-Fi Tablet.","http://www.argos.co.uk/webapp/wcs/stores/servlet/ArgosProductPurchaseNoJS?storeId=10151&langId=110&catalogId=25051&URL=OrderItemDisplay&errorViewName=ArgosGenericErrorView&catEntryId=1408387&partNumber=4984490&quantity=1","Buy or Reserve","Buy or Reserve Asus Zenpad 8 Inch 16GB Wi-Fi Tablet.","http://www.argos.co.uk/static/Product/partNumber/4984490.htm","","more details on Asus Zenpad 8 Inch 16GB Wi-Fi Tablet.","http://argos.scene7.com/is/image/Argos/4984490_R_SET?$Listers$","more details on Asus Zenpad 8 Inch 16GB Wi-Fi Tablet.","Order now for delivery <span>within <span>2 days</span></span>","Reserve to collect in store","Compare"
"http://www.argos.co.uk/static/Product/partNumber/5062122.htm","Asus Zenpad 7 Inch 16GB Wi-Fi Tablet.","more details on Asus Zenpad 7 Inch 16GB Wi-Fi Tablet.","7; 16","5062122","99.99","http://www.argos.co.uk/wcsstore/argos/en_GB/siteAssets/images/fasttrack_icon.png","Fast Track","","","","","","","","","","","+ 4 special offers","4","http://www.argos.co.uk/wcsstore/argos/en_GB/images/icon_collection_grey.png","","http://www.argos.co.uk/wcsstore/argos/en_GB/images/green_arrow.png","","http://www.argos.co.uk/wcsstore/argos/en_GB/images/icon_collection_disabled.png","","http://www.argos.co.uk/wcsstore/argos/en_GB/images/grey_arrow.gif","","http://www.argos.co.uk/wcsstore/argos/en_GB/images/icon_delivery_grey.png","","http://www.argos.co.uk/wcsstore/argos/en_GB/images/icon_delivery_disabled.png","","+ Free Delivery","http://www.argos.co.uk/webapp/wcs/stores/servlet/ArgosProductPurchaseNoJS?storeId=10151&langId=110&catalogId=25051&URL=OrderItemDisplay&errorViewName=ArgosGenericErrorView&catEntryId=1408928&partNumber=5062122&quantity=1","Add To Trolley","Buy or Reserve Asus Zenpad 7 Inch 16GB Wi-Fi Tablet.","http://www.argos.co.uk/webapp/wcs/stores/servlet/ArgosProductPurchaseNoJS?storeId=10151&langId=110&catalogId=25051&URL=OrderItemDisplay&errorViewName=ArgosGenericErrorView&catEntryId=1408928&partNumber=5062122&quantity=1","Buy or Reserve","Buy or Reserve Asus Zenpad 7 Inch 16GB Wi-Fi Tablet.","http://www.argos.co.uk/static/Product/partNumber/5062122.htm","","more details on Asus Zenpad 7 Inch 16GB Wi-Fi Tablet.","http://www.argos.co.uk/wcsstore/argos/images/606-5062122-APP139T.jpg","more details on Asus Zenpad 7 Inch 16GB Wi-Fi Tablet.","Currently out of stock for delivery","Reserve to collect in store","Compare"