desc_link,desc_link/_text,desc_link/_title,desc_link_numbers,partnum_number,main_price,fasttrack_image,fasttrack_image/_alt,wasprice_value,wasprice_price,saveprice_value,saveprice_value_prices,customerrating_link,customerrating_link/_text,customerrating_link/_title,customerrating_image,customerrating_image/_alt,customerrating_number,specialoffercount_value,specialoffercount_value_numbers,image_1,image_1/_alt,image_2,image_2/_alt,image_3,image_3/_alt,image_4,image_4/_alt,image_5,image_5/_alt,image_6,image_6/_alt,delivery_value,addtotrolley_link,addtotrolley_link/_text,addtotrolley_link/_title,buyorreserve_link,buyorreserve_link/_text,buyorreserve_link/_title,image_link,image_link/_text,image_link/_title,image_7,image_7/_alt,ordering_value,storepickup_flag,compare_label
"http://www.argos.co.uk/static/Product/partNumber/5031689.htm","Bush 55 inch FVHD FHD LED TV","more details on Bush 55 inch FVHD FHD LED TV","55","5031689","364.99","http://www.argos.co.uk/wcsstore/argos/en_GB/siteAssets/images/fasttrack_icon.png","Fast Track","Was","699.99","Save £335.00","335","http://www.argos.co.uk/static/Product/partNumber/5031689.htm#pdpProductReviews","(14)","","http://www.argos.co.uk/wcsstore/argos/en_GB/images/rating/stars/rating-4_7.gif","","14","+ 5 special offers","5","http://www.argos.co.uk/wcsstore/argos/en_GB/images/icon_collection_grey.png","","http://www.argos.co.uk/wcsstore/argos/en_GB/images/green_arrow.png","","http://www.argos.co.uk/wcsstore/argos/en_GB/images/icon_collection_disabled.png","","http://www.argos.co.uk/wcsstore/argos/en_GB/images/grey_arrow.gif","","http://www.argos.co.uk/wcsstore/argos/en_GB/images/icon_delivery_grey.png","","http://www.argos.co.uk/wcsstore/argos/en_GB/images/icon_delivery_disabled.png","","","http://www.argos.co.uk/webapp/wcs/stores/servlet/ArgosProductPurchaseNoJS?storeId=10151&langId=110&catalogId=25051&URL=OrderItemDisplay&errorViewName=ArgosGenericErrorView&catEntryId=1387544&partNumber=5031689&quantity=1","Add To Trolley","Buy or Reserve Bush 55 inch FVHD FHD LED TV","http://www.argos.co.uk/webapp/wcs/stores/servlet/ArgosProductPurchaseNoJS?storeId=10151&langId=110&catalogId=25051&URL=OrderItemDisplay&errorViewName=ArgosGenericErrorView&catEntryId=1387544&partNumber=5031689&quantity=1","Buy or Reserve","Buy or Reserve Bush 55 inch FVHD FHD LED TV","http://www.argos.co.uk/static/Product/partNumber/5031689.htm","","more details on Bush 55 inch FVHD FHD LED TV","http://argos.scene7.com/is/image/Argos/5031689_R_SET?$Listers$","more details on Bush 55 inch FVHD FHD LED TV","Order now for delivery <span>within <span>2 days</span></span>","Reserve to collect in store","Compare"
"http://www.argos.co.uk/static/Product/partNumber/4643315.htm","Bush 40 inch FHD D-LED TV","more details on Bush 40 inch FHD D-LED TV","40","4643315","219.99","http://www.argos.co.uk/wcsstore/argos/en_GB/siteAssets/images/fasttrack_icon.png","Fast Track","Was","349.99","Save £130.00","130","http://www.argos.co.uk/static/Product/partNumber/4643315.htm#pdpProductReviews","(7)","","http://www.argos.co.uk/wcsstore/argos/en_GB/images/rating/stars/rating-4_6.gif","","7","+ 6 special offers","6","http://www.argos.co.uk/wcsstore/argos/en_GB/images/icon_collection_grey.png","","http://www.argos.co.uk/wcsstore/argos/en_GB/images/green_arrow.png","","http://www.argos.co.uk/wcsstore/argos/en_GB/images/icon_collection_disabled.png","","http://www.argos.co.uk/wcsstore/argos/en_GB/images/grey_arrow.gif","","http://www.argos.co.uk/wcsstore/argos/en_GB/images/icon_delivery_grey.png","","http://www.argos.co.uk/wcsstore/argos/en_GB/images/icon_delivery_disabled.png","","","http://www.argos.co.uk/webapp/wcs/stores/servlet/ArgosProductPurchaseNoJS?storeId=10151&langId=110&catalogId=25051&URL=OrderItemDisplay&errorViewName=ArgosGenericErrorView&catEntryId=1403899&partNumber=4643315&quantity=1","Add To Trolley","Buy or Reserve Bush 40 inch FHD D-LED TV","http://www.argos.co.uk/webapp/wcs/stores/servlet/ArgosProductPurchaseNoJS?storeId=10151&langId=110&catalogId=25051&URL=OrderItemDisplay&errorViewName=ArgosGenericErrorView&catEntryId=1403899&partNumber=4643315&quantity=1","Buy or Reserve","Buy or Reserve Bush 40 inch FHD D-LED TV","http://www.argos.co.uk/static/Product/partNumber/4643315.htm","","more details on Bush 40 inch FHD D-LED TV","http://argos.scene7.com/is/image/Argos/4643315_R_SET?$Listers$","more details on Bush 40 inch FHD D-LED TV","Order now for delivery <span>within <span>2 days</span></span>","Reserve to collect in store","Compare"
"http://www.argos.co.uk/static/Product/partNumber/3912339.htm","LG 49LF590V 49 Inch Full HD Freeview HD Smart TV.","more details on LG 49LF590V 49 Inch Full HD Freeview HD Smart TV.","49; 49","3912339","399","http://www.argos.co.uk/wcsstore/argos/en_GB/siteAssets/images/fasttrack_icon.png","Fast Track","Was","569","Save £170.00","170","http://www.argos.co.uk/static/Product/partNumber/3912339.htm#pdpProductReviews","(133)","","http://www.argos.co.uk/wcsstore/argos/en_GB/images/rating/stars/rating-4_8.gif","","133","+ 5 special offers","5","http://www.argos.co.uk/wcsstore/argos/en_GB/images/icon_collection_grey.png","","http://www.argos.co.uk/wcsstore/argos/en_GB/images/green_arrow.png","","http://www.argos.co.uk/wcsstore/argos/en_GB/images/icon_collection_disabled.png","","http://www.argos.co.uk/wcsstore/argos/en_GB/images/grey_arrow.gif","","http://www.argos.co.uk/wcsstore/argos/en_GB/images/icon_delivery_grey.png","","http://www.argos.co.uk/wcsstore/argos/en_GB/images/icon_delivery_disabled.png","","","http://www.argos.co.uk/webapp/wcs/stores/servlet/ArgosProductPurchaseNoJS?storeId=10151&langId=110&catalogId=25051&URL=OrderItemDisplay&errorViewName=ArgosGenericErrorView&catEntryId=1304059&partNumber=3912339&quantity=1","Add To Trolley","Buy or Reserve LG 49LF590V 49 Inch Full HD Freeview HD Smart TV.","http://www.argos.co.uk/webapp/wcs/stores/servlet/ArgosProductPurchaseNoJS?storeId=10151&langId=110&catalogId=25051&URL=OrderItemDisplay&errorViewName=ArgosGenericErrorView&catEntryId=1304059&partNumber=3912339&quantity=1","Buy or Reserve","Buy or Reserve LG 49LF590V 49 Inch Full HD Freeview HD Smart TV.","http://www.argos.co.uk/static/Product/partNumber/3912339.htm","","more details on LG 49LF590V 49 Inch Full HD Freeview HD Smart TV.","http://argos.scene7.com/is/image/Argos/3912339_R_SET?$Listers$","more details on LG 49LF590V 49 Inch Full HD Freeview HD Smart TV.","Order now for delivery <span>within <span>2 days</span></span>","Reserve to collect in store","Compare"
"http://www.argos.co.uk/static/Product/partNumber/3908271.htm","LG 49UF640V 49 Inch 4K Ultra HD Freeview HD Smart TV.","more details on LG 49UF640V 49 Inch 4K Ultra HD Freeview HD Smart TV.","49; 49; 4","3908271","499","http://www.argos.co.uk/wcsstore/argos/en_GB/siteAssets/images/fasttrack_icon.png","Fast Track","Was","629","Save £130.00","130","http://www.argos.co.uk/static/Product/partNumber/3908271.htm#pdpProductReviews","(119)","","http://www.argos.co.uk/wcsstore/argos/en_GB/images/rating/stars/rating-4_7.gif","","119","+ 6 special offers","6","http://www.argos.co.uk/wcsstore/argos/en_GB/images/icon_collection_grey.png","","http://www.argos.co.uk/wcsstore/argos/en_GB/images/green_arrow.png","","http://www.argos.co.uk/wcsstore/argos/en_GB/images/icon_collection_disabled.png","","http://www.argos.co.uk/wcsstore/argos/en_GB/images/grey_arrow.gif","","http://www.argos.co.uk/wcsstore/argos/en_GB/images/icon_delivery_grey.png","","http://www.argos.co.uk/wcsstore/argos/en_GB/images/icon_delivery_disabled.png","","","http://www.argos.co.uk/webapp/wcs/stores/servlet/ArgosProductPurchaseNoJS?storeId=10151&langId=110&catalogId=25051&URL=OrderItemDisplay&errorViewName=ArgosGenericErrorView&catEntryId=1319359&partNumber=3908271&quantity=1","Add To Trolley","Buy or Reserve LG 49UF640V 49 Inch 4K Ultra HD Freeview HD Smart TV.","http://www.argos.co.uk/webapp/wcs/stores/servlet/ArgosProductPurchaseNoJS?storeId=10151&langId=110&catalogId=25051&URL=OrderItemDisplay&errorViewName=ArgosGenericErrorView&catEntryId=1319359&partNumber=3908271&quantity=1","Buy or Reserve","Buy or Reserve LG 49UF640V 49 Inch 4K Ultra HD Freeview HD Smart TV.","http://www.argos.co.uk/static/Product/partNumber/3908271.htm","","more details on LG 49UF640V 49 Inch 4K Ultra HD Freeview HD Smart TV.","http://argos.scene7.com/is/image/Argos/3908271_R_SET?$Listers$","more details on LG 49UF640V 49 Inch 4K Ultra HD Freeview HD Smart TV.","Order now for delivery <span>within <span>2 days</span></span>","Reserve to collect in store","Compare"
"http://www.argos.co.uk/static/Product/partNumber/2398095.htm","Hitachi 42 Inch Full HD Freeview HD Smart TV.","more details on Hitachi 42 Inch Full HD Freeview HD Smart TV.","42","2398095","269.99","http://www.argos.co.uk/wcsstore/argos/en_GB/siteAssets/images/fasttrack_icon.png","Fast Track","","","","","http://www.argos.co.uk/static/Product/partNumber/2398095.htm#pdpProductReviews","(1253)","","http://www.argos.co.uk/wcsstore/argos/en_GB/images/rating/stars/rating-4_4.gif","","1253","+ 6 special offers","6","http://www.argos.co.uk/wcsstore/argos/en_GB/images/icon_collection_grey.png","","http://www.argos.co.uk/wcsstore/argos/en_GB/images/green_arrow.png","","http://www.argos.co.uk/wcsstore/argos/en_GB/images/icon_collection_disabled.png","","http://www.argos.co.uk/wcsstore/argos/en_GB/images/grey_arrow.gif","","http://www.argos.co.uk/wcsstore/argos/en_GB/images/icon_delivery_grey.png","","http://www.argos.co.uk/wcsstore/argos/en_GB/images/icon_delivery_disabled.png","","","http://www.argos.co.uk/webapp/wcs/stores/servlet/ArgosProductPurchaseNoJS?storeId=10151&langId=110&catalogId=25051&URL=OrderItemDisplay&errorViewName=ArgosGenericErrorView&catEntryId=1143228&partNumber=2398095&quantity=1","Add To Trolley","Buy or Reserve Hitachi 42 Inch Full HD Freeview HD Smart TV.","http://www.argos.co.uk/webapp/wcs/stores/servlet/ArgosProductPurchaseNoJS?storeId=10151&langId=110&catalogId=25051&URL=OrderItemDisplay&errorViewName=ArgosGenericErrorView&catEntryId=1143228&partNumber=2398095&quantity=1","Buy or Reserve","Buy or Reserve Hitachi 42 Inch Full HD Freeview HD Smart TV.","http://www.argos.co.uk/static/Product/partNumber/2398095.htm","","more details on Hitachi 42 Inch Full HD Freeview HD Smart TV.","http://argos.scene7.com/is/image/Argos/2398095_R_SET?$Listers$","more details on Hitachi 42 Inch Full HD Freeview HD Smart TV.","Order now for delivery <span>within <span>2 days</span></span>","Reserve to collect in store","Compare"
"http://www.argos.co.uk/static/Product/partNumber/3925041.htm","Philips 50PUT6400 50 Inch 4K UltraHD Smart Android TV","more details on Philips 50PUT6400 50 Inch 4K UltraHD Smart Android TV","50; 50; 4","3925041","549","http://www.argos.co.uk/wcsstore/argos/en_GB/siteAssets/images/fasttrack_icon.png","Fast Track","Was","599","Save £50.00","50","http://www.argos.co.uk/static/Product/partNumber/3925041.htm#pdpProductReviews","(73)","","http://www.argos.co.uk/wcsstore/argos/en_GB/images/rating/stars/rating-4_1.gif","","73","+ 6 special offers","6","http://www.argos.co.uk/wcsstore/argos/en_GB/images/icon_collection_grey.png","","http://www.argos.co.uk/wcsstore/argos/en_GB/images/green_arrow.png","","http://www.argos.co.uk/wcsstore/argos/en_GB/images/icon_collection_disabled.png","","http://www.argos.co.uk/wcsstore/argos/en_GB/images/grey_arrow.gif","","http://www.argos.co.uk/wcsstore/argos/en_GB/images/icon_delivery_grey.png","","http://www.argos.co.uk/wcsstore/argos/en_GB/images/icon_delivery_disabled.png","","+ Free Delivery","http://www.argos.co.uk/webapp/wcs/stores/servlet/ArgosProductPurchaseNoJS?storeId=10151&langId=110&catalogId=25051&URL=OrderItemDisplay&errorViewName=ArgosGenericErrorView&catEntryId=1331097&partNumber=3925041&quantity=1","Add To Trolley","Buy or Reserve Philips 50PUT6400 50 Inch 4K UltraHD Smart Android TV","http://www.argos.co.uk/webapp/wcs/stores/servlet/ArgosProductPurchaseNoJS?storeId=10151&langId=110&catalogId=25051&URL=OrderItemDisplay&errorViewName=ArgosGenericErrorView&catEntryId=1331097&partNumber=3925041&quantity=1","Buy or Reserve","Buy or Reserve Philips 50PUT6400 50 Inch 4K UltraHD Smart Android TV","http://www.argos.co.uk/static/Product/partNumber/3925041.htm","","more details on Philips 50PUT6400 50 Inch 4K UltraHD Smart Android TV","http://argos.scene7.com/is/image/Argos/3925041_R_SET?$Listers$","more details on Philips 50PUT6400 50 Inch 4K UltraHD Smart Android TV","Order now for delivery <span>within <span>2 days</span></span>","Reserve to collect in store","Compare"
"http://www.argos.co.uk/static/Product/partNumber/4362311.htm","Philips 55PUT6400 55 Inch 4K UltraHD Smart Android TV","more details on Philips 55PUT6400 55 Inch 4K UltraHD Smart Android TV","55; 55; 4","4362311","629","http://www.argos.co.uk/wcsstore/argos/en_GB/siteAssets/images/fasttrack_icon.png","Fast Track","Was","749","Save £120.00","120","http://www.argos.co.uk/static/Product/partNumber/4362311.htm#pdpProductReviews","(61)","","http://www.argos.co.uk/wcsstore/argos/en_GB/images/rating/stars/rating-4_2.gif","","61","+ 5 special offers","5","http://www.argos.co.uk/wcsstore/argos/en_GB/images/icon_collection_grey.png","","http://www.argos.co.uk/wcsstore/argos/en_GB/images/green_arrow.png","","http://www.argos.co.uk/wcsstore/argos/en_GB/images/icon_collection_disabled.png","","http://www.argos.co.uk/wcsstore/argos/en_GB/images/grey_arrow.gif","","http://www.argos.co.uk/wcsstore/argos/en_GB/images/icon_delivery_grey.png","","http://www.argos.co.uk/wcsstore/argos/en_GB/images/icon_delivery_disabled.png","","+ Free Delivery","http://www.argos.co.uk/webapp/wcs/stores/servlet/ArgosProductPurchaseNoJS?storeId=10151&langId=110&catalogId=25051&URL=OrderItemDisplay&errorViewName=ArgosGenericErrorView&catEntryId=1313813&partNumber=4362311&quantity=1","Add To Trolley","Buy or Reserve Philips 55PUT6400 55 Inch 4K UltraHD Smart Android TV","http://www.argos.co.uk/webapp/wcs/stores/servlet/ArgosProductPurchaseNoJS?storeId=10151&langId=110&catalogId=25051&URL=OrderItemDisplay&errorViewName=ArgosGenericErrorView&catEntryId=1313813&partNumber=4362311&quantity=1","Buy or Reserve","Buy or Reserve Philips 55PUT6400 55 Inch 4K UltraHD Smart Android TV","http://www.argos.co.uk/static/Product/partNumber/4362311.htm","","more details on Philips 55PUT6400 55 Inch 4K UltraHD Smart Android TV","http://argos.scene7.com/is/image/Argos/4362311_R_SET?$Listers$","more details on Philips 55PUT6400 55 Inch 4K UltraHD Smart Android TV","Order now for delivery <span>within <span>2 days</span></span>","Reserve to collect in store","Compare"
"http://www.argos.co.uk/static/Product/partNumber/4558912.htm","Philips 55PUT4900 55 Inch 4K Ultra HD Freeview HD TV","more details on Philips 55PUT4900 55 Inch 4K Ultra HD Freeview HD TV","55; 55; 4","4558912","479","http://www.argos.co.uk/wcsstore/argos/en_GB/siteAssets/images/fasttrack_icon.png","Fast Track","Was","649","Save £170.00","170","http://www.argos.co.uk/static/Product/partNumber/4558912.htm#pdpProductReviews","(42)","","http://www.argos.co.uk/wcsstore/argos/en_GB/images/rating/stars/rating-4_3.gif","","42","+ 5 special offers","5","http://www.argos.co.uk/wcsstore/argos/en_GB/images/icon_collection_grey.png","","http://www.argos.co.uk/wcsstore/argos/en_GB/images/green_arrow.png","","http://www.argos.co.uk/wcsstore/argos/en_GB/images/icon_collection_disabled.png","","http://www.argos.co.uk/wcsstore/argos/en_GB/images/grey_arrow.gif","","http://www.argos.co.uk/wcsstore/argos/en_GB/images/icon_delivery_grey.png","","http://www.argos.co.uk/wcsstore/argos/en_GB/images/icon_delivery_disabled.png","","","http://www.argos.co.uk/webapp/wcs/stores/servlet/ArgosProductPurchaseNoJS?storeId=10151&langId=110&catalogId=25051&URL=OrderItemDisplay&errorViewName=ArgosGenericErrorView&catEntryId=1387515&partNumber=4558912&quantity=1","Add To Trolley","Buy or Reserve Philips 55PUT4900 55 Inch 4K Ultra HD Freeview HD TV","http://www.argos.co.uk/webapp/wcs/stores/servlet/ArgosProductPurchaseNoJS?storeId=10151&langId=110&catalogId=25051&URL=OrderItemDisplay&errorViewName=ArgosGenericErrorView&catEntryId=1387515&partNumber=4558912&quantity=1","Buy or Reserve","Buy or Reserve Philips 55PUT4900 55 Inch 4K Ultra HD Freeview HD TV","http://www.argos.co.uk/static/Product/partNumber/4558912.htm","","more details on Philips 55PUT4900 55 Inch 4K Ultra HD Freeview HD TV","http://argos.scene7.com/is/image/Argos/4558912_R_SET?$Listers$","more details on Philips 55PUT4900 55 Inch 4K Ultra HD Freeview HD TV","Order now for delivery <span>within <span>2 days</span></span>","Reserve to collect in store","Compare"
"http://www.argos.co.uk/static/Product/partNumber/2687720.htm","Bush 24 inch HD Ready Smart TV with DVD Player - Black.","more details on Bush 24 inch HD Ready Smart TV with DVD Player - Black.","24","2687720","159.99","http://www.argos.co.uk/wcsstore/argos/en_GB/siteAssets/images/fasttrack_icon.png","Fast Track","","","","","http://www.argos.co.uk/static/Product/partNumber/2687720.htm#pdpProductReviews","(573)","","http://www.argos.co.uk/wcsstore/argos/en_GB/images/rating/stars/rating-4_5.gif","","573","+ 3 special offers","3","http://www.argos.co.uk/wcsstore/argos/en_GB/images/icon_collection_grey.png","","http://www.argos.co.uk/wcsstore/argos/en_GB/images/green_arrow.png","","http://www.argos.co.uk/wcsstore/argos/en_GB/images/icon_collection_disabled.png","","http://www.argos.co.uk/wcsstore/argos/en_GB/images/grey_arrow.gif","","http://www.argos.co.uk/wcsstore/argos/en_GB/images/icon_delivery_grey.png","","http://www.argos.co.uk/wcsstore/argos/en_GB/images/icon_delivery_disabled.png","","","http://www.argos.co.uk/webapp/wcs/stores/servlet/ArgosProductPurchaseNoJS?storeId=10151&langId=110&catalogId=25051&URL=OrderItemDisplay&errorViewName=ArgosGenericErrorView&catEntryId=1143214&partNumber=2687720&quantity=1","Add To Trolley","Buy or Reserve Bush 24 inch HD Ready Smart TV with DVD Player - Black.","http://www.argos.co.uk/webapp/wcs/stores/servlet/ArgosProductPurchaseNoJS?storeId=10151&langId=110&catalogId=25051&URL=OrderItemDisplay&errorViewName=ArgosGenericErrorView&catEntryId=1143214&partNumber=2687720&quantity=1","Buy or Reserve","Buy or Reserve Bush 24 inch HD Ready Smart TV with DVD Player - Black.","http://www.argos.co.uk/static/Product/partNumber/2687720.htm","","more details on Bush 24 inch HD Ready Smart TV with DVD Player - Black.","http://argos.scene7.com/is/image/Argos/2687720_R_SET?$Listers$","more details on Bush 24 inch HD Ready Smart TV with DVD Player - Black.","Order now for delivery <span>within <span>2 days</span></span>","Reserve to collect in store","Compare"
"http://www.argos.co.uk/static/Product/partNumber/4277798.htm","Hitachi 55HZT66U 55 Inch Full HD Freeview HD Smart TV.","more details on Hitachi 55HZT66U 55 Inch Full HD Freeview HD Smart TV.","55; 55","4277798","449.99","http://www.argos.co.uk/wcsstore/argos/en_GB/siteAssets/images/fasttrack_icon.png","Fast Track","Was","599.99","Save 25%","","http://www.argos.co.uk/static/Product/partNumber/4277798.htm#pdpProductReviews","(16)","","http://www.argos.co.uk/wcsstore/argos/en_GB/images/rating/stars/rating-4_9.gif","","16","+ 5 special offers","5","http://www.argos.co.uk/wcsstore/argos/en_GB/images/icon_collection_grey.png","","http://www.argos.co.uk/wcsstore/argos/en_GB/images/green_arrow.png","","http://www.argos.co.uk/wcsstore/argos/en_GB/images/icon_collection_disabled.png","","http://www.argos.co.uk/wcsstore/argos/en_GB/images/grey_arrow.gif","","http://www.argos.co.uk/wcsstore/argos/en_GB/images/icon_delivery_grey.png","","http://www.argos.co.uk/wcsstore/argos/en_GB/images/icon_delivery_disabled.png","","","http://www.argos.co.uk/webapp/wcs/stores/servlet/ArgosProductPurchaseNoJS?storeId=10151&langId=110&catalogId=25051&URL=OrderItemDisplay&errorViewName=ArgosGenericErrorView&catEntryId=1324081&partNumber=4277798&quantity=1","Add To Trolley","Buy or Reserve Hitachi 55HZT66U 55 Inch Full HD Freeview HD Smart TV.","http://www.argos.co.uk/webapp/wcs/stores/servlet/ArgosProductPurchaseNoJS?storeId=10151&langId=110&catalogId=25051&URL=OrderItemDisplay&errorViewName=ArgosGenericErrorView&catEntryId=1324081&partNumber=4277798&quantity=1","Buy or Reserve","Buy or Reserve Hitachi 55HZT66U 55 Inch Full HD Freeview HD Smart TV.","http://www.argos.co.uk/static/Product/partNumber/4277798.htm","","more details on Hitachi 55HZT66U 55 Inch Full HD Freeview HD Smart TV.","http://argos.scene7.com/is/image/Argos/4277798_R_SET?$Listers$","more details on Hitachi 55HZT66U 55 Inch Full HD Freeview HD Smart TV.","Currently out of stock for delivery","Reserve to collect in store","Compare"
"http://www.argos.co.uk/static/Product/partNumber/4296511.htm","Alba 22' FHD LED Combi","more details on Alba 22' FHD LED Combi","22","4296511","119.99","http://www.argos.co.uk/wcsstore/argos/en_GB/siteAssets/images/fasttrack_icon.png","Fast Track","Was","129.99","Save £10.00","10","http://www.argos.co.uk/static/Product/partNumber/4296511.htm#pdpProductReviews","(81)","","http://www.argos.co.uk/wcsstore/argos/en_GB/images/rating/stars/rating-4_6.gif","","81","+ 3 special offers","3","http://www.argos.co.uk/wcsstore/argos/en_GB/images/icon_collection_grey.png","","http://www.argos.co.uk/wcsstore/argos/en_GB/images/green_arrow.png","","http://www.argos.co.uk/wcsstore/argos/en_GB/images/icon_collection_disabled.png","","http://www.argos.co.uk/wcsstore/argos/en_GB/images/grey_arrow.gif","","http://www.argos.co.uk/wcsstore/argos/en_GB/images/icon_delivery_grey.png","","http://www.argos.co.uk/wcsstore/argos/en_GB/images/icon_delivery_disabled.png","","","http://www.argos.co.uk/webapp/wcs/stores/servlet/ArgosProductPurchaseNoJS?storeId=10151&langId=110&catalogId=25051&URL=OrderItemDisplay&errorViewName=ArgosGenericErrorView&catEntryId=1335557&partNumber=4296511&quantity=1","Add To Trolley","Buy or Reserve Alba 22' FHD LED Combi","http://www.argos.co.uk/webapp/wcs/stores/servlet/ArgosProductPurchaseNoJS?storeId=10151&langId=110&catalogId=25051&URL=OrderItemDisplay&errorViewName=ArgosGenericErrorView&catEntryId=1335557&partNumber=4296511&quantity=1","Buy or Reserve","Buy or Reserve Alba 22' FHD LED Combi","http://www.argos.co.uk/static/Product/partNumber/4296511.htm","","more details on Alba 22' FHD LED Combi","http://argos.scene7.com/is/image/Argos/4296511_R_SET?$Listers$","more details on Alba 22' FHD LED Combi","Order now for delivery <span>within <span>2 days</span></span>","Reserve to collect in store","Compare"
"http://www.argos.co.uk/static/Product/partNumber/5194722.htm","Hisense 55EC591U 55 Inch 4K Ultra HD Smart LED TV.","more details on Hisense 55EC591U 55 Inch 4K Ultra HD Smart LED TV.","55; 55; 4","5194722","499","http://www.argos.co.uk/wcsstore/argos/en_GB/siteAssets/images/fasttrack_icon.png","Fast Track","","","","","","","","","","","","","http://www.argos.co.uk/wcsstore/argos/en_GB/images/icon_collection_grey.png","","http://www.argos.co.uk/wcsstore/argos/en_GB/images/green_arrow.png","","http://www.argos.co.uk/wcsstore/argos/en_GB/images/icon_collection_disabled.png","","http://www.argos.co.uk/wcsstore/argos/en_GB/images/grey_arrow.gif","","http://www.argos.co.uk/wcsstore/argos/en_GB/images/icon_delivery_grey.png","","http://www.argos.co.uk/wcsstore/argos/en_GB/images/icon_delivery_disabled.png","","","http://www.argos.co.uk/webapp/wcs/stores/servlet/ArgosProductPurchaseNoJS?storeId=10151&langId=110&catalogId=25051&URL=OrderItemDisplay&errorViewName=ArgosGenericErrorView&catEntryId=1419637&partNumber=5194722&quantity=1","Add To Trolley","Buy or Reserve Hisense 55EC591U 55 Inch 4K Ultra HD Smart LED TV.","http://www.argos.co.uk/webapp/wcs/stores/servlet/ArgosProductPurchaseNoJS?storeId=10151&langId=110&catalogId=25051&URL=OrderItemDisplay&errorViewName=ArgosGenericErrorView&catEntryId=1419637&partNumber=5194722&quantity=1","Buy or Reserve","Buy or Reserve Hisense 55EC591U 55 Inch 4K Ultra HD Smart LED TV.","http://www.argos.co.uk/static/Product/partNumber/5194722.htm","","more details on Hisense 55EC591U 55 Inch 4K Ultra HD Smart LED TV.","http://argos.scene7.com/is/image/Argos/5194722_R_SET?$Listers$","more details on Hisense 55EC591U 55 Inch 4K Ultra HD Smart LED TV.","Order now for delivery <span>within <span>2 days</span></span>","Reserve to collect in store","Compare"
"http://www.argos.co.uk/static/Product/partNumber/4286112.htm","Bush 55in Smart FHD LED TV","more details on Bush 55in Smart FHD LED TV","55","4286112","429.99","http://www.argos.co.uk/wcsstore/argos/en_GB/siteAssets/images/fasttrack_icon.png","Fast Track","Was","549.99","Save £120.00","120","http://www.argos.co.uk/static/Product/partNumber/4286112.htm#pdpProductReviews","(35)","","http://www.argos.co.uk/wcsstore/argos/en_GB/images/rating/stars/rating-4_6.gif","","35","+ 5 special offers","5","http://www.argos.co.uk/wcsstore/argos/en_GB/images/icon_collection_grey.png","","http://www.argos.co.uk/wcsstore/argos/en_GB/images/green_arrow.png","","http://www.argos.co.uk/wcsstore/argos/en_GB/images/icon_collection_disabled.png","","http://www.argos.co.uk/wcsstore/argos/en_GB/images/grey_arrow.gif","","http://www.argos.co.uk/wcsstore/argos/en_GB/images/icon_delivery_grey.png","","http://www.argos.co.uk/wcsstore/argos/en_GB/images/icon_delivery_disabled.png","","","http://www.argos.co.uk/webapp/wcs/stores/servlet/ArgosProductPurchaseNoJS?storeId=10151&langId=110&catalogId=25051&URL=OrderItemDisplay&errorViewName=ArgosGenericErrorView&catEntryId=1300518&partNumber=4286112&quantity=1","Add To Trolley","Buy or Reserve Bush 55in Smart FHD LED TV","http://www.argos.co.uk/webapp/wcs/stores/servlet/ArgosProductPurchaseNoJS?storeId=10151&langId=110&catalogId=25051&URL=OrderItemDisplay&errorViewName=ArgosGenericErrorView&catEntryId=1300518&partNumber=4286112&quantity=1","Buy or Reserve","Buy or Reserve Bush 55in Smart FHD LED TV","http://www.argos.co.uk/static/Product/partNumber/4286112.htm","","more details on Bush 55in Smart FHD LED TV","http://argos.scene7.com/is/image/Argos/4286112_R_SET?$Listers$","more details on Bush 55in Smart FHD LED TV","Order now for delivery <span>within <span>2 days</span></span>","Reserve to collect in store","Compare"
"http://www.argos.co.uk/static/Product/partNumber/4484811.htm","Toshiba 48U7653DB Ultra HD 48 inch TV.","more details on Toshiba 48U7653DB Ultra HD 48 inch TV.","48; 48","4484811","429","http://www.argos.co.uk/wcsstore/argos/en_GB/siteAssets/images/fasttrack_icon.png","Fast Track","Was","699","Save £270.00","270","http://www.argos.co.uk/static/Product/partNumber/4484811.htm#pdpProductReviews","(85)","","http://www.argos.co.uk/wcsstore/argos/en_GB/images/rating/stars/rating-4_4.gif","","85","+ 4 special offers","4","http://www.argos.co.uk/wcsstore/argos/en_GB/images/icon_collection_grey.png","","http://www.argos.co.uk/wcsstore/argos/en_GB/images/green_arrow.png","","http://www.argos.co.uk/wcsstore/argos/en_GB/images/icon_collection_disabled.png","","http://www.argos.co.uk/wcsstore/argos/en_GB/images/grey_arrow.gif","","http://www.argos.co.uk/wcsstore/argos/en_GB/images/icon_delivery_grey.png","","http://www.argos.co.uk/wcsstore/argos/en_GB/images/icon_delivery_disabled.png","","","http://www.argos.co.uk/webapp/wcs/stores/servlet/ArgosProductPurchaseNoJS?storeId=10151&langId=110&catalogId=25051&URL=OrderItemDisplay&errorViewName=ArgosGenericErrorView&catEntryId=1379103&partNumber=4484811&quantity=1","Add To Trolley","Buy or Reserve Toshiba 48U7653DB Ultra HD 48 inch TV.","http://www.argos.co.uk/webapp/wcs/stores/servlet/ArgosProductPurchaseNoJS?storeId=10151&langId=110&catalogId=25051&URL=OrderItemDisplay&errorViewName=ArgosGenericErrorView&catEntryId=1379103&partNumber=4484811&quantity=1","Buy or Reserve","Buy or Reserve Toshiba 48U7653DB Ultra HD 48 inch TV.","http://www.argos.co.uk/static/Product/partNumber/4484811.htm","","more details on Toshiba 48U7653DB Ultra HD 48 inch TV.","http://argos.scene7.com/is/image/Argos/4484811_R_SET?$Listers$","more details on Toshiba 48U7653DB Ultra HD 48 inch TV.","Order now for delivery <span>within <span>2 days</span></span>","Reserve to collect in store","Compare"
"http://www.argos.co.uk/static/Product/partNumber/4121253.htm","Bush 50 Inch 4K Ultra HD LED TV.","more details on Bush 50 Inch 4K Ultra HD LED TV.","50; 4","4121253","449.99","http://www.argos.co.uk/wcsstore/argos/en_GB/siteAssets/images/fasttrack_icon.png","Fast Track","Was","549.99","Save £100.00","100","http://www.argos.co.uk/static/Product/partNumber/4121253.htm#pdpProductReviews","(12)","","http://www.argos.co.uk/wcsstore/argos/en_GB/images/rating/stars/rating-4_4.gif","","12","","","http://www.argos.co.uk/wcsstore/argos/en_GB/images/icon_collection_grey.png","","http://www.argos.co.uk/wcsstore/argos/en_GB/images/green_arrow.png","","http://www.argos.co.uk/wcsstore/argos/en_GB/images/icon_collection_disabled.png","","http://www.argos.co.uk/wcsstore/argos/en_GB/images/grey_arrow.gif","","http://www.argos.co.uk/wcsstore/argos/en_GB/images/icon_delivery_grey.png","","http://www.argos.co.uk/wcsstore/argos/en_GB/images/icon_delivery_disabled.png","","+ Free Delivery","http://www.argos.co.uk/webapp/wcs/stores/servlet/ArgosProductPurchaseNoJS?storeId=10151&langId=110&catalogId=25051&URL=OrderItemDisplay&errorViewName=ArgosGenericErrorView&catEntryId=1335231&partNumber=4121253&quantity=1","Add To Trolley","Buy or Reserve Bush 50 Inch 4K Ultra HD LED TV.","http://www.argos.co.uk/webapp/wcs/stores/servlet/ArgosProductPurchaseNoJS?storeId=10151&langId=110&catalogId=25051&URL=OrderItemDisplay&errorViewName=ArgosGenericErrorView&catEntryId=1335231&partNumber=4121253&quantity=1","Buy or Reserve","Buy or Reserve Bush 50 Inch 4K Ultra HD LED TV.","http://www.argos.co.uk/static/Product/partNumber/4121253.htm","","more details on Bush 50 Inch 4K Ultra HD LED TV.","http://argos.scene7.com/is/image/Argos/4121253_R_SET?$Listers$","more details on Bush 50 Inch 4K Ultra HD LED TV.","Order now for delivery <span>within <span>2 days</span></span>","Reserve to collect in store","Compare"
"http://www.argos.co.uk/static/Product/partNumber/3927427.htm","Philips 40PFH4100/88 40 Inch Full HD TV.","more details on Philips 40PFH4100/88 40 Inch Full HD TV.","40; 40","3927427","229","http://www.argos.co.uk/wcsstore/argos/en_GB/siteAssets/images/fasttrack_icon.png","Fast Track","Was","259","Save £30.00","30","http://www.argos.co.uk/static/Product/partNumber/3927427.htm#pdpProductReviews","(31)","","http://www.argos.co.uk/wcsstore/argos/en_GB/images/rating/stars/rating-4_3.gif","","31","+ 6 special offers","6","http://www.argos.co.uk/wcsstore/argos/en_GB/images/icon_collection_grey.png","","http://www.argos.co.uk/wcsstore/argos/en_GB/images/green_arrow.png","","http://www.argos.co.uk/wcsstore/argos/en_GB/images/icon_collection_disabled.png","","http://www.argos.co.uk/wcsstore/argos/en_GB/images/grey_arrow.gif","","http://www.argos.co.uk/wcsstore/argos/en_GB/images/icon_delivery_grey.png","","http://www.argos.co.uk/wcsstore/argos/en_GB/images/icon_delivery_disabled.png","","","http://www.argos.co.uk/webapp/wcs/stores/servlet/ArgosProductPurchaseNoJS?storeId=10151&langId=110&catalogId=25051&URL=OrderItemDisplay&errorViewName=ArgosGenericErrorView&catEntryId=1304181&partNumber=3927427&quantity=1","Add To Trolley","Buy or Reserve Philips 40PFH4100/88 40 Inch Full HD TV.","http://www.argos.co.uk/webapp/wcs/stores/servlet/ArgosProductPurchaseNoJS?storeId=10151&langId=110&catalogId=25051&URL=OrderItemDisplay&errorViewName=ArgosGenericErrorView&catEntryId=1304181&partNumber=3927427&quantity=1","Buy or Reserve","Buy or Reserve Philips 40PFH4100/88 40 Inch Full HD TV.","http://www.argos.co.uk/static/Product/partNumber/3927427.htm","","more details on Philips 40PFH4100/88 40 Inch Full HD TV.","http://argos.scene7.com/is/image/Argos/3927427_R_SET?$Listers$","more details on Philips 40PFH4100/88 40 Inch Full HD TV.","Order now for delivery <span>within <span>2 days</span></span>","Reserve to collect in store","Compare"
"http://www.argos.co.uk/static/Product/partNumber/3828007.htm","Sony KDL50W755C 50 Inch Full HD Freeview HD Smart TV.","more details on Sony KDL50W755C 50 Inch Full HD Freeview HD Smart TV.","50","3828007","529","","","Was","649","Save £120.00","120","http://www.argos.co.uk/static/Product/partNumber/3828007.htm#pdpProductReviews","(78)","","http://www.argos.co.uk/wcsstore/argos/en_GB/images/rating/stars/rating-4_3.gif","","78","+ 6 special offers","6","http://www.argos.co.uk/wcsstore/argos/en_GB/images/icon_collection_grey.png","","http://www.argos.co.uk/wcsstore/argos/en_GB/images/green_arrow.png","","http://www.argos.co.uk/wcsstore/argos/en_GB/images/icon_collection_disabled.png","","http://www.argos.co.uk/wcsstore/argos/en_GB/images/grey_arrow.gif","","http://www.argos.co.uk/wcsstore/argos/en_GB/images/icon_delivery_grey.png","","http://www.argos.co.uk/wcsstore/argos/en_GB/images/icon_delivery_disabled.png","","","http://www.argos.co.uk/webapp/wcs/stores/servlet/ArgosProductPurchaseNoJS?storeId=10151&langId=110&catalogId=25051&URL=OrderItemDisplay&errorViewName=ArgosGenericErrorView&catEntryId=1315059&partNumber=3828007&quantity=1","Add To Trolley","Buy or Reserve Sony KDL50W755C 50 Inch Full HD Freeview HD Smart TV.","http://www.argos.co.uk/webapp/wcs/stores/servlet/ArgosProductPurchaseNoJS?storeId=10151&langId=110&catalogId=25051&URL=OrderItemDisplay&errorViewName=ArgosGenericErrorView&catEntryId=1315059&partNumber=3828007&quantity=1","Buy or Reserve","Buy or Reserve Sony KDL50W755C 50 Inch Full HD Freeview HD Smart TV.","http://www.argos.co.uk/static/Product/partNumber/3828007.htm","","more details on Sony KDL50W755C 50 Inch Full HD Freeview HD Smart TV.","http://argos.scene7.com/is/image/Argos/3828007_R_SET?$Listers$","more details on Sony KDL50W755C 50 Inch Full HD Freeview HD Smart TV.","Currently out of stock for delivery","Reserve to collect in store","Compare"
"http://www.argos.co.uk/static/Product/partNumber/4269225.htm","Toshiba 22D1333 22 Inch Full HD LED TV/DVD Combi.","more details on Toshiba 22D1333 22 Inch Full HD LED TV/DVD Combi.","22; 22","4269225","129","http://www.argos.co.uk/wcsstore/argos/en_GB/siteAssets/images/fasttrack_icon.png","Fast Track","Was","149","Save £20.00","20","http://www.argos.co.uk/static/Product/partNumber/4269225.htm#pdpProductReviews","(38)","","http://www.argos.co.uk/wcsstore/argos/en_GB/images/rating/stars/rating-4_4.gif","","38","+ 3 special offers","3","http://www.argos.co.uk/wcsstore/argos/en_GB/images/icon_collection_grey.png","","http://www.argos.co.uk/wcsstore/argos/en_GB/images/green_arrow.png","","http://www.argos.co.uk/wcsstore/argos/en_GB/images/icon_collection_disabled.png","","http://www.argos.co.uk/wcsstore/argos/en_GB/images/grey_arrow.gif","","http://www.argos.co.uk/wcsstore/argos/en_GB/images/icon_delivery_grey.png","","http://www.argos.co.uk/wcsstore/argos/en_GB/images/icon_delivery_disabled.png","","","http://www.argos.co.uk/webapp/wcs/stores/servlet/ArgosProductPurchaseNoJS?storeId=10151&langId=110&catalogId=25051&URL=OrderItemDisplay&errorViewName=ArgosGenericErrorView&catEntryId=1338503&partNumber=4269225&quantity=1","Add To Trolley","Buy or Reserve Toshiba 22D1333 22 Inch Full HD LED TV/DVD Combi.","http://www.argos.co.uk/webapp/wcs/stores/servlet/ArgosProductPurchaseNoJS?storeId=10151&langId=110&catalogId=25051&URL=OrderItemDisplay&errorViewName=ArgosGenericErrorView&catEntryId=1338503&partNumber=4269225&quantity=1","Buy or Reserve","Buy or Reserve Toshiba 22D1333 22 Inch Full HD LED TV/DVD Combi.","http://www.argos.co.uk/static/Product/partNumber/4269225.htm","","more details on Toshiba 22D1333 22 Inch Full HD LED TV/DVD Combi.","http://argos.scene7.com/is/image/Argos/4269225_R_SET?$Listers$","more details on Toshiba 22D1333 22 Inch Full HD LED TV/DVD Combi.","Order now for delivery <span>within <span>2 days</span></span>","Reserve to collect in store","Compare"
"http://www.argos.co.uk/static/Product/partNumber/4487605.htm","Bush 40 Inch 4K UHD Freeview HD Smart LED TV.","more details on Bush 40 Inch 4K UHD Freeview HD Smart LED TV.","40; 4","4487605","339.99","http://www.argos.co.uk/wcsstore/argos/en_GB/siteAssets/images/fasttrack_icon.png","Fast Track","Was","399","Save £59.00","59","http://www.argos.co.uk/static/Product/partNumber/4487605.htm#pdpProductReviews","(72)","","http://www.argos.co.uk/wcsstore/argos/en_GB/images/rating/stars/rating-4_1.gif","","72","+ 6 special offers","6","http://www.argos.co.uk/wcsstore/argos/en_GB/images/icon_collection_grey.png","","http://www.argos.co.uk/wcsstore/argos/en_GB/images/green_arrow.png","","http://www.argos.co.uk/wcsstore/argos/en_GB/images/icon_collection_disabled.png","","http://www.argos.co.uk/wcsstore/argos/en_GB/images/grey_arrow.gif","","http://www.argos.co.uk/wcsstore/argos/en_GB/images/icon_delivery_grey.png","","http://www.argos.co.uk/wcsstore/argos/en_GB/images/icon_delivery_disabled.png","","","http://www.argos.co.uk/webapp/wcs/stores/servlet/ArgosProductPurchaseNoJS?storeId=10151&langId=110&catalogId=25051&URL=OrderItemDisplay&errorViewName=ArgosGenericErrorView&catEntryId=1362847&partNumber=4487605&quantity=1","Add To Trolley","Buy or Reserve Bush 40 Inch 4K UHD Freeview HD Smart LED TV.","http://www.argos.co.uk/webapp/wcs/stores/servlet/ArgosProductPurchaseNoJS?storeId=10151&langId=110&catalogId=25051&URL=OrderItemDisplay&errorViewName=ArgosGenericErrorView&catEntryId=1362847&partNumber=4487605&quantity=1","Buy or Reserve","Buy or Reserve Bush 40 Inch 4K UHD Freeview HD Smart LED TV.","http://www.argos.co.uk/static/Product/partNumber/4487605.htm","","more details on Bush 40 Inch 4K UHD Freeview HD Smart LED TV.","http://argos.scene7.com/is/image/Argos/4487605_R_SET?$Listers$","more details on Bush 40 Inch 4K UHD Freeview HD Smart LED TV.","Currently out of stock for delivery","Reserve to collect in store","Compare"
"http://www.argos.co.uk/static/Product/partNumber/4476056.htm","Bush 50 Inch 4K Ultra HD LED TV.","more details on Bush 50 Inch 4K Ultra HD LED TV.","50; 4","4476056","399.99","","","Was","549.99","Save £150.00","150","http://www.argos.co.uk/static/Product/partNumber/4476056.htm#pdpProductReviews","(91)","","http://www.argos.co.uk/wcsstore/argos/en_GB/images/rating/stars/rating-4_6.gif","","91","","","http://www.argos.co.uk/wcsstore/argos/en_GB/images/icon_collection_grey.png","","http://www.argos.co.uk/wcsstore/argos/en_GB/images/green_arrow.png","","http://www.argos.co.uk/wcsstore/argos/en_GB/images/icon_collection_disabled.png","","http://www.argos.co.uk/wcsstore/argos/en_GB/images/grey_arrow.gif","","http://www.argos.co.uk/wcsstore/argos/en_GB/images/icon_delivery_grey.png","","http://www.argos.co.uk/wcsstore/argos/en_GB/images/icon_delivery_disabled.png","","","http://www.argos.co.uk/webapp/wcs/stores/servlet/ArgosProductPurchaseNoJS?storeId=10151&langId=110&catalogId=25051&URL=OrderItemDisplay&errorViewName=ArgosGenericErrorView&catEntryId=1370277&partNumber=4476056&quantity=1","Add To Trolley","Buy or Reserve Bush 50 Inch 4K Ultra HD LED TV.","http://www.argos.co.uk/webapp/wcs/stores/servlet/ArgosProductPurchaseNoJS?storeId=10151&langId=110&catalogId=25051&URL=OrderItemDisplay&errorViewName=ArgosGenericErrorView&catEntryId=1370277&partNumber=4476056&quantity=1","Buy or Reserve","Buy or Reserve Bush 50 Inch 4K Ultra HD LED TV.","http://www.argos.co.uk/static/Product/partNumber/4476056.htm","","more details on Bush 50 Inch 4K Ultra HD LED TV.","http://argos.scene7.com/is/image/Argos/4476056_R_SET?$Listers$","more details on Bush 50 Inch 4K Ultra HD LED TV.","Currently out of stock for delivery","Reserve to collect in store","Compare"
"http://www.argos.co.uk/static/Product/partNumber/4489782.htm","Bush 48 Inch 4K UHD Freeview HD LED TV.","more details on Bush 48 Inch 4K UHD Freeview HD LED TV.","48; 4","4489782","449.99","http://www.argos.co.uk/wcsstore/argos/en_GB/siteAssets/images/fasttrack_icon.png","Fast Track","Was","499","Save £49.00","49","http://www.argos.co.uk/static/Product/partNumber/4489782.htm#pdpProductReviews","(2)","","http://www.argos.co.uk/wcsstore/argos/en_GB/images/rating/stars/rating-4_5.gif","","2","+ 6 special offers","6","http://www.argos.co.uk/wcsstore/argos/en_GB/images/icon_collection_grey.png","","http://www.argos.co.uk/wcsstore/argos/en_GB/images/green_arrow.png","","http://www.argos.co.uk/wcsstore/argos/en_GB/images/icon_collection_disabled.png","","http://www.argos.co.uk/wcsstore/argos/en_GB/images/grey_arrow.gif","","http://www.argos.co.uk/wcsstore/argos/en_GB/images/icon_delivery_grey.png","","http://www.argos.co.uk/wcsstore/argos/en_GB/images/icon_delivery_disabled.png","","","http://www.argos.co.uk/webapp/wcs/stores/servlet/ArgosProductPurchaseNoJS?storeId=10151&langId=110&catalogId=25051&URL=OrderItemDisplay&errorViewName=ArgosGenericErrorView&catEntryId=1375617&partNumber=4489782&quantity=1","Add To Trolley","Buy or Reserve Bush 48 Inch 4K UHD Freeview HD LED TV.","http://www.argos.co.uk/webapp/wcs/stores/servlet/ArgosProductPurchaseNoJS?storeId=10151&langId=110&catalogId=25051&URL=OrderItemDisplay&errorViewName=ArgosGenericErrorView&catEntryId=1375617&partNumber=4489782&quantity=1","Buy or Reserve","Buy or Reserve Bush 48 Inch 4K UHD Freeview HD LED TV.","http://www.argos.co.uk/static/Product/partNumber/4489782.htm","","more details on Bush 48 Inch 4K UHD Freeview HD LED TV.","http://argos.scene7.com/is/image/Argos/4489782_R_SET?$Listers$","more details on Bush 48 Inch 4K UHD Freeview HD LED TV.","Order now for delivery <span>within <span>2 days</span></span>","Reserve to collect in store","Compare"
"http://www.argos.co.uk/static/Product/partNumber/4329677.htm","Samsung 40JU6000 40 Inch UHD Smart LED TV.","more details on Samsung 40JU6000 40 Inch UHD Smart LED TV.","40; 40","4329677","419","http://www.argos.co.uk/wcsstore/argos/en_GB/siteAssets/images/fasttrack_icon.png","Fast Track","Was","529","Save £110.00","110","http://www.argos.co.uk/static/Product/partNumber/4329677.htm#pdpProductReviews","(141)","","http://www.argos.co.uk/wcsstore/argos/en_GB/images/rating/stars/rating-4_8.gif","","141","+ 6 special offers","6","http://www.argos.co.uk/wcsstore/argos/en_GB/images/icon_collection_grey.png","","http://www.argos.co.uk/wcsstore/argos/en_GB/images/green_arrow.png","","http://www.argos.co.uk/wcsstore/argos/en_GB/images/icon_collection_disabled.png","","http://www.argos.co.uk/wcsstore/argos/en_GB/images/grey_arrow.gif","","http://www.argos.co.uk/wcsstore/argos/en_GB/images/icon_delivery_grey.png","","http://www.argos.co.uk/wcsstore/argos/en_GB/images/icon_delivery_disabled.png","","","http://www.argos.co.uk/webapp/wcs/stores/servlet/ArgosProductPurchaseNoJS?storeId=10151&langId=110&catalogId=25051&URL=OrderItemDisplay&errorViewName=ArgosGenericErrorView&catEntryId=1348229&partNumber=4329677&quantity=1","Add To Trolley","Buy or Reserve Samsung 40JU6000 40 Inch UHD Smart LED TV.","http://www.argos.co.uk/webapp/wcs/stores/servlet/ArgosProductPurchaseNoJS?storeId=10151&langId=110&catalogId=25051&URL=OrderItemDisplay&errorViewName=ArgosGenericErrorView&catEntryId=1348229&partNumber=4329677&quantity=1","Buy or Reserve","Buy or Reserve Samsung 40JU6000 40 Inch UHD Smart LED TV.","http://www.argos.co.uk/static/Product/partNumber/4329677.htm","","more details on Samsung 40JU6000 40 Inch UHD Smart LED TV.","http://argos.scene7.com/is/image/Argos/4329677_R_SET?$Listers$","more details on Samsung 40JU6000 40 Inch UHD Smart LED TV.","Order now for delivery <span>within <span>2 days</span></span>","Reserve to collect in store","Compare"
"http://www.argos.co.uk/static/Product/partNumber/4348191.htm","LG UF770V 55 Inch 4K Ultra HD Freeview HD Smart TV.","more details on LG UF770V 55 Inch 4K Ultra HD Freeview HD Smart TV.","55; 4","4348191","779","","","","","","","http://www.argos.co.uk/static/Product/partNumber/4348191.htm#pdpProductReviews","(50)","","http://www.argos.co.uk/wcsstore/argos/en_GB/images/rating/stars/rating-4_7.gif","","50","+ 5 special offers","5","http://www.argos.co.uk/wcsstore/argos/en_GB/images/icon_collection_grey.png","","http://www.argos.co.uk/wcsstore/argos/en_GB/images/green_arrow.png","","http://www.argos.co.uk/wcsstore/argos/en_GB/images/icon_collection_disabled.png","","http://www.argos.co.uk/wcsstore/argos/en_GB/images/grey_arrow.gif","","http://www.argos.co.uk/wcsstore/argos/en_GB/images/icon_delivery_grey.png","","http://www.argos.co.uk/wcsstore/argos/en_GB/images/icon_delivery_disabled.png","","","http://www.argos.co.uk/webapp/wcs/stores/servlet/ArgosProductPurchaseNoJS?storeId=10151&langId=110&catalogId=25051&URL=OrderItemDisplay&errorViewName=ArgosGenericErrorView&catEntryId=1317715&partNumber=4348191&quantity=1","Add To Trolley","Buy or Reserve LG UF770V 55 Inch 4K Ultra HD Freeview HD Smart TV.","http://www.argos.co.uk/webapp/wcs/stores/servlet/ArgosProductPurchaseNoJS?storeId=10151&langId=110&catalogId=25051&URL=OrderItemDisplay&errorViewName=ArgosGenericErrorView&catEntryId=1317715&partNumber=4348191&quantity=1","Buy or Reserve","Buy or Reserve LG UF770V 55 Inch 4K Ultra HD Freeview HD Smart TV.","http://www.argos.co.uk/static/Product/partNumber/4348191.htm","","more details on LG UF770V 55 Inch 4K Ultra HD Freeview HD Smart TV.","http://argos.scene7.com/is/image/Argos/4348191_R_SET?$Listers$","more details on LG UF770V 55 Inch 4K Ultra HD Freeview HD Smart TV.","Order now for delivery <span>within <span>2 days</span></span>","Reserve to collect in store","Compare"
"http://www.argos.co.uk/static/Product/partNumber/5048359.htm","Toshiba 32 inch 32E2533 HD READY LED TV","more details on Toshiba 32 inch 32E2533 HD READY LED TV","32; 32","5048359","149","http://www.argos.co.uk/wcsstore/argos/en_GB/siteAssets/images/fasttrack_icon.png","Fast Track","","","","","http://www.argos.co.uk/static/Product/partNumber/5048359.htm#pdpProductReviews","(69)","","http://www.argos.co.uk/wcsstore/argos/en_GB/images/rating/stars/rating-4_8.gif","","69","+ 6 special offers","6","http://www.argos.co.uk/wcsstore/argos/en_GB/images/icon_collection_grey.png","","http://www.argos.co.uk/wcsstore/argos/en_GB/images/green_arrow.png","","http://www.argos.co.uk/wcsstore/argos/en_GB/images/icon_collection_disabled.png","","http://www.argos.co.uk/wcsstore/argos/en_GB/images/grey_arrow.gif","","http://www.argos.co.uk/wcsstore/argos/en_GB/images/icon_delivery_grey.png","","http://www.argos.co.uk/wcsstore/argos/en_GB/images/icon_delivery_disabled.png","","","http://www.argos.co.uk/webapp/wcs/stores/servlet/ArgosProductPurchaseNoJS?storeId=10151&langId=110&catalogId=25051&URL=OrderItemDisplay&errorViewName=ArgosGenericErrorView&catEntryId=1389553&partNumber=5048359&quantity=1","Add To Trolley","Buy or Reserve Toshiba 32 inch 32E2533 HD READY LED TV","http://www.argos.co.uk/webapp/wcs/stores/servlet/ArgosProductPurchaseNoJS?storeId=10151&langId=110&catalogId=25051&URL=OrderItemDisplay&errorViewName=ArgosGenericErrorView&catEntryId=1389553&partNumber=5048359&quantity=1","Buy or Reserve","Buy or Reserve Toshiba 32 inch 32E2533 HD READY LED TV","http://www.argos.co.uk/static/Product/partNumber/5048359.htm","","more details on Toshiba 32 inch 32E2533 HD READY LED TV","http://argos.scene7.com/is/image/Argos/5048359_R_SET?$Listers$","more details on Toshiba 32 inch 32E2533 HD READY LED TV","Order now for delivery <span>within <span>2 days</span></span>","Reserve to collect in store","Compare"
"http://www.argos.co.uk/static/Product/partNumber/3908305.htm","LG 43LF540V 43 Inch Full HD Freeview HD TV.","more details on LG 43LF540V 43 Inch Full HD Freeview HD TV.","43; 43","3908305","299","http://www.argos.co.uk/wcsstore/argos/en_GB/siteAssets/images/fasttrack_icon.png","Fast Track","","","","","http://www.argos.co.uk/static/Product/partNumber/3908305.htm#pdpProductReviews","(84)","","http://www.argos.co.uk/wcsstore/argos/en_GB/images/rating/stars/rating-4_7.gif","","84","+ 6 special offers","6","http://www.argos.co.uk/wcsstore/argos/en_GB/images/icon_collection_grey.png","","http://www.argos.co.uk/wcsstore/argos/en_GB/images/green_arrow.png","","http://www.argos.co.uk/wcsstore/argos/en_GB/images/icon_collection_disabled.png","","http://www.argos.co.uk/wcsstore/argos/en_GB/images/grey_arrow.gif","","http://www.argos.co.uk/wcsstore/argos/en_GB/images/icon_delivery_grey.png","","http://www.argos.co.uk/wcsstore/argos/en_GB/images/icon_delivery_disabled.png","","","http://www.argos.co.uk/webapp/wcs/stores/servlet/ArgosProductPurchaseNoJS?storeId=10151&langId=110&catalogId=25051&URL=OrderItemDisplay&errorViewName=ArgosGenericErrorView&catEntryId=1290846&partNumber=3908305&quantity=1","Add To Trolley","Buy or Reserve LG 43LF540V 43 Inch Full HD Freeview HD TV.","http://www.argos.co.uk/webapp/wcs/stores/servlet/ArgosProductPurchaseNoJS?storeId=10151&langId=110&catalogId=25051&URL=OrderItemDisplay&errorViewName=ArgosGenericErrorView&catEntryId=1290846&partNumber=3908305&quantity=1","Buy or Reserve","Buy or Reserve LG 43LF540V 43 Inch Full HD Freeview HD TV.","http://www.argos.co.uk/static/Product/partNumber/3908305.htm","","more details on LG 43LF540V 43 Inch Full HD Freeview HD TV.","http://argos.scene7.com/is/image/Argos/3908305_R_SET?$Listers$","more details on LG 43LF540V 43 Inch Full HD Freeview HD TV.","Order now for delivery <span>within <span>2 days</span></span>","Reserve to collect in store","Compare"
"http://www.argos.co.uk/static/Product/partNumber/4616225.htm","Hitachi 49 inch 4K UHD SMART LED TV","more details on Hitachi 49 inch 4K UHD SMART LED TV","49; 4","4616225","469.99","","","Was","499.99","Save £30.00","30","","","","","","","+ 6 special offers","6","http://www.argos.co.uk/wcsstore/argos/en_GB/images/icon_collection_grey.png","","http://www.argos.co.uk/wcsstore/argos/en_GB/images/green_arrow.png","","http://www.argos.co.uk/wcsstore/argos/en_GB/images/icon_collection_disabled.png","","http://www.argos.co.uk/wcsstore/argos/en_GB/images/grey_arrow.gif","","http://www.argos.co.uk/wcsstore/argos/en_GB/images/icon_delivery_grey.png","","http://www.argos.co.uk/wcsstore/argos/en_GB/images/icon_delivery_disabled.png","","","http://www.argos.co.uk/webapp/wcs/stores/servlet/ArgosProductPurchaseNoJS?storeId=10151&langId=110&catalogId=25051&URL=OrderItemDisplay&errorViewName=ArgosGenericErrorView&catEntryId=1388109&partNumber=4616225&quantity=1","Add To Trolley","Buy or Reserve Hitachi 49 inch 4K UHD SMART LED TV","http://www.argos.co.uk/webapp/wcs/stores/servlet/ArgosProductPurchaseNoJS?storeId=10151&langId=110&catalogId=25051&URL=OrderItemDisplay&errorViewName=ArgosGenericErrorView&catEntryId=1388109&partNumber=4616225&quantity=1","Buy or Reserve","Buy or Reserve Hitachi 49 inch 4K UHD SMART LED TV","http://www.argos.co.uk/static/Product/partNumber/4616225.htm","","more details on Hitachi 49 inch 4K UHD SMART LED TV","http://argos.scene7.com/is/image/Argos/4616225_R_SET?$Listers$","more details on Hitachi 49 inch 4K UHD SMART LED TV","Order now for delivery <span>within <span>2 days</span></span>","Reserve to collect in store","Compare"
"http://www.argos.co.uk/static/Product/partNumber/3958805.htm","Philips 48PFH4100/88 48 Inch Full HD TV.","more details on Philips 48PFH4100/88 48 Inch Full HD TV.","48; 48","3958805","349","","","Was","369","Save £20.00","20","http://www.argos.co.uk/static/Product/partNumber/3958805.htm#pdpProductReviews","(4)","","http://www.argos.co.uk/wcsstore/argos/en_GB/images/rating/stars/rating-3_8.gif","","4","+ 6 special offers","6","http://www.argos.co.uk/wcsstore/argos/en_GB/images/icon_collection_grey.png","","http://www.argos.co.uk/wcsstore/argos/en_GB/images/green_arrow.png","","http://www.argos.co.uk/wcsstore/argos/en_GB/images/icon_collection_disabled.png","","http://www.argos.co.uk/wcsstore/argos/en_GB/images/grey_arrow.gif","","http://www.argos.co.uk/wcsstore/argos/en_GB/images/icon_delivery_grey.png","","http://www.argos.co.uk/wcsstore/argos/en_GB/images/icon_delivery_disabled.png","","","http://www.argos.co.uk/webapp/wcs/stores/servlet/ArgosProductPurchaseNoJS?storeId=10151&langId=110&catalogId=25051&URL=OrderItemDisplay&errorViewName=ArgosGenericErrorView&catEntryId=1304191&partNumber=3958805&quantity=1","Add To Trolley","Buy or Reserve Philips 48PFH4100/88 48 Inch Full HD TV.","http://www.argos.co.uk/webapp/wcs/stores/servlet/ArgosProductPurchaseNoJS?storeId=10151&langId=110&catalogId=25051&URL=OrderItemDisplay&errorViewName=ArgosGenericErrorView&catEntryId=1304191&partNumber=3958805&quantity=1","Buy or Reserve","Buy or Reserve Philips 48PFH4100/88 48 Inch Full HD TV.","http://www.argos.co.uk/static/Product/partNumber/3958805.htm","","more details on Philips 48PFH4100/88 48 Inch Full HD TV.","http://argos.scene7.com/is/image/Argos/3958805_R_SET?$Listers$","more details on Philips 48PFH4100/88 48 Inch Full HD TV.","Currently out of stock for delivery","Reserve to collect in store","Compare"
"http://www.argos.co.uk/static/Product/partNumber/4028930.htm","Hitachi 22HYC06U 22 Inch Full HD TV.","more details on Hitachi 22HYC06U 22 Inch Full HD TV.","22; 22","4028930","109.99","http://www.argos.co.uk/wcsstore/argos/en_GB/siteAssets/images/fasttrack_icon.png","Fast Track","","","","","http://www.argos.co.uk/static/Product/partNumber/4028930.htm#pdpProductReviews","(76)","","http://www.argos.co.uk/wcsstore/argos/en_GB/images/rating/stars/rating-4_6.gif","","76","+ 3 special offers","3","http://www.argos.co.uk/wcsstore/argos/en_GB/images/icon_collection_grey.png","","http://www.argos.co.uk/wcsstore/argos/en_GB/images/green_arrow.png","","http://www.argos.co.uk/wcsstore/argos/en_GB/images/icon_collection_disabled.png","","http://www.argos.co.uk/wcsstore/argos/en_GB/images/grey_arrow.gif","","http://www.argos.co.uk/wcsstore/argos/en_GB/images/icon_delivery_grey.png","","http://www.argos.co.uk/wcsstore/argos/en_GB/images/icon_delivery_disabled.png","","","http://www.argos.co.uk/webapp/wcs/stores/servlet/ArgosProductPurchaseNoJS?storeId=10151&langId=110&catalogId=25051&URL=OrderItemDisplay&errorViewName=ArgosGenericErrorView&catEntryId=1324083&partNumber=4028930&quantity=1","Add To Trolley","Buy or Reserve Hitachi 22HYC06U 22 Inch Full HD TV.","http://www.argos.co.uk/webapp/wcs/stores/servlet/ArgosProductPurchaseNoJS?storeId=10151&langId=110&catalogId=25051&URL=OrderItemDisplay&errorViewName=ArgosGenericErrorView&catEntryId=1324083&partNumber=4028930&quantity=1","Buy or Reserve","Buy or Reserve Hitachi 22HYC06U 22 Inch Full HD TV.","http://www.argos.co.uk/static/Product/partNumber/4028930.htm","","more details on Hitachi 22HYC06U 22 Inch Full HD TV.","http://argos.scene7.com/is/image/Argos/4028930_R_SET?$Listers$","more details on Hitachi 22HYC06U 22 Inch Full HD TV.","Currently out of stock for delivery","Reserve to collect in store","Compare"
"http://www.argos.co.uk/static/Product/partNumber/4248325.htm","Hitachi 22HYD06U 22 Inch Full HD TV/DVD Combi.","more details on Hitachi 22HYD06U 22 Inch Full HD TV/DVD Combi.","22; 22","4248325","129.99","","","","","","","http://www.argos.co.uk/static/Product/partNumber/4248325.htm#pdpProductReviews","(139)","","http://www.argos.co.uk/wcsstore/argos/en_GB/images/rating/stars/rating-4_6.gif","","139","+ 3 special offers","3","http://www.argos.co.uk/wcsstore/argos/en_GB/images/icon_collection_grey.png","","http://www.argos.co.uk/wcsstore/argos/en_GB/images/green_arrow.png","","http://www.argos.co.uk/wcsstore/argos/en_GB/images/icon_collection_disabled.png","","http://www.argos.co.uk/wcsstore/argos/en_GB/images/grey_arrow.gif","","http://www.argos.co.uk/wcsstore/argos/en_GB/images/icon_delivery_grey.png","","http://www.argos.co.uk/wcsstore/argos/en_GB/images/icon_delivery_disabled.png","","","http://www.argos.co.uk/webapp/wcs/stores/servlet/ArgosProductPurchaseNoJS?storeId=10151&langId=110&catalogId=25051&URL=OrderItemDisplay&errorViewName=ArgosGenericErrorView&catEntryId=1324085&partNumber=4248325&quantity=1","Add To Trolley","Buy or Reserve Hitachi 22HYD06U 22 Inch Full HD TV/DVD Combi.","http://www.argos.co.uk/webapp/wcs/stores/servlet/ArgosProductPurchaseNoJS?storeId=10151&langId=110&catalogId=25051&URL=OrderItemDisplay&errorViewName=ArgosGenericErrorView&catEntryId=1324085&partNumber=4248325&quantity=1","Buy or Reserve","Buy or Reserve Hitachi 22HYD06U 22 Inch Full HD TV/DVD Combi.","http://www.argos.co.uk/static/Product/partNumber/4248325.htm","","more details on Hitachi 22HYD06U 22 Inch Full HD TV/DVD Combi.","http://argos.scene7.com/is/image/Argos/4248325_R_SET?$Listers$","more details on Hitachi 22HYD06U 22 Inch Full HD TV/DVD Combi.","Order now for delivery <span>within <span>2 days</span></span>","Reserve to collect in store","Compare"
"http://www.argos.co.uk/static/Product/partNumber/4124205.htm","Bush 32in HD Ready LED TV/DVD Combi - Black.","more details on Bush 32in HD Ready LED TV/DVD Combi - Black.","32","4124205","169.99","http://www.argos.co.uk/wcsstore/argos/en_GB/siteAssets/images/fasttrack_icon.png","Fast Track","Was","189.99","Save £20.00","20","http://www.argos.co.uk/static/Product/partNumber/4124205.htm#pdpProductReviews","(300)","","http://www.argos.co.uk/wcsstore/argos/en_GB/images/rating/stars/rating-4_6.gif","","300","+ 6 special offers","6","http://www.argos.co.uk/wcsstore/argos/en_GB/images/icon_collection_grey.png","","http://www.argos.co.uk/wcsstore/argos/en_GB/images/green_arrow.png","","http://www.argos.co.uk/wcsstore/argos/en_GB/images/icon_collection_disabled.png","","http://www.argos.co.uk/wcsstore/argos/en_GB/images/grey_arrow.gif","","http://www.argos.co.uk/wcsstore/argos/en_GB/images/icon_delivery_grey.png","","http://www.argos.co.uk/wcsstore/argos/en_GB/images/icon_delivery_disabled.png","","","http://www.argos.co.uk/webapp/wcs/stores/servlet/ArgosProductPurchaseNoJS?storeId=10151&langId=110&catalogId=25051&URL=OrderItemDisplay&errorViewName=ArgosGenericErrorView&catEntryId=1324077&partNumber=4124205&quantity=1","Add To Trolley","Buy or Reserve Bush 32in HD Ready LED TV/DVD Combi - Black.","http://www.argos.co.uk/webapp/wcs/stores/servlet/ArgosProductPurchaseNoJS?storeId=10151&langId=110&catalogId=25051&URL=OrderItemDisplay&errorViewName=ArgosGenericErrorView&catEntryId=1324077&partNumber=4124205&quantity=1","Buy or Reserve","Buy or Reserve Bush 32in HD Ready LED TV/DVD Combi - Black.","http://www.argos.co.uk/static/Product/partNumber/4124205.htm","","more details on Bush 32in HD Ready LED TV/DVD Combi - Black.","http://argos.scene7.com/is/image/Argos/4124205_R_SET?$Listers$","more details on Bush 32in HD Ready LED TV/DVD Combi - Black.","Currently out of stock for delivery","Reserve to collect in store","Compare"
"http://www.argos.co.uk/static/Product/partNumber/4240031.htm","Bush 32in HD Ready LED TV/DVD Combi White","more details on Bush 32in HD Ready LED TV/DVD Combi White","32","4240031","169.99","http://www.argos.co.uk/wcsstore/argos/en_GB/siteAssets/images/fasttrack_icon.png","Fast Track","Was","189.99","Save £20.00","20","http://www.argos.co.uk/static/Product/partNumber/4240031.htm#pdpProductReviews","(300)","","http://www.argos.co.uk/wcsstore/argos/en_GB/images/rating/stars/rating-4_6.gif","","300","+ 6 special offers","6","http://www.argos.co.uk/wcsstore/argos/en_GB/images/icon_collection_grey.png","","http://www.argos.co.uk/wcsstore/argos/en_GB/images/green_arrow.png","","http://www.argos.co.uk/wcsstore/argos/en_GB/images/icon_collection_disabled.png","","http://www.argos.co.uk/wcsstore/argos/en_GB/images/grey_arrow.gif","","http://www.argos.co.uk/wcsstore/argos/en_GB/images/icon_delivery_grey.png","","http://www.argos.co.uk/wcsstore/argos/en_GB/images/icon_delivery_disabled.png","","","http://www.argos.co.uk/webapp/wcs/stores/servlet/ArgosProductPurchaseNoJS?storeId=10151&langId=110&catalogId=25051&URL=OrderItemDisplay&errorViewName=ArgosGenericErrorView&catEntryId=1324075&partNumber=4240031&quantity=1","Add To Trolley","Buy or Reserve Bush 32in HD Ready LED TV/DVD Combi White","http://www.argos.co.uk/webapp/wcs/stores/servlet/ArgosProductPurchaseNoJS?storeId=10151&langId=110&catalogId=25051&URL=OrderItemDisplay&errorViewName=ArgosGenericErrorView&catEntryId=1324075&partNumber=4240031&quantity=1","Buy or Reserve","Buy or Reserve Bush 32in HD Ready LED TV/DVD Combi White","http://www.argos.co.uk/static/Product/partNumber/4240031.htm","","more details on Bush 32in HD Ready LED TV/DVD Combi White","http://argos.scene7.com/is/image/Argos/4240031_R_SET?$Listers$","more details on Bush 32in HD Ready LED TV/DVD Combi White","Order now for delivery <span>within <span>2 days</span></span>","Reserve to collect in store","Compare"
"http://www.argos.co.uk/static/Product/partNumber/3918845.htm","LG 43LF590V 43 Inch Full HD Freeview HD Smart TV.","more details on LG 43LF590V 43 Inch Full HD Freeview HD Smart TV.","43; 43","3918845","329","","","Was","379","Save £50.00","50","http://www.argos.co.uk/static/Product/partNumber/3918845.htm#pdpProductReviews","(208)","","http://www.argos.co.uk/wcsstore/argos/en_GB/images/rating/stars/rating-4_7.gif","","208","+ 6 special offers","6","http://www.argos.co.uk/wcsstore/argos/en_GB/images/icon_collection_grey.png","","http://www.argos.co.uk/wcsstore/argos/en_GB/images/green_arrow.png","","http://www.argos.co.uk/wcsstore/argos/en_GB/images/icon_collection_disabled.png","","http://www.argos.co.uk/wcsstore/argos/en_GB/images/grey_arrow.gif","","http://www.argos.co.uk/wcsstore/argos/en_GB/images/icon_delivery_grey.png","","http://www.argos.co.uk/wcsstore/argos/en_GB/images/icon_delivery_disabled.png","","","http://www.argos.co.uk/webapp/wcs/stores/servlet/ArgosProductPurchaseNoJS?storeId=10151&langId=110&catalogId=25051&URL=OrderItemDisplay&errorViewName=ArgosGenericErrorView&catEntryId=1382265&partNumber=3918845&quantity=1","Add To Trolley","Buy or Reserve LG 43LF590V 43 Inch Full HD Freeview HD Smart TV.","http://www.argos.co.uk/webapp/wcs/stores/servlet/ArgosProductPurchaseNoJS?storeId=10151&langId=110&catalogId=25051&URL=OrderItemDisplay&errorViewName=ArgosGenericErrorView&catEntryId=1382265&partNumber=3918845&quantity=1","Buy or Reserve","Buy or Reserve LG 43LF590V 43 Inch Full HD Freeview HD Smart TV.","http://www.argos.co.uk/static/Product/partNumber/3918845.htm","","more details on LG 43LF590V 43 Inch Full HD Freeview HD Smart TV.","http://argos.scene7.com/is/image/Argos/3918845_R_SET?$Listers$","more details on LG 43LF590V 43 Inch Full HD Freeview HD Smart TV.","Order now for delivery <span>within <span>2 days</span></span>","Reserve to collect in store","Compare"
"http://www.argos.co.uk/static/Product/partNumber/4767349.htm","Bush 55 inch SMART FVHD LED TV","more details on Bush 55 inch SMART FVHD LED TV","55","4767349","549.99","http://www.argos.co.uk/wcsstore/argos/en_GB/siteAssets/images/fasttrack_icon.png","Fast Track","","","","","","","","","","","","","http://www.argos.co.uk/wcsstore/argos/en_GB/images/icon_collection_grey.png","","http://www.argos.co.uk/wcsstore/argos/en_GB/images/green_arrow.png","","http://www.argos.co.uk/wcsstore/argos/en_GB/images/icon_collection_disabled.png","","http://www.argos.co.uk/wcsstore/argos/en_GB/images/grey_arrow.gif","","http://www.argos.co.uk/wcsstore/argos/en_GB/images/icon_delivery_grey.png","","http://www.argos.co.uk/wcsstore/argos/en_GB/images/icon_delivery_disabled.png","","","http://www.argos.co.uk/webapp/wcs/stores/servlet/ArgosProductPurchaseNoJS?storeId=10151&langId=110&catalogId=25051&URL=OrderItemDisplay&errorViewName=ArgosGenericErrorView&catEntryId=1405519&partNumber=4767349&quantity=1","Add To Trolley","Buy or Reserve Bush 55 inch SMART FVHD LED TV","http://www.argos.co.uk/webapp/wcs/stores/servlet/ArgosProductPurchaseNoJS?storeId=10151&langId=110&catalogId=25051&URL=OrderItemDisplay&errorViewName=ArgosGenericErrorView&catEntryId=1405519&partNumber=4767349&quantity=1","Buy or Reserve","Buy or Reserve Bush 55 inch SMART FVHD LED TV","http://www.argos.co.uk/static/Product/partNumber/4767349.htm","","more details on Bush 55 inch SMART FVHD LED TV","http://argos.scene7.com/is/image/Argos/4767349_R_SET?$Listers$","more details on Bush 55 inch SMART FVHD LED TV","Currently out of stock for delivery","Reserve to collect in store","Compare"
"http://www.argos.co.uk/static/Product/partNumber/4839851.htm","LG 55EC910 55 inch FHD SMART 3D OLED TV","more details on LG 55EC910 55 inch FHD SMART 3D OLED TV","55; 55; 3","4839851","1699","http://www.argos.co.uk/wcsstore/argos/en_GB/siteAssets/images/fasttrack_icon.png","Fast Track","","","","","","","","","","","+ 5 special offers","5","http://www.argos.co.uk/wcsstore/argos/en_GB/images/icon_collection_grey.png","","http://www.argos.co.uk/wcsstore/argos/en_GB/images/green_arrow.png","","http://www.argos.co.uk/wcsstore/argos/en_GB/images/icon_collection_disabled.png","","http://www.argos.co.uk/wcsstore/argos/en_GB/images/grey_arrow.gif","","http://www.argos.co.uk/wcsstore/argos/en_GB/images/icon_delivery_grey.png","","http://www.argos.co.uk/wcsstore/argos/en_GB/images/icon_delivery_disabled.png","","","http://www.argos.co.uk/webapp/wcs/stores/servlet/ArgosProductPurchaseNoJS?storeId=10151&langId=110&catalogId=25051&URL=OrderItemDisplay&errorViewName=ArgosGenericErrorView&catEntryId=1407813&partNumber=4839851&quantity=1","Add To Trolley","Buy or Reserve LG 55EC910 55 inch FHD SMART 3D OLED TV","http://www.argos.co.uk/webapp/wcs/stores/servlet/ArgosProductPurchaseNoJS?storeId=10151&langId=110&catalogId=25051&URL=OrderItemDisplay&errorViewName=ArgosGenericErrorView&catEntryId=1407813&partNumber=4839851&quantity=1","Buy or Reserve","Buy or Reserve LG 55EC910 55 inch FHD SMART 3D OLED TV","http://www.argos.co.uk/static/Product/partNumber/4839851.htm","","more details on LG 55EC910 55 inch FHD SMART 3D OLED TV","http://argos.scene7.com/is/image/Argos/4839851_R_SET?$Listers$","more details on LG 55EC910 55 inch FHD SMART 3D OLED TV","Order now for delivery <span>within <span>2 days</span></span>","Reserve to collect in store","Compare"
"http://www.argos.co.uk/static/Product/partNumber/5013456.htm","Toshiba 48S3653DB 48 inch Full HD Freeview Smart LED TV.","more details on Toshiba 48S3653DB 48 inch Full HD Freeview Smart LED TV.","48; 48","5013456","349","http://www.argos.co.uk/wcsstore/argos/en_GB/siteAssets/images/fasttrack_icon.png","Fast Track","","","","","http://www.argos.co.uk/static/Product/partNumber/5013456.htm#pdpProductReviews","(5)","","http://www.argos.co.uk/wcsstore/argos/en_GB/images/rating/stars/rating-4_0.gif","","5","+ 3 special offers","3","http://www.argos.co.uk/wcsstore/argos/en_GB/images/icon_collection_grey.png","","http://www.argos.co.uk/wcsstore/argos/en_GB/images/green_arrow.png","","http://www.argos.co.uk/wcsstore/argos/en_GB/images/icon_collection_disabled.png","","http://www.argos.co.uk/wcsstore/argos/en_GB/images/grey_arrow.gif","","http://www.argos.co.uk/wcsstore/argos/en_GB/images/icon_delivery_grey.png","","http://www.argos.co.uk/wcsstore/argos/en_GB/images/icon_delivery_disabled.png","","","http://www.argos.co.uk/webapp/wcs/stores/servlet/ArgosProductPurchaseNoJS?storeId=10151&langId=110&catalogId=25051&URL=OrderItemDisplay&errorViewName=ArgosGenericErrorView&catEntryId=1411710&partNumber=5013456&quantity=1","Add To Trolley","Buy or Reserve Toshiba 48S3653DB 48 inch Full HD Freeview Smart LED TV.","http://www.argos.co.uk/webapp/wcs/stores/servlet/ArgosProductPurchaseNoJS?storeId=10151&langId=110&catalogId=25051&URL=OrderItemDisplay&errorViewName=ArgosGenericErrorView&catEntryId=1411710&partNumber=5013456&quantity=1","Buy or Reserve","Buy or Reserve Toshiba 48S3653DB 48 inch Full HD Freeview Smart LED TV.","http://www.argos.co.uk/static/Product/partNumber/5013456.htm","","more details on Toshiba 48S3653DB 48 inch Full HD Freeview Smart LED TV.","http://argos.scene7.com/is/image/Argos/5013456_R_SET?$Listers$","more details on Toshiba 48S3653DB 48 inch Full HD Freeview Smart LED TV.","Order now for delivery <span>within <span>2 days</span></span>","Reserve to collect in store","Compare"
"http://www.argos.co.uk/static/Product/partNumber/5014541.htm","Toshiba 55S3653DB 55 Inch Full HD Freeview Smart LED TV.","more details on Toshiba 55S3653DB 55 Inch Full HD Freeview Smart LED TV.","55; 55","5014541","499","http://www.argos.co.uk/wcsstore/argos/en_GB/siteAssets/images/fasttrack_icon.png","Fast Track","","","","","","","","","","","+ 3 special offers","3","http://www.argos.co.uk/wcsstore/argos/en_GB/images/icon_collection_grey.png","","http://www.argos.co.uk/wcsstore/argos/en_GB/images/green_arrow.png","","http://www.argos.co.uk/wcsstore/argos/en_GB/images/icon_collection_disabled.png","","http://www.argos.co.uk/wcsstore/argos/en_GB/images/grey_arrow.gif","","http://www.argos.co.uk/wcsstore/argos/en_GB/images/icon_delivery_grey.png","","http://www.argos.co.uk/wcsstore/argos/en_GB/images/icon_delivery_disabled.png","","","http://www.argos.co.uk/webapp/wcs/stores/servlet/ArgosProductPurchaseNoJS?storeId=10151&langId=110&catalogId=25051&URL=OrderItemDisplay&errorViewName=ArgosGenericErrorView&catEntryId=1411712&partNumber=5014541&quantity=1","Add To Trolley","Buy or Reserve Toshiba 55S3653DB 55 Inch Full HD Freeview Smart LED TV.","http://www.argos.co.uk/webapp/wcs/stores/servlet/ArgosProductPurchaseNoJS?storeId=10151&langId=110&catalogId=25051&URL=OrderItemDisplay&errorViewName=ArgosGenericErrorView&catEntryId=1411712&partNumber=5014541&quantity=1","Buy or Reserve","Buy or Reserve Toshiba 55S3653DB 55 Inch Full HD Freeview Smart LED TV.","http://www.argos.co.uk/static/Product/partNumber/5014541.htm","","more details on Toshiba 55S3653DB 55 Inch Full HD Freeview Smart LED TV.","http://argos.scene7.com/is/image/Argos/5014541_R_SET?$Listers$","more details on Toshiba 55S3653DB 55 Inch Full HD Freeview Smart LED TV.","Order now for delivery <span>within <span>2 days</span></span>","Reserve to collect in store","Compare"
"http://www.argos.co.uk/static/Product/partNumber/3568934.htm","ALBA 24' HD Ready LED TV/DVD COMBI WHITE","more details on ALBA 24' HD Ready LED TV/DVD COMBI WHITE","24","3568934","139.99","http://www.argos.co.uk/wcsstore/argos/en_GB/siteAssets/images/fasttrack_icon.png","Fast Track","","","","","http://www.argos.co.uk/static/Product/partNumber/3568934.htm#pdpProductReviews","(318)","","http://www.argos.co.uk/wcsstore/argos/en_GB/images/rating/stars/rating-4_7.gif","","318","+ 3 special offers","3","http://www.argos.co.uk/wcsstore/argos/en_GB/images/icon_collection_grey.png","","http://www.argos.co.uk/wcsstore/argos/en_GB/images/green_arrow.png","","http://www.argos.co.uk/wcsstore/argos/en_GB/images/icon_collection_disabled.png","","http://www.argos.co.uk/wcsstore/argos/en_GB/images/grey_arrow.gif","","http://www.argos.co.uk/wcsstore/argos/en_GB/images/icon_delivery_grey.png","","http://www.argos.co.uk/wcsstore/argos/en_GB/images/icon_delivery_disabled.png","","","http://www.argos.co.uk/webapp/wcs/stores/servlet/ArgosProductPurchaseNoJS?storeId=10151&langId=110&catalogId=25051&URL=OrderItemDisplay&errorViewName=ArgosGenericErrorView&catEntryId=1255260&partNumber=3568934&quantity=1","Add To Trolley","Buy or Reserve ALBA 24' HD Ready LED TV/DVD COMBI WHITE","http://www.argos.co.uk/webapp/wcs/stores/servlet/ArgosProductPurchaseNoJS?storeId=10151&langId=110&catalogId=25051&URL=OrderItemDisplay&errorViewName=ArgosGenericErrorView&catEntryId=1255260&partNumber=3568934&quantity=1","Buy or Reserve","Buy or Reserve ALBA 24' HD Ready LED TV/DVD COMBI WHITE","http://www.argos.co.uk/static/Product/partNumber/3568934.htm","","more details on ALBA 24' HD Ready LED TV/DVD COMBI WHITE","http://argos.scene7.com/is/image/Argos/3568934_R_SET?$Listers$","more details on ALBA 24' HD Ready LED TV/DVD COMBI WHITE","Order now for delivery <span>within <span>2 days</span></span>","Reserve to collect in store","Compare"
"http://www.argos.co.uk/static/Product/partNumber/3392540.htm","ALBA 24' HD Ready LED TV/DVD COMBI PINK","more details on ALBA 24' HD Ready LED TV/DVD COMBI PINK","24","3392540","139.99","http://www.argos.co.uk/wcsstore/argos/en_GB/siteAssets/images/fasttrack_icon.png","Fast Track","","","","","http://www.argos.co.uk/static/Product/partNumber/3392540.htm#pdpProductReviews","(318)","","http://www.argos.co.uk/wcsstore/argos/en_GB/images/rating/stars/rating-4_7.gif","","318","+ 3 special offers","3","http://www.argos.co.uk/wcsstore/argos/en_GB/images/icon_collection_grey.png","","http://www.argos.co.uk/wcsstore/argos/en_GB/images/green_arrow.png","","http://www.argos.co.uk/wcsstore/argos/en_GB/images/icon_collection_disabled.png","","http://www.argos.co.uk/wcsstore/argos/en_GB/images/grey_arrow.gif","","http://www.argos.co.uk/wcsstore/argos/en_GB/images/icon_delivery_grey.png","","http://www.argos.co.uk/wcsstore/argos/en_GB/images/icon_delivery_disabled.png","","","http://www.argos.co.uk/webapp/wcs/stores/servlet/ArgosProductPurchaseNoJS?storeId=10151&langId=110&catalogId=25051&URL=OrderItemDisplay&errorViewName=ArgosGenericErrorView&catEntryId=1255286&partNumber=3392540&quantity=1","Add To Trolley","Buy or Reserve ALBA 24' HD Ready LED TV/DVD COMBI PINK","http://www.argos.co.uk/webapp/wcs/stores/servlet/ArgosProductPurchaseNoJS?storeId=10151&langId=110&catalogId=25051&URL=OrderItemDisplay&errorViewName=ArgosGenericErrorView&catEntryId=1255286&partNumber=3392540&quantity=1","Buy or Reserve","Buy or Reserve ALBA 24' HD Ready LED TV/DVD COMBI PINK","http://www.argos.co.uk/static/Product/partNumber/3392540.htm","","more details on ALBA 24' HD Ready LED TV/DVD COMBI PINK","http://argos.scene7.com/is/image/Argos/3392540_R_SET?$Listers$","more details on ALBA 24' HD Ready LED TV/DVD COMBI PINK","Order now for delivery <span>within <span>2 days</span></span>","Reserve to collect in store","Compare"
"http://www.argos.co.uk/static/Product/partNumber/3789304.htm","Toshiba 32D1533DB 32 Inch HD Ready TV/DVD Combi.","more details on Toshiba 32D1533DB 32 Inch HD Ready TV/DVD Combi.","32; 32","3789304","199","http://www.argos.co.uk/wcsstore/argos/en_GB/siteAssets/images/fasttrack_icon.png","Fast Track","","","","","http://www.argos.co.uk/static/Product/partNumber/3789304.htm#pdpProductReviews","(109)","","http://www.argos.co.uk/wcsstore/argos/en_GB/images/rating/stars/rating-4_6.gif","","109","+ 6 special offers","6","http://www.argos.co.uk/wcsstore/argos/en_GB/images/icon_collection_grey.png","","http://www.argos.co.uk/wcsstore/argos/en_GB/images/green_arrow.png","","http://www.argos.co.uk/wcsstore/argos/en_GB/images/icon_collection_disabled.png","","http://www.argos.co.uk/wcsstore/argos/en_GB/images/grey_arrow.gif","","http://www.argos.co.uk/wcsstore/argos/en_GB/images/icon_delivery_grey.png","","http://www.argos.co.uk/wcsstore/argos/en_GB/images/icon_delivery_disabled.png","","","http://www.argos.co.uk/webapp/wcs/stores/servlet/ArgosProductPurchaseNoJS?storeId=10151&langId=110&catalogId=25051&URL=OrderItemDisplay&errorViewName=ArgosGenericErrorView&catEntryId=1255300&partNumber=3789304&quantity=1","Add To Trolley","Buy or Reserve Toshiba 32D1533DB 32 Inch HD Ready TV/DVD Combi.","http://www.argos.co.uk/webapp/wcs/stores/servlet/ArgosProductPurchaseNoJS?storeId=10151&langId=110&catalogId=25051&URL=OrderItemDisplay&errorViewName=ArgosGenericErrorView&catEntryId=1255300&partNumber=3789304&quantity=1","Buy or Reserve","Buy or Reserve Toshiba 32D1533DB 32 Inch HD Ready TV/DVD Combi.","http://www.argos.co.uk/static/Product/partNumber/3789304.htm","","more details on Toshiba 32D1533DB 32 Inch HD Ready TV/DVD Combi.","http://argos.scene7.com/is/image/Argos/3789304_R_SET?$Listers$","more details on Toshiba 32D1533DB 32 Inch HD Ready TV/DVD Combi.","Order now for delivery <span>within <span>2 days</span></span>","Reserve to collect in store","Compare"
"http://www.argos.co.uk/static/Product/partNumber/3775514.htm","Bush 48in FHD Smart LED TV.","more details on Bush 48in FHD Smart LED TV.","48","3775514","340.99","","","Was","349.99","Save £9.00","9","http://www.argos.co.uk/static/Product/partNumber/3775514.htm#pdpProductReviews","(96)","","http://www.argos.co.uk/wcsstore/argos/en_GB/images/rating/stars/rating-4_5.gif","","96","","","http://www.argos.co.uk/wcsstore/argos/en_GB/images/icon_collection_grey.png","","http://www.argos.co.uk/wcsstore/argos/en_GB/images/green_arrow.png","","http://www.argos.co.uk/wcsstore/argos/en_GB/images/icon_collection_disabled.png","","http://www.argos.co.uk/wcsstore/argos/en_GB/images/grey_arrow.gif","","http://www.argos.co.uk/wcsstore/argos/en_GB/images/icon_delivery_grey.png","","http://www.argos.co.uk/wcsstore/argos/en_GB/images/icon_delivery_disabled.png","","","http://www.argos.co.uk/webapp/wcs/stores/servlet/ArgosProductPurchaseNoJS?storeId=10151&langId=110&catalogId=25051&URL=OrderItemDisplay&errorViewName=ArgosGenericErrorView&catEntryId=1255328&partNumber=3775514&quantity=1","Add To Trolley","Buy or Reserve Bush 48in FHD Smart LED TV.","http://www.argos.co.uk/webapp/wcs/stores/servlet/ArgosProductPurchaseNoJS?storeId=10151&langId=110&catalogId=25051&URL=OrderItemDisplay&errorViewName=ArgosGenericErrorView&catEntryId=1255328&partNumber=3775514&quantity=1","Buy or Reserve","Buy or Reserve Bush 48in FHD Smart LED TV.","http://www.argos.co.uk/static/Product/partNumber/3775514.htm","","more details on Bush 48in FHD Smart LED TV.","http://argos.scene7.com/is/image/Argos/3775514_R_SET?$Listers$","more details on Bush 48in FHD Smart LED TV.","Currently out of stock for delivery","Reserve to collect in store","Compare"
"http://www.argos.co.uk/static/Product/partNumber/3384888.htm","ALBA 24' HD Ready LED TV/DVD Combi - Silver.","more details on ALBA 24' HD Ready LED TV/DVD Combi - Silver.","24","3384888","139.99","http://www.argos.co.uk/wcsstore/argos/en_GB/siteAssets/images/fasttrack_icon.png","Fast Track","","","","","http://www.argos.co.uk/static/Product/partNumber/3384888.htm#pdpProductReviews","(318)","","http://www.argos.co.uk/wcsstore/argos/en_GB/images/rating/stars/rating-4_7.gif","","318","+ 3 special offers","3","http://www.argos.co.uk/wcsstore/argos/en_GB/images/icon_collection_grey.png","","http://www.argos.co.uk/wcsstore/argos/en_GB/images/green_arrow.png","","http://www.argos.co.uk/wcsstore/argos/en_GB/images/icon_collection_disabled.png","","http://www.argos.co.uk/wcsstore/argos/en_GB/images/grey_arrow.gif","","http://www.argos.co.uk/wcsstore/argos/en_GB/images/icon_delivery_grey.png","","http://www.argos.co.uk/wcsstore/argos/en_GB/images/icon_delivery_disabled.png","","","http://www.argos.co.uk/webapp/wcs/stores/servlet/ArgosProductPurchaseNoJS?storeId=10151&langId=110&catalogId=25051&URL=OrderItemDisplay&errorViewName=ArgosGenericErrorView&catEntryId=1255330&partNumber=3384888&quantity=1","Add To Trolley","Buy or Reserve ALBA 24' HD Ready LED TV/DVD Combi - Silver.","http://www.argos.co.uk/webapp/wcs/stores/servlet/ArgosProductPurchaseNoJS?storeId=10151&langId=110&catalogId=25051&URL=OrderItemDisplay&errorViewName=ArgosGenericErrorView&catEntryId=1255330&partNumber=3384888&quantity=1","Buy or Reserve","Buy or Reserve ALBA 24' HD Ready LED TV/DVD Combi - Silver.","http://www.argos.co.uk/static/Product/partNumber/3384888.htm","","more details on ALBA 24' HD Ready LED TV/DVD Combi - Silver.","http://argos.scene7.com/is/image/Argos/3384888_R_SET?$Listers$","more details on ALBA 24' HD Ready LED TV/DVD Combi - Silver.","Currently out of stock for delivery","Reserve to collect in store","Compare"
"http://www.argos.co.uk/static/Product/partNumber/3552012.htm","Hitachi 32 Inch Full HD Freeview HD Smart TV/ DVD Combi.","more details on Hitachi 32 Inch Full HD Freeview HD Smart TV/ DVD Combi.","32","3552012","249.99","","","","","","","http://www.argos.co.uk/static/Product/partNumber/3552012.htm#pdpProductReviews","(226)","","http://www.argos.co.uk/wcsstore/argos/en_GB/images/rating/stars/rating-4_5.gif","","226","+ 6 special offers","6","http://www.argos.co.uk/wcsstore/argos/en_GB/images/icon_collection_grey.png","","http://www.argos.co.uk/wcsstore/argos/en_GB/images/green_arrow.png","","http://www.argos.co.uk/wcsstore/argos/en_GB/images/icon_collection_disabled.png","","http://www.argos.co.uk/wcsstore/argos/en_GB/images/grey_arrow.gif","","http://www.argos.co.uk/wcsstore/argos/en_GB/images/icon_delivery_grey.png","","http://www.argos.co.uk/wcsstore/argos/en_GB/images/icon_delivery_disabled.png","","","http://www.argos.co.uk/webapp/wcs/stores/servlet/ArgosProductPurchaseNoJS?storeId=10151&langId=110&catalogId=25051&URL=OrderItemDisplay&errorViewName=ArgosGenericErrorView&catEntryId=1255350&partNumber=3552012&quantity=1","Add To Trolley","Buy or Reserve Hitachi 32 Inch Full HD Freeview HD Smart TV/ DVD Combi.","http://www.argos.co.uk/webapp/wcs/stores/servlet/ArgosProductPurchaseNoJS?storeId=10151&langId=110&catalogId=25051&URL=OrderItemDisplay&errorViewName=ArgosGenericErrorView&catEntryId=1255350&partNumber=3552012&quantity=1","Buy or Reserve","Buy or Reserve Hitachi 32 Inch Full HD Freeview HD Smart TV/ DVD Combi.","http://www.argos.co.uk/static/Product/partNumber/3552012.htm","","more details on Hitachi 32 Inch Full HD Freeview HD Smart TV/ DVD Combi.","http://argos.scene7.com/is/image/Argos/3552012_R_SET?$Listers$","more details on Hitachi 32 Inch Full HD Freeview HD Smart TV/ DVD Combi.","Currently out of stock for delivery","Reserve to collect in store","Compare"
"http://www.argos.co.uk/static/Product/partNumber/3595048.htm","ALBA 24' HD READY LED TV.","more details on ALBA 24' HD READY LED TV.","24","3595048","119.99","http://www.argos.co.uk/wcsstore/argos/en_GB/siteAssets/images/fasttrack_icon.png","Fast Track","Was","129.99","Save £10.00","10","http://www.argos.co.uk/static/Product/partNumber/3595048.htm#pdpProductReviews","(37)","","http://www.argos.co.uk/wcsstore/argos/en_GB/images/rating/stars/rating-4_6.gif","","37","+ 3 special offers","3","http://www.argos.co.uk/wcsstore/argos/en_GB/images/icon_collection_grey.png","","http://www.argos.co.uk/wcsstore/argos/en_GB/images/green_arrow.png","","http://www.argos.co.uk/wcsstore/argos/en_GB/images/icon_collection_disabled.png","","http://www.argos.co.uk/wcsstore/argos/en_GB/images/grey_arrow.gif","","http://www.argos.co.uk/wcsstore/argos/en_GB/images/icon_delivery_grey.png","","http://www.argos.co.uk/wcsstore/argos/en_GB/images/icon_delivery_disabled.png","","","http://www.argos.co.uk/webapp/wcs/stores/servlet/ArgosProductPurchaseNoJS?storeId=10151&langId=110&catalogId=25051&URL=OrderItemDisplay&errorViewName=ArgosGenericErrorView&catEntryId=1255352&partNumber=3595048&quantity=1","Add To Trolley","Buy or Reserve ALBA 24' HD READY LED TV.","http://www.argos.co.uk/webapp/wcs/stores/servlet/ArgosProductPurchaseNoJS?storeId=10151&langId=110&catalogId=25051&URL=OrderItemDisplay&errorViewName=ArgosGenericErrorView&catEntryId=1255352&partNumber=3595048&quantity=1","Buy or Reserve","Buy or Reserve ALBA 24' HD READY LED TV.","http://www.argos.co.uk/static/Product/partNumber/3595048.htm","","more details on ALBA 24' HD READY LED TV.","http://argos.scene7.com/is/image/Argos/3595048_R_SET?$Listers$","more details on ALBA 24' HD READY LED TV.","Currently out of stock for delivery","Reserve to collect in store","Compare"
"http://www.argos.co.uk/static/Product/partNumber/3466108.htm","ALBA 24' HD READY LED TV/DVD COMBI","more details on ALBA 24' HD READY LED TV/DVD COMBI","24","3466108","139.99","http://www.argos.co.uk/wcsstore/argos/en_GB/siteAssets/images/fasttrack_icon.png","Fast Track","","","","","http://www.argos.co.uk/static/Product/partNumber/3466108.htm#pdpProductReviews","(318)","","http://www.argos.co.uk/wcsstore/argos/en_GB/images/rating/stars/rating-4_7.gif","","318","+ 3 special offers","3","http://www.argos.co.uk/wcsstore/argos/en_GB/images/icon_collection_grey.png","","http://www.argos.co.uk/wcsstore/argos/en_GB/images/green_arrow.png","","http://www.argos.co.uk/wcsstore/argos/en_GB/images/icon_collection_disabled.png","","http://www.argos.co.uk/wcsstore/argos/en_GB/images/grey_arrow.gif","","http://www.argos.co.uk/wcsstore/argos/en_GB/images/icon_delivery_grey.png","","http://www.argos.co.uk/wcsstore/argos/en_GB/images/icon_delivery_disabled.png","","","http://www.argos.co.uk/webapp/wcs/stores/servlet/ArgosProductPurchaseNoJS?storeId=10151&langId=110&catalogId=25051&URL=OrderItemDisplay&errorViewName=ArgosGenericErrorView&catEntryId=1255378&partNumber=3466108&quantity=1","Add To Trolley","Buy or Reserve ALBA 24' HD READY LED TV/DVD COMBI","http://www.argos.co.uk/webapp/wcs/stores/servlet/ArgosProductPurchaseNoJS?storeId=10151&langId=110&catalogId=25051&URL=OrderItemDisplay&errorViewName=ArgosGenericErrorView&catEntryId=1255378&partNumber=3466108&quantity=1","Buy or Reserve","Buy or Reserve ALBA 24' HD READY LED TV/DVD COMBI","http://www.argos.co.uk/static/Product/partNumber/3466108.htm","","more details on ALBA 24' HD READY LED TV/DVD COMBI","http://argos.scene7.com/is/image/Argos/3466108_R_SET?$Listers$","more details on ALBA 24' HD READY LED TV/DVD COMBI","Order now for delivery <span>within <span>2 days</span></span>","Reserve to collect in store","Compare"
"http://www.argos.co.uk/static/Product/partNumber/4483908.htm","Bush 55 Inch Ultra HD Freeview Smart LED TV.","more details on Bush 55 Inch Ultra HD Freeview Smart LED TV.","55","4483908","549.99","http://www.argos.co.uk/wcsstore/argos/en_GB/siteAssets/images/fasttrack_icon.png","Fast Track","Was","599","Save £49.00","49","http://www.argos.co.uk/static/Product/partNumber/4483908.htm#pdpProductReviews","(1)","","http://www.argos.co.uk/wcsstore/argos/en_GB/images/rating/stars/rating-5_0.gif","","1","+ 5 special offers","5","http://www.argos.co.uk/wcsstore/argos/en_GB/images/icon_collection_grey.png","","http://www.argos.co.uk/wcsstore/argos/en_GB/images/green_arrow.png","","http://www.argos.co.uk/wcsstore/argos/en_GB/images/icon_collection_disabled.png","","http://www.argos.co.uk/wcsstore/argos/en_GB/images/grey_arrow.gif","","http://www.argos.co.uk/wcsstore/argos/en_GB/images/icon_delivery_grey.png","","http://www.argos.co.uk/wcsstore/argos/en_GB/images/icon_delivery_disabled.png","","","http://www.argos.co.uk/webapp/wcs/stores/servlet/ArgosProductPurchaseNoJS?storeId=10151&langId=110&catalogId=25051&URL=OrderItemDisplay&errorViewName=ArgosGenericErrorView&catEntryId=1377155&partNumber=4483908&quantity=1","Add To Trolley","Buy or Reserve Bush 55 Inch Ultra HD Freeview Smart LED TV.","http://www.argos.co.uk/webapp/wcs/stores/servlet/ArgosProductPurchaseNoJS?storeId=10151&langId=110&catalogId=25051&URL=OrderItemDisplay&errorViewName=ArgosGenericErrorView&catEntryId=1377155&partNumber=4483908&quantity=1","Buy or Reserve","Buy or Reserve Bush 55 Inch Ultra HD Freeview Smart LED TV.","http://www.argos.co.uk/static/Product/partNumber/4483908.htm","","more details on Bush 55 Inch Ultra HD Freeview Smart LED TV.","http://argos.scene7.com/is/image/Argos/4483908_R_SET?$Listers$","more details on Bush 55 Inch Ultra HD Freeview Smart LED TV.","Order now for delivery <span>within <span>2 days</span></span>","Reserve to collect in store","Compare"
"http://www.argos.co.uk/static/Product/partNumber/4482260.htm","Samsung UE55J6100 55 Inch Full HD LED TV.","more details on Samsung UE55J6100 55 Inch Full HD LED TV.","55","4482260","429.99","","","Was","599","Save £169.00","169","http://www.argos.co.uk/static/Product/partNumber/4482260.htm#pdpProductReviews","(22)","","http://www.argos.co.uk/wcsstore/argos/en_GB/images/rating/stars/rating-4_9.gif","","22","","","http://www.argos.co.uk/wcsstore/argos/en_GB/images/icon_collection_grey.png","","http://www.argos.co.uk/wcsstore/argos/en_GB/images/green_arrow.png","","http://www.argos.co.uk/wcsstore/argos/en_GB/images/icon_collection_disabled.png","","http://www.argos.co.uk/wcsstore/argos/en_GB/images/grey_arrow.gif","","http://www.argos.co.uk/wcsstore/argos/en_GB/images/icon_delivery_grey.png","","http://www.argos.co.uk/wcsstore/argos/en_GB/images/icon_delivery_disabled.png","","","http://www.argos.co.uk/webapp/wcs/stores/servlet/ArgosProductPurchaseNoJS?storeId=10151&langId=110&catalogId=25051&URL=OrderItemDisplay&errorViewName=ArgosGenericErrorView&catEntryId=1377159&partNumber=4482260&quantity=1","Add To Trolley","Buy or Reserve Samsung UE55J6100 55 Inch Full HD LED TV.","http://www.argos.co.uk/webapp/wcs/stores/servlet/ArgosProductPurchaseNoJS?storeId=10151&langId=110&catalogId=25051&URL=OrderItemDisplay&errorViewName=ArgosGenericErrorView&catEntryId=1377159&partNumber=4482260&quantity=1","Buy or Reserve","Buy or Reserve Samsung UE55J6100 55 Inch Full HD LED TV.","http://www.argos.co.uk/static/Product/partNumber/4482260.htm","","more details on Samsung UE55J6100 55 Inch Full HD LED TV.","http://argos.scene7.com/is/image/Argos/4482260_R_SET?$Listers$","more details on Samsung UE55J6100 55 Inch Full HD LED TV.","Currently out of stock for delivery","Reserve to collect in store","Compare"
"http://www.argos.co.uk/static/Product/partNumber/4475198.htm","Seiki 55 Inch Full HD LED TV.","more details on Seiki 55 Inch Full HD LED TV.","55","4475198","319.99","http://www.argos.co.uk/wcsstore/argos/en_GB/siteAssets/images/fasttrack_icon.png","Fast Track","Was","699.99","Less Than Half Price","","http://www.argos.co.uk/static/Product/partNumber/4475198.htm#pdpProductReviews","(70)","","http://www.argos.co.uk/wcsstore/argos/en_GB/images/rating/stars/rating-4_5.gif","","70","","","http://www.argos.co.uk/wcsstore/argos/en_GB/images/icon_collection_grey.png","","http://www.argos.co.uk/wcsstore/argos/en_GB/images/green_arrow.png","","http://www.argos.co.uk/wcsstore/argos/en_GB/images/icon_collection_disabled.png","","http://www.argos.co.uk/wcsstore/argos/en_GB/images/grey_arrow.gif","","http://www.argos.co.uk/wcsstore/argos/en_GB/images/icon_delivery_grey.png","","http://www.argos.co.uk/wcsstore/argos/en_GB/images/icon_delivery_disabled.png","","","http://www.argos.co.uk/webapp/wcs/stores/servlet/ArgosProductPurchaseNoJS?storeId=10151&langId=110&catalogId=25051&URL=OrderItemDisplay&errorViewName=ArgosGenericErrorView&catEntryId=1377163&partNumber=4475198&quantity=1","Add To Trolley","Buy or Reserve Seiki 55 Inch Full HD LED TV.","http://www.argos.co.uk/webapp/wcs/stores/servlet/ArgosProductPurchaseNoJS?storeId=10151&langId=110&catalogId=25051&URL=OrderItemDisplay&errorViewName=ArgosGenericErrorView&catEntryId=1377163&partNumber=4475198&quantity=1","Buy or Reserve","Buy or Reserve Seiki 55 Inch Full HD LED TV.","http://www.argos.co.uk/static/Product/partNumber/4475198.htm","","more details on Seiki 55 Inch Full HD LED TV.","http://argos.scene7.com/is/image/Argos/4475198_R_SET?$Listers$","more details on Seiki 55 Inch Full HD LED TV.","Currently out of stock for delivery","Reserve to collect in store","Compare"
"http://www.argos.co.uk/static/Product/partNumber/4551328.htm","LG 49 inch 49LF510V FHD LED TV","more details on LG 49 inch 49LF510V FHD LED TV","49; 49","4551328","379","http://www.argos.co.uk/wcsstore/argos/en_GB/siteAssets/images/fasttrack_icon.png","Fast Track","Was","549","Save £170.00","170","http://www.argos.co.uk/static/Product/partNumber/4551328.htm#pdpProductReviews","(86)","","http://www.argos.co.uk/wcsstore/argos/en_GB/images/rating/stars/rating-4_5.gif","","86","+ 6 special offers","6","http://www.argos.co.uk/wcsstore/argos/en_GB/images/icon_collection_grey.png","","http://www.argos.co.uk/wcsstore/argos/en_GB/images/green_arrow.png","","http://www.argos.co.uk/wcsstore/argos/en_GB/images/icon_collection_disabled.png","","http://www.argos.co.uk/wcsstore/argos/en_GB/images/grey_arrow.gif","","http://www.argos.co.uk/wcsstore/argos/en_GB/images/icon_delivery_grey.png","","http://www.argos.co.uk/wcsstore/argos/en_GB/images/icon_delivery_disabled.png","","","http://www.argos.co.uk/webapp/wcs/stores/servlet/ArgosProductPurchaseNoJS?storeId=10151&langId=110&catalogId=25051&URL=OrderItemDisplay&errorViewName=ArgosGenericErrorView&catEntryId=1377403&partNumber=4551328&quantity=1","Add To Trolley","Buy or Reserve LG 49 inch 49LF510V FHD LED TV","http://www.argos.co.uk/webapp/wcs/stores/servlet/ArgosProductPurchaseNoJS?storeId=10151&langId=110&catalogId=25051&URL=OrderItemDisplay&errorViewName=ArgosGenericErrorView&catEntryId=1377403&partNumber=4551328&quantity=1","Buy or Reserve","Buy or Reserve LG 49 inch 49LF510V FHD LED TV","http://www.argos.co.uk/static/Product/partNumber/4551328.htm","","more details on LG 49 inch 49LF510V FHD LED TV","http://argos.scene7.com/is/image/Argos/4551328_R_SET?$Listers$","more details on LG 49 inch 49LF510V FHD LED TV","Order now for delivery <span>within <span>2 days</span></span>","Reserve to collect in store","Compare"
"http://www.argos.co.uk/static/Product/partNumber/4550374.htm","Hitachi 43 Inch UHD 4K Smart TV.","more details on Hitachi 43 Inch UHD 4K Smart TV.","43; 4","4550374","359.99","http://www.argos.co.uk/wcsstore/argos/en_GB/siteAssets/images/fasttrack_icon.png","Fast Track","Was","549.99","Save £190.00","190","http://www.argos.co.uk/static/Product/partNumber/4550374.htm#pdpProductReviews","(134)","","http://www.argos.co.uk/wcsstore/argos/en_GB/images/rating/stars/rating-4_6.gif","","134","+ 6 special offers","6","http://www.argos.co.uk/wcsstore/argos/en_GB/images/icon_collection_grey.png","","http://www.argos.co.uk/wcsstore/argos/en_GB/images/green_arrow.png","","http://www.argos.co.uk/wcsstore/argos/en_GB/images/icon_collection_disabled.png","","http://www.argos.co.uk/wcsstore/argos/en_GB/images/grey_arrow.gif","","http://www.argos.co.uk/wcsstore/argos/en_GB/images/icon_delivery_grey.png","","http://www.argos.co.uk/wcsstore/argos/en_GB/images/icon_delivery_disabled.png","","","http://www.argos.co.uk/webapp/wcs/stores/servlet/ArgosProductPurchaseNoJS?storeId=10151&langId=110&catalogId=25051&URL=OrderItemDisplay&errorViewName=ArgosGenericErrorView&catEntryId=1379191&partNumber=4550374&quantity=1","Add To Trolley","Buy or Reserve Hitachi 43 Inch UHD 4K Smart TV.","http://www.argos.co.uk/webapp/wcs/stores/servlet/ArgosProductPurchaseNoJS?storeId=10151&langId=110&catalogId=25051&URL=OrderItemDisplay&errorViewName=ArgosGenericErrorView&catEntryId=1379191&partNumber=4550374&quantity=1","Buy or Reserve","Buy or Reserve Hitachi 43 Inch UHD 4K Smart TV.","http://www.argos.co.uk/static/Product/partNumber/4550374.htm","","more details on Hitachi 43 Inch UHD 4K Smart TV.","http://argos.scene7.com/is/image/Argos/4550374_R_SET?$Listers$","more details on Hitachi 43 Inch UHD 4K Smart TV.","Order now for delivery <span>within <span>2 days</span></span>","Reserve to collect in store","Compare"
"http://www.argos.co.uk/static/Product/partNumber/4559430.htm","Philips 43PUT4900 43 Inch 4K Ultra HD Freeview HD TV","more details on Philips 43PUT4900 43 Inch 4K Ultra HD Freeview HD TV","43; 43; 4","4559430","329","http://www.argos.co.uk/wcsstore/argos/en_GB/siteAssets/images/fasttrack_icon.png","Fast Track","Was","399","Save £70.00","70","http://www.argos.co.uk/static/Product/partNumber/4559430.htm#pdpProductReviews","(60)","","http://www.argos.co.uk/wcsstore/argos/en_GB/images/rating/stars/rating-4_5.gif","","60","+ 6 special offers","6","http://www.argos.co.uk/wcsstore/argos/en_GB/images/icon_collection_grey.png","","http://www.argos.co.uk/wcsstore/argos/en_GB/images/green_arrow.png","","http://www.argos.co.uk/wcsstore/argos/en_GB/images/icon_collection_disabled.png","","http://www.argos.co.uk/wcsstore/argos/en_GB/images/grey_arrow.gif","","http://www.argos.co.uk/wcsstore/argos/en_GB/images/icon_delivery_grey.png","","http://www.argos.co.uk/wcsstore/argos/en_GB/images/icon_delivery_disabled.png","","","http://www.argos.co.uk/webapp/wcs/stores/servlet/ArgosProductPurchaseNoJS?storeId=10151&langId=110&catalogId=25051&URL=OrderItemDisplay&errorViewName=ArgosGenericErrorView&catEntryId=1385355&partNumber=4559430&quantity=1","Add To Trolley","Buy or Reserve Philips 43PUT4900 43 Inch 4K Ultra HD Freeview HD TV","http://www.argos.co.uk/webapp/wcs/stores/servlet/ArgosProductPurchaseNoJS?storeId=10151&langId=110&catalogId=25051&URL=OrderItemDisplay&errorViewName=ArgosGenericErrorView&catEntryId=1385355&partNumber=4559430&quantity=1","Buy or Reserve","Buy or Reserve Philips 43PUT4900 43 Inch 4K Ultra HD Freeview HD TV","http://www.argos.co.uk/static/Product/partNumber/4559430.htm","","more details on Philips 43PUT4900 43 Inch 4K Ultra HD Freeview HD TV","http://argos.scene7.com/is/image/Argos/4559430_R_SET?$Listers$","more details on Philips 43PUT4900 43 Inch 4K Ultra HD Freeview HD TV","Order now for delivery <span>within <span>2 days</span></span>","Reserve to collect in store","Compare"