desc_link,desc_link/_text,desc_link/_title,partnum_number,main_price,fasttrack_image,fasttrack_image/_alt,wasprice_value,wasprice_price,saveprice_value,customerrating_link,customerrating_link/_text,customerrating_link/_title,customerrating_image,customerrating_image/_alt,customerrating_number,image_1,image_1/_alt,image_2,image_2/_alt,image_3,image_3/_alt,image_4,image_4/_alt,image_5,image_5/_alt,image_6,image_6/_alt,deliverydd_value,addtotrolley_link,addtotrolley_link/_text,addtotrolley_link/_title,buyorreserve_link,buyorreserve_link/_text,buyorreserve_link/_title,image_link,image_link/_text,image_link/_title,image_7,image_7/_alt,ordering_value,deliverytext_value,deliverytext_value_numbers,storepickup_value,storepickup_value_numbers,label_value
"http://www.argos.co.uk/static/Product/partNumber/2328890.htm","Trespass Women's Black 3‑in‑1 Jacket.","more details on Trespass Women's Black 3‑in‑1 Jacket.","2328890","34.99","","","Was","69.99","Half Price","http://www.argos.co.uk/static/Product/partNumber/2328890.htm#pdpProductReviews","(5)","","http://www.argos.co.uk/wcsstore/argos/en_GB/images/rating/stars/rating-4_6.gif","","5","http://www.argos.co.uk/wcsstore/argos/en_GB/images/icon_collection_grey.png","","http://www.argos.co.uk/wcsstore/argos/en_GB/images/green_arrow.png","","http://www.argos.co.uk/wcsstore/argos/en_GB/images/icon_collection_disabled.png","","http://www.argos.co.uk/wcsstore/argos/en_GB/images/grey_arrow.gif","","http://www.argos.co.uk/wcsstore/argos/en_GB/images/icon_delivery_grey.png","","http://www.argos.co.uk/wcsstore/argos/en_GB/images/icon_delivery_disabled.png","","","http://www.argos.co.uk/webapp/wcs/stores/servlet/ArgosProductPurchaseNoJS?storeId=10151&langId=110&catalogId=25051&URL=OrderItemDisplay&errorViewName=ArgosGenericErrorView&catEntryId=1159288&partNumber=2328890&quantity=1","Add To Trolley","Buy or Reserve Trespass Women's Black 3‑in‑1 Jacket.","http://www.argos.co.uk/webapp/wcs/stores/servlet/ArgosProductPurchaseNoJS?storeId=10151&langId=110&catalogId=25051&URL=OrderItemDisplay&errorViewName=ArgosGenericErrorView&catEntryId=1159288&partNumber=2328890&quantity=1","Buy or Reserve","Buy or Reserve Trespass Women's Black 3‑in‑1 Jacket.","http://www.argos.co.uk/static/Product/partNumber/2328890.htm","","more details on Trespass Women's Black 3‑in‑1 Jacket.","http://argos.scene7.com/is/image/Argos/2328890_R_SET?$Listers$","more details on Trespass Women's Black 3‑in‑1 Jacket.","Click on image to see all options","","","","",""
"http://www.argos.co.uk/static/Product/partNumber/4827801.htm","Trespass Nana 3 in 1 Purple Jacket.","more details on Trespass Nana 3 in 1 Purple Jacket.","4827801","34.99","http://www.argos.co.uk/wcsstore/argos/en_GB/siteAssets/images/fasttrack_icon.png","Fast Track","Was","69.99","Half Price","","","","","","","http://www.argos.co.uk/wcsstore/argos/en_GB/images/icon_collection_grey.png","","http://www.argos.co.uk/wcsstore/argos/en_GB/images/green_arrow.png","","http://www.argos.co.uk/wcsstore/argos/en_GB/images/icon_collection_disabled.png","","http://www.argos.co.uk/wcsstore/argos/en_GB/images/grey_arrow.gif","","http://www.argos.co.uk/wcsstore/argos/en_GB/images/icon_delivery_grey.png","","http://www.argos.co.uk/wcsstore/argos/en_GB/images/icon_delivery_disabled.png","","","http://www.argos.co.uk/webapp/wcs/stores/servlet/ArgosProductPurchaseNoJS?storeId=10151&langId=110&catalogId=25051&URL=OrderItemDisplay&errorViewName=ArgosGenericErrorView&catEntryId=1399147&partNumber=4827801&quantity=1","Add To Trolley","Buy or Reserve Trespass Nana 3 in 1 Purple Jacket.","http://www.argos.co.uk/webapp/wcs/stores/servlet/ArgosProductPurchaseNoJS?storeId=10151&langId=110&catalogId=25051&URL=OrderItemDisplay&errorViewName=ArgosGenericErrorView&catEntryId=1399147&partNumber=4827801&quantity=1","Buy or Reserve","Buy or Reserve Trespass Nana 3 in 1 Purple Jacket.","http://www.argos.co.uk/static/Product/partNumber/4827801.htm","","more details on Trespass Nana 3 in 1 Purple Jacket.","http://argos.scene7.com/is/image/Argos/4827801_R_SET?$Listers$","more details on Trespass Nana 3 in 1 Purple Jacket.","Click on image to see all options","","","","",""
"http://www.argos.co.uk/static/Product/partNumber/4518574.htm","Cherokee Women Chambray Shirt.","more details on Cherokee Women Chambray Shirt.","4518574","14","http://www.argos.co.uk/wcsstore/argos/en_GB/siteAssets/images/fasttrack_icon.png","Fast Track","","","","","","","","","","http://www.argos.co.uk/wcsstore/argos/en_GB/images/icon_collection_grey.png","","http://www.argos.co.uk/wcsstore/argos/en_GB/images/green_arrow.png","","http://www.argos.co.uk/wcsstore/argos/en_GB/images/icon_collection_disabled.png","","http://www.argos.co.uk/wcsstore/argos/en_GB/images/grey_arrow.gif","","http://www.argos.co.uk/wcsstore/argos/en_GB/images/icon_delivery_grey.png","","http://www.argos.co.uk/wcsstore/argos/en_GB/images/icon_delivery_disabled.png","","","http://www.argos.co.uk/webapp/wcs/stores/servlet/ArgosProductPurchaseNoJS?storeId=10151&langId=110&catalogId=25051&URL=OrderItemDisplay&errorViewName=ArgosGenericErrorView&catEntryId=1400045&partNumber=4518574&quantity=1","Add To Trolley","Buy or Reserve Cherokee Women Chambray Shirt.","http://www.argos.co.uk/webapp/wcs/stores/servlet/ArgosProductPurchaseNoJS?storeId=10151&langId=110&catalogId=25051&URL=OrderItemDisplay&errorViewName=ArgosGenericErrorView&catEntryId=1400045&partNumber=4518574&quantity=1","Buy or Reserve","Buy or Reserve Cherokee Women Chambray Shirt.","http://www.argos.co.uk/static/Product/partNumber/4518574.htm","","more details on Cherokee Women Chambray Shirt.","http://argos.scene7.com/is/image/Argos/4518574_R_SET?$Listers$","more details on Cherokee Women Chambray Shirt.","Click on image to see all options","","","","",""
"http://www.argos.co.uk/static/Product/partNumber/4539735.htm","Cherokee Womens Relaxed Fashion Fit Jeans.","more details on Cherokee Womens Relaxed Fashion Fit Jeans.","4539735","14.66","","","Was","22","Save 1/3","","","","","","","http://www.argos.co.uk/wcsstore/argos/en_GB/images/icon_collection_grey.png","","http://www.argos.co.uk/wcsstore/argos/en_GB/images/green_arrow.png","","http://www.argos.co.uk/wcsstore/argos/en_GB/images/icon_collection_disabled.png","","http://www.argos.co.uk/wcsstore/argos/en_GB/images/grey_arrow.gif","","http://www.argos.co.uk/wcsstore/argos/en_GB/images/icon_delivery_grey.png","","http://www.argos.co.uk/wcsstore/argos/en_GB/images/icon_delivery_disabled.png","","","http://www.argos.co.uk/webapp/wcs/stores/servlet/ArgosProductPurchaseNoJS?storeId=10151&langId=110&catalogId=25051&URL=OrderItemDisplay&errorViewName=ArgosGenericErrorView&catEntryId=1400147&partNumber=4539735&quantity=1","Add To Trolley","Buy or Reserve Cherokee Womens Relaxed Fashion Fit Jeans.","http://www.argos.co.uk/webapp/wcs/stores/servlet/ArgosProductPurchaseNoJS?storeId=10151&langId=110&catalogId=25051&URL=OrderItemDisplay&errorViewName=ArgosGenericErrorView&catEntryId=1400147&partNumber=4539735&quantity=1","Buy or Reserve","Buy or Reserve Cherokee Womens Relaxed Fashion Fit Jeans.","http://www.argos.co.uk/static/Product/partNumber/4539735.htm","","more details on Cherokee Womens Relaxed Fashion Fit Jeans.","http://argos.scene7.com/is/image/Argos/4539735_R_SET?$Listers$","more details on Cherokee Womens Relaxed Fashion Fit Jeans.","Click on image to see all options","","","","",""
"http://www.argos.co.uk/static/Product/partNumber/4610788.htm","Cherokee Womens Fashion Wash Skinny Jeans.","more details on Cherokee Womens Fashion Wash Skinny Jeans.","4610788","13.33","http://www.argos.co.uk/wcsstore/argos/en_GB/siteAssets/images/fasttrack_icon.png","Fast Track","Was","20","Save 1/3","","","","","","","http://www.argos.co.uk/wcsstore/argos/en_GB/images/icon_collection_grey.png","","http://www.argos.co.uk/wcsstore/argos/en_GB/images/green_arrow.png","","http://www.argos.co.uk/wcsstore/argos/en_GB/images/icon_collection_disabled.png","","http://www.argos.co.uk/wcsstore/argos/en_GB/images/grey_arrow.gif","","http://www.argos.co.uk/wcsstore/argos/en_GB/images/icon_delivery_grey.png","","http://www.argos.co.uk/wcsstore/argos/en_GB/images/icon_delivery_disabled.png","","","http://www.argos.co.uk/webapp/wcs/stores/servlet/ArgosProductPurchaseNoJS?storeId=10151&langId=110&catalogId=25051&URL=OrderItemDisplay&errorViewName=ArgosGenericErrorView&catEntryId=1400465&partNumber=4610788&quantity=1","Add To Trolley","Buy or Reserve Cherokee Womens Fashion Wash Skinny Jeans.","http://www.argos.co.uk/webapp/wcs/stores/servlet/ArgosProductPurchaseNoJS?storeId=10151&langId=110&catalogId=25051&URL=OrderItemDisplay&errorViewName=ArgosGenericErrorView&catEntryId=1400465&partNumber=4610788&quantity=1","Buy or Reserve","Buy or Reserve Cherokee Womens Fashion Wash Skinny Jeans.","http://www.argos.co.uk/static/Product/partNumber/4610788.htm","","more details on Cherokee Womens Fashion Wash Skinny Jeans.","http://argos.scene7.com/is/image/Argos/4610788_R_SET?$Listers$","more details on Cherokee Womens Fashion Wash Skinny Jeans.","Click on image to see all options","","","","",""
"http://www.argos.co.uk/static/Product/partNumber/4611103.htm","Cherokee Womens Printed Maxi Dress.","more details on Cherokee Womens Printed Maxi Dress.","4611103","18","http://www.argos.co.uk/wcsstore/argos/en_GB/siteAssets/images/fasttrack_icon.png","Fast Track","","","","","","","","","","http://www.argos.co.uk/wcsstore/argos/en_GB/images/icon_collection_grey.png","","http://www.argos.co.uk/wcsstore/argos/en_GB/images/green_arrow.png","","http://www.argos.co.uk/wcsstore/argos/en_GB/images/icon_collection_disabled.png","","http://www.argos.co.uk/wcsstore/argos/en_GB/images/grey_arrow.gif","","http://www.argos.co.uk/wcsstore/argos/en_GB/images/icon_delivery_grey.png","","http://www.argos.co.uk/wcsstore/argos/en_GB/images/icon_delivery_disabled.png","","","http://www.argos.co.uk/webapp/wcs/stores/servlet/ArgosProductPurchaseNoJS?storeId=10151&langId=110&catalogId=25051&URL=OrderItemDisplay&errorViewName=ArgosGenericErrorView&catEntryId=1400469&partNumber=4611103&quantity=1","Add To Trolley","Buy or Reserve Cherokee Womens Printed Maxi Dress.","http://www.argos.co.uk/webapp/wcs/stores/servlet/ArgosProductPurchaseNoJS?storeId=10151&langId=110&catalogId=25051&URL=OrderItemDisplay&errorViewName=ArgosGenericErrorView&catEntryId=1400469&partNumber=4611103&quantity=1","Buy or Reserve","Buy or Reserve Cherokee Womens Printed Maxi Dress.","http://www.argos.co.uk/static/Product/partNumber/4611103.htm","","more details on Cherokee Womens Printed Maxi Dress.","http://argos.scene7.com/is/image/Argos/4611103_R_SET?$Listers$","more details on Cherokee Womens Printed Maxi Dress.","Click on image to see all options","","","","",""
"http://www.argos.co.uk/static/Product/partNumber/4619569.htm","Cherokee Womens Print Tie Waist Top.","more details on Cherokee Womens Print Tie Waist Top.","4619569","14","","","","","","","","","","","","http://www.argos.co.uk/wcsstore/argos/en_GB/images/icon_collection_grey.png","","http://www.argos.co.uk/wcsstore/argos/en_GB/images/green_arrow.png","","http://www.argos.co.uk/wcsstore/argos/en_GB/images/icon_collection_disabled.png","","http://www.argos.co.uk/wcsstore/argos/en_GB/images/grey_arrow.gif","","http://www.argos.co.uk/wcsstore/argos/en_GB/images/icon_delivery_grey.png","","http://www.argos.co.uk/wcsstore/argos/en_GB/images/icon_delivery_disabled.png","","","http://www.argos.co.uk/webapp/wcs/stores/servlet/ArgosProductPurchaseNoJS?storeId=10151&langId=110&catalogId=25051&URL=OrderItemDisplay&errorViewName=ArgosGenericErrorView&catEntryId=1400567&partNumber=4619569&quantity=1","Add To Trolley","Buy or Reserve Cherokee Womens Print Tie Waist Top.","http://www.argos.co.uk/webapp/wcs/stores/servlet/ArgosProductPurchaseNoJS?storeId=10151&langId=110&catalogId=25051&URL=OrderItemDisplay&errorViewName=ArgosGenericErrorView&catEntryId=1400567&partNumber=4619569&quantity=1","Buy or Reserve","Buy or Reserve Cherokee Womens Print Tie Waist Top.","http://www.argos.co.uk/static/Product/partNumber/4619569.htm","","more details on Cherokee Womens Print Tie Waist Top.","http://argos.scene7.com/is/image/Argos/4619569_R_SET?$Listers$","more details on Cherokee Womens Print Tie Waist Top.","Click on image to see all options","","","","",""
"http://www.argos.co.uk/static/Product/partNumber/4719335.htm","Cherokee Womens Jumpsuit with Belt.","more details on Cherokee Womens Jumpsuit with Belt.","4719335","18","http://www.argos.co.uk/wcsstore/argos/en_GB/siteAssets/images/fasttrack_icon.png","Fast Track","","","","http://www.argos.co.uk/static/Product/partNumber/4719335.htm#pdpProductReviews","(1)","","http://www.argos.co.uk/wcsstore/argos/en_GB/images/rating/stars/rating-5_0.gif","","1","http://www.argos.co.uk/wcsstore/argos/en_GB/images/icon_collection_grey.png","","http://www.argos.co.uk/wcsstore/argos/en_GB/images/green_arrow.png","","http://www.argos.co.uk/wcsstore/argos/en_GB/images/icon_collection_disabled.png","","http://www.argos.co.uk/wcsstore/argos/en_GB/images/grey_arrow.gif","","http://www.argos.co.uk/wcsstore/argos/en_GB/images/icon_delivery_grey.png","","http://www.argos.co.uk/wcsstore/argos/en_GB/images/icon_delivery_disabled.png","","","http://www.argos.co.uk/webapp/wcs/stores/servlet/ArgosProductPurchaseNoJS?storeId=10151&langId=110&catalogId=25051&URL=OrderItemDisplay&errorViewName=ArgosGenericErrorView&catEntryId=1400795&partNumber=4719335&quantity=1","Add To Trolley","Buy or Reserve Cherokee Womens Jumpsuit with Belt.","http://www.argos.co.uk/webapp/wcs/stores/servlet/ArgosProductPurchaseNoJS?storeId=10151&langId=110&catalogId=25051&URL=OrderItemDisplay&errorViewName=ArgosGenericErrorView&catEntryId=1400795&partNumber=4719335&quantity=1","Buy or Reserve","Buy or Reserve Cherokee Womens Jumpsuit with Belt.","http://www.argos.co.uk/static/Product/partNumber/4719335.htm","","more details on Cherokee Womens Jumpsuit with Belt.","http://argos.scene7.com/is/image/Argos/4719335_R_SET?$Listers$","more details on Cherokee Womens Jumpsuit with Belt.","Click on image to see all options","","","","",""
"http://www.argos.co.uk/static/Product/partNumber/4818339.htm","Cherokee Womens Faux Leather Jacket.","more details on Cherokee Womens Faux Leather Jacket.","4818339","32","http://www.argos.co.uk/wcsstore/argos/en_GB/siteAssets/images/fasttrack_icon.png","Fast Track","","","","","","","","","","http://www.argos.co.uk/wcsstore/argos/en_GB/images/icon_collection_grey.png","","http://www.argos.co.uk/wcsstore/argos/en_GB/images/green_arrow.png","","http://www.argos.co.uk/wcsstore/argos/en_GB/images/icon_collection_disabled.png","","http://www.argos.co.uk/wcsstore/argos/en_GB/images/grey_arrow.gif","","http://www.argos.co.uk/wcsstore/argos/en_GB/images/icon_delivery_grey.png","","http://www.argos.co.uk/wcsstore/argos/en_GB/images/icon_delivery_disabled.png","","","http://www.argos.co.uk/webapp/wcs/stores/servlet/ArgosProductPurchaseNoJS?storeId=10151&langId=110&catalogId=25051&URL=OrderItemDisplay&errorViewName=ArgosGenericErrorView&catEntryId=1400985&partNumber=4818339&quantity=1","Add To Trolley","Buy or Reserve Cherokee Womens Faux Leather Jacket.","http://www.argos.co.uk/webapp/wcs/stores/servlet/ArgosProductPurchaseNoJS?storeId=10151&langId=110&catalogId=25051&URL=OrderItemDisplay&errorViewName=ArgosGenericErrorView&catEntryId=1400985&partNumber=4818339&quantity=1","Buy or Reserve","Buy or Reserve Cherokee Womens Faux Leather Jacket.","http://www.argos.co.uk/static/Product/partNumber/4818339.htm","","more details on Cherokee Womens Faux Leather Jacket.","http://argos.scene7.com/is/image/Argos/4818339_R_SET?$Listers$","more details on Cherokee Womens Faux Leather Jacket.","Click on image to see all options","","","","",""
"http://www.argos.co.uk/static/Product/partNumber/4818748.htm","Cherokee Womens Bretton Stripe Top with Zip Detail.","more details on Cherokee Womens Bretton Stripe Top with Zip Detail.","4818748","10.5","http://www.argos.co.uk/wcsstore/argos/en_GB/siteAssets/images/fasttrack_icon.png","Fast Track","Was","14","Save 25%","","","","","","","http://www.argos.co.uk/wcsstore/argos/en_GB/images/icon_collection_grey.png","","http://www.argos.co.uk/wcsstore/argos/en_GB/images/green_arrow.png","","http://www.argos.co.uk/wcsstore/argos/en_GB/images/icon_collection_disabled.png","","http://www.argos.co.uk/wcsstore/argos/en_GB/images/grey_arrow.gif","","http://www.argos.co.uk/wcsstore/argos/en_GB/images/icon_delivery_grey.png","","http://www.argos.co.uk/wcsstore/argos/en_GB/images/icon_delivery_disabled.png","","","http://www.argos.co.uk/webapp/wcs/stores/servlet/ArgosProductPurchaseNoJS?storeId=10151&langId=110&catalogId=25051&URL=OrderItemDisplay&errorViewName=ArgosGenericErrorView&catEntryId=1400987&partNumber=4818748&quantity=1","Add To Trolley","Buy or Reserve Cherokee Womens Bretton Stripe Top with Zip Detail.","http://www.argos.co.uk/webapp/wcs/stores/servlet/ArgosProductPurchaseNoJS?storeId=10151&langId=110&catalogId=25051&URL=OrderItemDisplay&errorViewName=ArgosGenericErrorView&catEntryId=1400987&partNumber=4818748&quantity=1","Buy or Reserve","Buy or Reserve Cherokee Womens Bretton Stripe Top with Zip Detail.","http://www.argos.co.uk/static/Product/partNumber/4818748.htm","","more details on Cherokee Womens Bretton Stripe Top with Zip Detail.","http://argos.scene7.com/is/image/Argos/4818748_R_SET?$Listers$","more details on Cherokee Womens Bretton Stripe Top with Zip Detail.","Click on image to see all options","","","","",""
"http://www.argos.co.uk/static/Product/partNumber/4819871.htm","Cherokee Ladies Lace Cami.","more details on Cherokee Ladies Lace Cami.","4819871","3.75","http://www.argos.co.uk/wcsstore/argos/en_GB/siteAssets/images/fasttrack_icon.png","Fast Track","Was","5","Save 25%","","","","","","","http://www.argos.co.uk/wcsstore/argos/en_GB/images/icon_collection_grey.png","","http://www.argos.co.uk/wcsstore/argos/en_GB/images/green_arrow.png","","http://www.argos.co.uk/wcsstore/argos/en_GB/images/icon_collection_disabled.png","","http://www.argos.co.uk/wcsstore/argos/en_GB/images/grey_arrow.gif","","http://www.argos.co.uk/wcsstore/argos/en_GB/images/icon_delivery_grey.png","","http://www.argos.co.uk/wcsstore/argos/en_GB/images/icon_delivery_disabled.png","","","http://www.argos.co.uk/webapp/wcs/stores/servlet/ArgosProductPurchaseNoJS?storeId=10151&langId=110&catalogId=25051&URL=OrderItemDisplay&errorViewName=ArgosGenericErrorView&catEntryId=1400993&partNumber=4819871&quantity=1","Add To Trolley","Buy or Reserve Cherokee Ladies Lace Cami.","http://www.argos.co.uk/webapp/wcs/stores/servlet/ArgosProductPurchaseNoJS?storeId=10151&langId=110&catalogId=25051&URL=OrderItemDisplay&errorViewName=ArgosGenericErrorView&catEntryId=1400993&partNumber=4819871&quantity=1","Buy or Reserve","Buy or Reserve Cherokee Ladies Lace Cami.","http://www.argos.co.uk/static/Product/partNumber/4819871.htm","","more details on Cherokee Ladies Lace Cami.","http://argos.scene7.com/is/image/Argos/4819871_R_SET?$Listers$","more details on Cherokee Ladies Lace Cami.","Click on image to see all options","","","","",""
"http://www.argos.co.uk/static/Product/partNumber/4615044.htm","Cherokee Womens Printed Wrap Dress.","more details on Cherokee Womens Printed Wrap Dress.","4615044","18","http://www.argos.co.uk/wcsstore/argos/en_GB/siteAssets/images/fasttrack_icon.png","Fast Track","","","","","","","","","","http://www.argos.co.uk/wcsstore/argos/en_GB/images/icon_collection_grey.png","","http://www.argos.co.uk/wcsstore/argos/en_GB/images/green_arrow.png","","http://www.argos.co.uk/wcsstore/argos/en_GB/images/icon_collection_disabled.png","","http://www.argos.co.uk/wcsstore/argos/en_GB/images/grey_arrow.gif","","http://www.argos.co.uk/wcsstore/argos/en_GB/images/icon_delivery_grey.png","","http://www.argos.co.uk/wcsstore/argos/en_GB/images/icon_delivery_disabled.png","","","http://www.argos.co.uk/webapp/wcs/stores/servlet/ArgosProductPurchaseNoJS?storeId=10151&langId=110&catalogId=25051&URL=OrderItemDisplay&errorViewName=ArgosGenericErrorView&catEntryId=1405805&partNumber=4615044&quantity=1","Add To Trolley","Buy or Reserve Cherokee Womens Printed Wrap Dress.","http://www.argos.co.uk/webapp/wcs/stores/servlet/ArgosProductPurchaseNoJS?storeId=10151&langId=110&catalogId=25051&URL=OrderItemDisplay&errorViewName=ArgosGenericErrorView&catEntryId=1405805&partNumber=4615044&quantity=1","Buy or Reserve","Buy or Reserve Cherokee Womens Printed Wrap Dress.","http://www.argos.co.uk/static/Product/partNumber/4615044.htm","","more details on Cherokee Womens Printed Wrap Dress.","http://argos.scene7.com/is/image/Argos/4615044_R_SET?$Listers$","more details on Cherokee Womens Printed Wrap Dress.","Click on image to see all options","","","","",""
"http://www.argos.co.uk/static/Product/partNumber/4607265.htm","Cherokee Womens Open Knit Jumper.","more details on Cherokee Womens Open Knit Jumper.","4607265","18","http://www.argos.co.uk/wcsstore/argos/en_GB/siteAssets/images/fasttrack_icon.png","Fast Track","","","","","","","","","","http://www.argos.co.uk/wcsstore/argos/en_GB/images/icon_collection_grey.png","","http://www.argos.co.uk/wcsstore/argos/en_GB/images/green_arrow.png","","http://www.argos.co.uk/wcsstore/argos/en_GB/images/icon_collection_disabled.png","","http://www.argos.co.uk/wcsstore/argos/en_GB/images/grey_arrow.gif","","http://www.argos.co.uk/wcsstore/argos/en_GB/images/icon_delivery_grey.png","","http://www.argos.co.uk/wcsstore/argos/en_GB/images/icon_delivery_disabled.png","","","http://www.argos.co.uk/webapp/wcs/stores/servlet/ArgosProductPurchaseNoJS?storeId=10151&langId=110&catalogId=25051&URL=OrderItemDisplay&errorViewName=ArgosGenericErrorView&catEntryId=1405807&partNumber=4607265&quantity=1","Add To Trolley","Buy or Reserve Cherokee Womens Open Knit Jumper.","http://www.argos.co.uk/webapp/wcs/stores/servlet/ArgosProductPurchaseNoJS?storeId=10151&langId=110&catalogId=25051&URL=OrderItemDisplay&errorViewName=ArgosGenericErrorView&catEntryId=1405807&partNumber=4607265&quantity=1","Buy or Reserve","Buy or Reserve Cherokee Womens Open Knit Jumper.","http://www.argos.co.uk/static/Product/partNumber/4607265.htm","","more details on Cherokee Womens Open Knit Jumper.","http://argos.scene7.com/is/image/Argos/4607265_R_SET?$Listers$","more details on Cherokee Womens Open Knit Jumper.","Click on image to see all options","","","","",""
"http://www.argos.co.uk/static/Product/partNumber/4573708.htm","Cherokee Womens Print Trousers.","more details on Cherokee Womens Print Trousers.","4573708","9.33","http://www.argos.co.uk/wcsstore/argos/en_GB/siteAssets/images/fasttrack_icon.png","Fast Track","Was","14","Save 1/3","","","","","","","http://www.argos.co.uk/wcsstore/argos/en_GB/images/icon_collection_grey.png","","http://www.argos.co.uk/wcsstore/argos/en_GB/images/green_arrow.png","","http://www.argos.co.uk/wcsstore/argos/en_GB/images/icon_collection_disabled.png","","http://www.argos.co.uk/wcsstore/argos/en_GB/images/grey_arrow.gif","","http://www.argos.co.uk/wcsstore/argos/en_GB/images/icon_delivery_grey.png","","http://www.argos.co.uk/wcsstore/argos/en_GB/images/icon_delivery_disabled.png","","","http://www.argos.co.uk/webapp/wcs/stores/servlet/ArgosProductPurchaseNoJS?storeId=10151&langId=110&catalogId=25051&URL=OrderItemDisplay&errorViewName=ArgosGenericErrorView&catEntryId=1406581&partNumber=4573708&quantity=1","Add To Trolley","Buy or Reserve Cherokee Womens Print Trousers.","http://www.argos.co.uk/webapp/wcs/stores/servlet/ArgosProductPurchaseNoJS?storeId=10151&langId=110&catalogId=25051&URL=OrderItemDisplay&errorViewName=ArgosGenericErrorView&catEntryId=1406581&partNumber=4573708&quantity=1","Buy or Reserve","Buy or Reserve Cherokee Womens Print Trousers.","http://www.argos.co.uk/static/Product/partNumber/4573708.htm","","more details on Cherokee Womens Print Trousers.","http://argos.scene7.com/is/image/Argos/4573708_R_SET?$Listers$","more details on Cherokee Womens Print Trousers.","Click on image to see all options","","","","",""
"http://www.argos.co.uk/static/Product/partNumber/4607289.htm","Cherokee Womens Pink Lace Insert Top.","more details on Cherokee Womens Pink Lace Insert Top.","4607289","6","http://www.argos.co.uk/wcsstore/argos/en_GB/siteAssets/images/fasttrack_icon.png","Fast Track","Was","12","Half Price","","","","","","","http://www.argos.co.uk/wcsstore/argos/en_GB/images/icon_collection_grey.png","","http://www.argos.co.uk/wcsstore/argos/en_GB/images/green_arrow.png","","http://www.argos.co.uk/wcsstore/argos/en_GB/images/icon_collection_disabled.png","","http://www.argos.co.uk/wcsstore/argos/en_GB/images/grey_arrow.gif","","http://www.argos.co.uk/wcsstore/argos/en_GB/images/icon_delivery_grey.png","","http://www.argos.co.uk/wcsstore/argos/en_GB/images/icon_delivery_disabled.png","","","http://www.argos.co.uk/webapp/wcs/stores/servlet/ArgosProductPurchaseNoJS?storeId=10151&langId=110&catalogId=25051&URL=OrderItemDisplay&errorViewName=ArgosGenericErrorView&catEntryId=1406583&partNumber=4607289&quantity=1","Add To Trolley","Buy or Reserve Cherokee Womens Pink Lace Insert Top.","http://www.argos.co.uk/webapp/wcs/stores/servlet/ArgosProductPurchaseNoJS?storeId=10151&langId=110&catalogId=25051&URL=OrderItemDisplay&errorViewName=ArgosGenericErrorView&catEntryId=1406583&partNumber=4607289&quantity=1","Buy or Reserve","Buy or Reserve Cherokee Womens Pink Lace Insert Top.","http://www.argos.co.uk/static/Product/partNumber/4607289.htm","","more details on Cherokee Womens Pink Lace Insert Top.","http://argos.scene7.com/is/image/Argos/4607289_R_SET?$Listers$","more details on Cherokee Womens Pink Lace Insert Top.","Click on image to see all options","","","","",""
"http://www.argos.co.uk/static/Product/partNumber/3816181.htm","Trespass Women's Black Parker Jacket.","more details on Trespass Women's Black Parker Jacket.","3816181","59.99","","","","","","http://www.argos.co.uk/static/Product/partNumber/3816181.htm#pdpProductReviews","(3)","","http://www.argos.co.uk/wcsstore/argos/en_GB/images/rating/stars/rating-5_0.gif","","3","http://www.argos.co.uk/wcsstore/argos/en_GB/images/icon_collection_grey.png","","http://www.argos.co.uk/wcsstore/argos/en_GB/images/green_arrow.png","","http://www.argos.co.uk/wcsstore/argos/en_GB/images/icon_collection_disabled.png","","http://www.argos.co.uk/wcsstore/argos/en_GB/images/grey_arrow.gif","","http://www.argos.co.uk/wcsstore/argos/en_GB/images/icon_delivery_grey.png","","http://www.argos.co.uk/wcsstore/argos/en_GB/images/icon_delivery_disabled.png","","","http://www.argos.co.uk/webapp/wcs/stores/servlet/ArgosProductPurchaseNoJS?storeId=10151&langId=110&catalogId=25051&URL=OrderItemDisplay&errorViewName=ArgosGenericErrorView&catEntryId=1308343&partNumber=3816181&quantity=1","Add To Trolley","Buy or Reserve Trespass Women's Black Parker Jacket.","http://www.argos.co.uk/webapp/wcs/stores/servlet/ArgosProductPurchaseNoJS?storeId=10151&langId=110&catalogId=25051&URL=OrderItemDisplay&errorViewName=ArgosGenericErrorView&catEntryId=1308343&partNumber=3816181&quantity=1","Buy or Reserve","Buy or Reserve Trespass Women's Black Parker Jacket.","http://www.argos.co.uk/static/Product/partNumber/3816181.htm","","more details on Trespass Women's Black Parker Jacket.","http://argos.scene7.com/is/image/Argos/3816181_R_SET?$Listers$","more details on Trespass Women's Black Parker Jacket.","Click on image to see all options","","","","",""
"http://www.argos.co.uk/static/Product/partNumber/3927946.htm","Trespass Women's Purple Jacket.","more details on Trespass Women's Purple Jacket.","3927946","14.99","http://www.argos.co.uk/wcsstore/argos/en_GB/siteAssets/images/fasttrack_icon.png","Fast Track","Was","19.99","Save 25%","http://www.argos.co.uk/static/Product/partNumber/3927946.htm#pdpProductReviews","(10)","","http://www.argos.co.uk/wcsstore/argos/en_GB/images/rating/stars/rating-3_9.gif","","10","http://www.argos.co.uk/wcsstore/argos/en_GB/images/icon_collection_grey.png","","http://www.argos.co.uk/wcsstore/argos/en_GB/images/green_arrow.png","","http://www.argos.co.uk/wcsstore/argos/en_GB/images/icon_collection_disabled.png","","http://www.argos.co.uk/wcsstore/argos/en_GB/images/grey_arrow.gif","","http://www.argos.co.uk/wcsstore/argos/en_GB/images/icon_delivery_grey.png","","http://www.argos.co.uk/wcsstore/argos/en_GB/images/icon_delivery_disabled.png","","","http://www.argos.co.uk/webapp/wcs/stores/servlet/ArgosProductPurchaseNoJS?storeId=10151&langId=110&catalogId=25051&URL=OrderItemDisplay&errorViewName=ArgosGenericErrorView&catEntryId=1319023&partNumber=3927946&quantity=1","Add To Trolley","Buy or Reserve Trespass Women's Purple Jacket.","http://www.argos.co.uk/webapp/wcs/stores/servlet/ArgosProductPurchaseNoJS?storeId=10151&langId=110&catalogId=25051&URL=OrderItemDisplay&errorViewName=ArgosGenericErrorView&catEntryId=1319023&partNumber=3927946&quantity=1","Buy or Reserve","Buy or Reserve Trespass Women's Purple Jacket.","http://www.argos.co.uk/static/Product/partNumber/3927946.htm","","more details on Trespass Women's Purple Jacket.","http://argos.scene7.com/is/image/Argos/3927946_R_SET?$Listers$","more details on Trespass Women's Purple Jacket.","Click on image to see all options","","","","",""
"http://www.argos.co.uk/static/Product/partNumber/4125345.htm","Cherokee Women's Black Feather and Down Padded Jacket. .","more details on Cherokee Women's Black Feather and Down Padded Jacket. .","4125345","20","http://www.argos.co.uk/wcsstore/argos/en_GB/siteAssets/images/fasttrack_icon.png","Fast Track","Was","40","Half Price","http://www.argos.co.uk/static/Product/partNumber/4125345.htm#pdpProductReviews","(10)","","http://www.argos.co.uk/wcsstore/argos/en_GB/images/rating/stars/rating-4_8.gif","","10","http://www.argos.co.uk/wcsstore/argos/en_GB/images/icon_collection_grey.png","","http://www.argos.co.uk/wcsstore/argos/en_GB/images/green_arrow.png","","http://www.argos.co.uk/wcsstore/argos/en_GB/images/icon_collection_disabled.png","","http://www.argos.co.uk/wcsstore/argos/en_GB/images/grey_arrow.gif","","http://www.argos.co.uk/wcsstore/argos/en_GB/images/icon_delivery_grey.png","","http://www.argos.co.uk/wcsstore/argos/en_GB/images/icon_delivery_disabled.png","","+ Free Delivery","http://www.argos.co.uk/webapp/wcs/stores/servlet/ArgosProductPurchaseNoJS?storeId=10151&langId=110&catalogId=25051&URL=OrderItemDisplay&errorViewName=ArgosGenericErrorView&catEntryId=1329437&partNumber=4125345&quantity=1","Add To Trolley","Buy or Reserve Cherokee Women's Black Feather and Down Padded Jacket. .","http://www.argos.co.uk/webapp/wcs/stores/servlet/ArgosProductPurchaseNoJS?storeId=10151&langId=110&catalogId=25051&URL=OrderItemDisplay&errorViewName=ArgosGenericErrorView&catEntryId=1329437&partNumber=4125345&quantity=1","Buy or Reserve","Buy or Reserve Cherokee Women's Black Feather and Down Padded Jacket. .","http://www.argos.co.uk/static/Product/partNumber/4125345.htm","","more details on Cherokee Women's Black Feather and Down Padded Jacket. .","http://argos.scene7.com/is/image/Argos/4125345_R_SET?$Listers$","more details on Cherokee Women's Black Feather and Down Padded Jacket. .","Click on image to see all options","","","","",""
"http://www.argos.co.uk/static/Product/partNumber/3816143.htm","Cherokee Women's Red Check Shirt.","more details on Cherokee Women's Red Check Shirt.","3816143","12.8","","","Was","16","Save 20%","http://www.argos.co.uk/static/Product/partNumber/3816143.htm#pdpProductReviews","(3)","","http://www.argos.co.uk/wcsstore/argos/en_GB/images/rating/stars/rating-5_0.gif","","3","http://www.argos.co.uk/wcsstore/argos/en_GB/images/icon_collection_grey.png","","http://www.argos.co.uk/wcsstore/argos/en_GB/images/green_arrow.png","","http://www.argos.co.uk/wcsstore/argos/en_GB/images/icon_collection_disabled.png","","http://www.argos.co.uk/wcsstore/argos/en_GB/images/grey_arrow.gif","","http://www.argos.co.uk/wcsstore/argos/en_GB/images/icon_delivery_grey.png","","http://www.argos.co.uk/wcsstore/argos/en_GB/images/icon_delivery_disabled.png","","+ Free Delivery","http://www.argos.co.uk/webapp/wcs/stores/servlet/ArgosProductPurchaseNoJS?storeId=10151&langId=110&catalogId=25051&URL=OrderItemDisplay&errorViewName=ArgosGenericErrorView&catEntryId=1329463&partNumber=3816143&quantity=1","Add To Trolley","Buy or Reserve Cherokee Women's Red Check Shirt.","http://www.argos.co.uk/webapp/wcs/stores/servlet/ArgosProductPurchaseNoJS?storeId=10151&langId=110&catalogId=25051&URL=OrderItemDisplay&errorViewName=ArgosGenericErrorView&catEntryId=1329463&partNumber=3816143&quantity=1","Buy or Reserve","Buy or Reserve Cherokee Women's Red Check Shirt.","http://www.argos.co.uk/static/Product/partNumber/3816143.htm","","more details on Cherokee Women's Red Check Shirt.","http://argos.scene7.com/is/image/Argos/3816143_R_SET?$Listers$","more details on Cherokee Women's Red Check Shirt.","Click on image to see all options","","","","",""
"http://www.argos.co.uk/static/Product/partNumber/3956663.htm","Cherokee Women's Skinny Jeans. .","more details on Cherokee Women's Skinny Jeans. .","3956663","20","http://www.argos.co.uk/wcsstore/argos/en_GB/siteAssets/images/fasttrack_icon.png","Fast Track","","","","http://www.argos.co.uk/static/Product/partNumber/3956663.htm#pdpProductReviews","(10)","","http://www.argos.co.uk/wcsstore/argos/en_GB/images/rating/stars/rating-4_5.gif","","10","http://www.argos.co.uk/wcsstore/argos/en_GB/images/icon_collection_grey.png","","http://www.argos.co.uk/wcsstore/argos/en_GB/images/green_arrow.png","","http://www.argos.co.uk/wcsstore/argos/en_GB/images/icon_collection_disabled.png","","http://www.argos.co.uk/wcsstore/argos/en_GB/images/grey_arrow.gif","","http://www.argos.co.uk/wcsstore/argos/en_GB/images/icon_delivery_grey.png","","http://www.argos.co.uk/wcsstore/argos/en_GB/images/icon_delivery_disabled.png","","+ Free Delivery","http://www.argos.co.uk/webapp/wcs/stores/servlet/ArgosProductPurchaseNoJS?storeId=10151&langId=110&catalogId=25051&URL=OrderItemDisplay&errorViewName=ArgosGenericErrorView&catEntryId=1329471&partNumber=3956663&quantity=1","Add To Trolley","Buy or Reserve Cherokee Women's Skinny Jeans. .","http://www.argos.co.uk/webapp/wcs/stores/servlet/ArgosProductPurchaseNoJS?storeId=10151&langId=110&catalogId=25051&URL=OrderItemDisplay&errorViewName=ArgosGenericErrorView&catEntryId=1329471&partNumber=3956663&quantity=1","Buy or Reserve","Buy or Reserve Cherokee Women's Skinny Jeans. .","http://www.argos.co.uk/static/Product/partNumber/3956663.htm","","more details on Cherokee Women's Skinny Jeans. .","http://argos.scene7.com/is/image/Argos/3956663_R_SET?$Listers$","more details on Cherokee Women's Skinny Jeans. .","Click on image to see all options","","","","",""
"http://www.argos.co.uk/static/Product/partNumber/4089436.htm","Cherokee Women's Peplum Cardigan.","more details on Cherokee Women's Peplum Cardigan.","4089436","9","","","Was","18","Half Price","http://www.argos.co.uk/static/Product/partNumber/4089436.htm#pdpProductReviews","(6)","","http://www.argos.co.uk/wcsstore/argos/en_GB/images/rating/stars/rating-4_5.gif","","6","http://www.argos.co.uk/wcsstore/argos/en_GB/images/icon_collection_grey.png","","http://www.argos.co.uk/wcsstore/argos/en_GB/images/green_arrow.png","","http://www.argos.co.uk/wcsstore/argos/en_GB/images/icon_collection_disabled.png","","http://www.argos.co.uk/wcsstore/argos/en_GB/images/grey_arrow.gif","","http://www.argos.co.uk/wcsstore/argos/en_GB/images/icon_delivery_grey.png","","http://www.argos.co.uk/wcsstore/argos/en_GB/images/icon_delivery_disabled.png","","+ Free Delivery","http://www.argos.co.uk/webapp/wcs/stores/servlet/ArgosProductPurchaseNoJS?storeId=10151&langId=110&catalogId=25051&URL=OrderItemDisplay&errorViewName=ArgosGenericErrorView&catEntryId=1330551&partNumber=4089436&quantity=1","Add To Trolley","Buy or Reserve Cherokee Women's Peplum Cardigan.","http://www.argos.co.uk/webapp/wcs/stores/servlet/ArgosProductPurchaseNoJS?storeId=10151&langId=110&catalogId=25051&URL=OrderItemDisplay&errorViewName=ArgosGenericErrorView&catEntryId=1330551&partNumber=4089436&quantity=1","Buy or Reserve","Buy or Reserve Cherokee Women's Peplum Cardigan.","http://www.argos.co.uk/static/Product/partNumber/4089436.htm","","more details on Cherokee Women's Peplum Cardigan.","http://argos.scene7.com/is/image/Argos/4089436_R_SET?$Listers$","more details on Cherokee Women's Peplum Cardigan.","Click on image to see all options","","","","",""
"http://www.argos.co.uk/static/Product/partNumber/3858352.htm","Cherokee Women's Button Detail Denim Skirt. .","more details on Cherokee Women's Button Detail Denim Skirt. .","3858352","15","","","","","","","","","","","","http://www.argos.co.uk/wcsstore/argos/en_GB/images/icon_collection_grey.png","","http://www.argos.co.uk/wcsstore/argos/en_GB/images/green_arrow.png","","http://www.argos.co.uk/wcsstore/argos/en_GB/images/icon_collection_disabled.png","","http://www.argos.co.uk/wcsstore/argos/en_GB/images/grey_arrow.gif","","http://www.argos.co.uk/wcsstore/argos/en_GB/images/icon_delivery_grey.png","","http://www.argos.co.uk/wcsstore/argos/en_GB/images/icon_delivery_disabled.png","","+ Free Delivery","http://www.argos.co.uk/webapp/wcs/stores/servlet/ArgosProductPurchaseNoJS?storeId=10151&langId=110&catalogId=25051&URL=OrderItemDisplay&errorViewName=ArgosGenericErrorView&catEntryId=1331955&partNumber=3858352&quantity=1","Add To Trolley","Buy or Reserve Cherokee Women's Button Detail Denim Skirt. .","http://www.argos.co.uk/webapp/wcs/stores/servlet/ArgosProductPurchaseNoJS?storeId=10151&langId=110&catalogId=25051&URL=OrderItemDisplay&errorViewName=ArgosGenericErrorView&catEntryId=1331955&partNumber=3858352&quantity=1","Buy or Reserve","Buy or Reserve Cherokee Women's Button Detail Denim Skirt. .","http://www.argos.co.uk/static/Product/partNumber/3858352.htm","","more details on Cherokee Women's Button Detail Denim Skirt. .","http://argos.scene7.com/is/image/Argos/3858352_R_SET?$Listers$","more details on Cherokee Women's Button Detail Denim Skirt. .","Click on image to see all options","","","","",""
"http://www.argos.co.uk/static/Product/partNumber/3829219.htm","Cherokee Women's Burgundy Coated Jeans. .","more details on Cherokee Women's Burgundy Coated Jeans. .","3829219","17.6","","","Was","22","Save 20%","http://www.argos.co.uk/static/Product/partNumber/3829219.htm#pdpProductReviews","(1)","","http://www.argos.co.uk/wcsstore/argos/en_GB/images/rating/stars/rating-5_0.gif","","1","http://www.argos.co.uk/wcsstore/argos/en_GB/images/icon_collection_grey.png","","http://www.argos.co.uk/wcsstore/argos/en_GB/images/green_arrow.png","","http://www.argos.co.uk/wcsstore/argos/en_GB/images/icon_collection_disabled.png","","http://www.argos.co.uk/wcsstore/argos/en_GB/images/grey_arrow.gif","","http://www.argos.co.uk/wcsstore/argos/en_GB/images/icon_delivery_grey.png","","http://www.argos.co.uk/wcsstore/argos/en_GB/images/icon_delivery_disabled.png","","+ Free Delivery","http://www.argos.co.uk/webapp/wcs/stores/servlet/ArgosProductPurchaseNoJS?storeId=10151&langId=110&catalogId=25051&URL=OrderItemDisplay&errorViewName=ArgosGenericErrorView&catEntryId=1331957&partNumber=3829219&quantity=1","Add To Trolley","Buy or Reserve Cherokee Women's Burgundy Coated Jeans. .","http://www.argos.co.uk/webapp/wcs/stores/servlet/ArgosProductPurchaseNoJS?storeId=10151&langId=110&catalogId=25051&URL=OrderItemDisplay&errorViewName=ArgosGenericErrorView&catEntryId=1331957&partNumber=3829219&quantity=1","Buy or Reserve","Buy or Reserve Cherokee Women's Burgundy Coated Jeans. .","http://www.argos.co.uk/static/Product/partNumber/3829219.htm","","more details on Cherokee Women's Burgundy Coated Jeans. .","http://argos.scene7.com/is/image/Argos/3829219_R_SET?$Listers$","more details on Cherokee Women's Burgundy Coated Jeans. .","Click on image to see all options","","","","",""
"http://www.argos.co.uk/static/Product/partNumber/4127848.htm","Cherokee Women's Fairisle Longline Jumper.","more details on Cherokee Women's Fairisle Longline Jumper.","4127848","6.99","","","","","","","","","","","","http://www.argos.co.uk/wcsstore/argos/en_GB/images/icon_collection_grey.png","","http://www.argos.co.uk/wcsstore/argos/en_GB/images/green_arrow.png","","http://www.argos.co.uk/wcsstore/argos/en_GB/images/icon_collection_disabled.png","","http://www.argos.co.uk/wcsstore/argos/en_GB/images/grey_arrow.gif","","http://www.argos.co.uk/wcsstore/argos/en_GB/images/icon_delivery_grey.png","","http://www.argos.co.uk/wcsstore/argos/en_GB/images/icon_delivery_disabled.png","","+ Free Delivery","http://www.argos.co.uk/webapp/wcs/stores/servlet/ArgosProductPurchaseNoJS?storeId=10151&langId=110&catalogId=25051&URL=OrderItemDisplay&errorViewName=ArgosGenericErrorView&catEntryId=1333217&partNumber=4127848&quantity=1","Add To Trolley","Buy or Reserve Cherokee Women's Fairisle Longline Jumper.","http://www.argos.co.uk/webapp/wcs/stores/servlet/ArgosProductPurchaseNoJS?storeId=10151&langId=110&catalogId=25051&URL=OrderItemDisplay&errorViewName=ArgosGenericErrorView&catEntryId=1333217&partNumber=4127848&quantity=1","Buy or Reserve","Buy or Reserve Cherokee Women's Fairisle Longline Jumper.","http://www.argos.co.uk/static/Product/partNumber/4127848.htm","","more details on Cherokee Women's Fairisle Longline Jumper.","http://argos.scene7.com/is/image/Argos/4127848_R_SET?$Listers$","more details on Cherokee Women's Fairisle Longline Jumper.","Click on image to see all options","","","","",""
"http://www.argos.co.uk/static/Product/partNumber/3925814.htm","Cherokee Women's Indigo Jeggins. .","more details on Cherokee Women's Indigo Jeggins. .","3925814","14","http://www.argos.co.uk/wcsstore/argos/en_GB/siteAssets/images/fasttrack_icon.png","Fast Track","","","","http://www.argos.co.uk/static/Product/partNumber/3925814.htm#pdpProductReviews","(1)","","http://www.argos.co.uk/wcsstore/argos/en_GB/images/rating/stars/rating-3_0.gif","","1","http://www.argos.co.uk/wcsstore/argos/en_GB/images/icon_collection_grey.png","","http://www.argos.co.uk/wcsstore/argos/en_GB/images/green_arrow.png","","http://www.argos.co.uk/wcsstore/argos/en_GB/images/icon_collection_disabled.png","","http://www.argos.co.uk/wcsstore/argos/en_GB/images/grey_arrow.gif","","http://www.argos.co.uk/wcsstore/argos/en_GB/images/icon_delivery_grey.png","","http://www.argos.co.uk/wcsstore/argos/en_GB/images/icon_delivery_disabled.png","","+ Free Delivery","http://www.argos.co.uk/webapp/wcs/stores/servlet/ArgosProductPurchaseNoJS?storeId=10151&langId=110&catalogId=25051&URL=OrderItemDisplay&errorViewName=ArgosGenericErrorView&catEntryId=1333231&partNumber=3925814&quantity=1","Add To Trolley","Buy or Reserve Cherokee Women's Indigo Jeggins. .","http://www.argos.co.uk/webapp/wcs/stores/servlet/ArgosProductPurchaseNoJS?storeId=10151&langId=110&catalogId=25051&URL=OrderItemDisplay&errorViewName=ArgosGenericErrorView&catEntryId=1333231&partNumber=3925814&quantity=1","Buy or Reserve","Buy or Reserve Cherokee Women's Indigo Jeggins. .","http://www.argos.co.uk/static/Product/partNumber/3925814.htm","","more details on Cherokee Women's Indigo Jeggins. .","http://argos.scene7.com/is/image/Argos/3925814_R_SET?$Listers$","more details on Cherokee Women's Indigo Jeggins. .","Click on image to see all options","","","","",""
"http://www.argos.co.uk/static/Product/partNumber/3928206.htm","Cherokee Women's Cheesecloth Casual Blouse. .","more details on Cherokee Women's Cheesecloth Casual Blouse. .","3928206","15","","","","","","http://www.argos.co.uk/static/Product/partNumber/3928206.htm#pdpProductReviews","(2)","","http://www.argos.co.uk/wcsstore/argos/en_GB/images/rating/stars/rating-4_5.gif","","2","http://www.argos.co.uk/wcsstore/argos/en_GB/images/icon_collection_grey.png","","http://www.argos.co.uk/wcsstore/argos/en_GB/images/green_arrow.png","","http://www.argos.co.uk/wcsstore/argos/en_GB/images/icon_collection_disabled.png","","http://www.argos.co.uk/wcsstore/argos/en_GB/images/grey_arrow.gif","","http://www.argos.co.uk/wcsstore/argos/en_GB/images/icon_delivery_grey.png","","http://www.argos.co.uk/wcsstore/argos/en_GB/images/icon_delivery_disabled.png","","+ Free Delivery","http://www.argos.co.uk/webapp/wcs/stores/servlet/ArgosProductPurchaseNoJS?storeId=10151&langId=110&catalogId=25051&URL=OrderItemDisplay&errorViewName=ArgosGenericErrorView&catEntryId=1333233&partNumber=3928206&quantity=1","Add To Trolley","Buy or Reserve Cherokee Women's Cheesecloth Casual Blouse. .","http://www.argos.co.uk/webapp/wcs/stores/servlet/ArgosProductPurchaseNoJS?storeId=10151&langId=110&catalogId=25051&URL=OrderItemDisplay&errorViewName=ArgosGenericErrorView&catEntryId=1333233&partNumber=3928206&quantity=1","Buy or Reserve","Buy or Reserve Cherokee Women's Cheesecloth Casual Blouse. .","http://www.argos.co.uk/static/Product/partNumber/3928206.htm","","more details on Cherokee Women's Cheesecloth Casual Blouse. .","http://argos.scene7.com/is/image/Argos/3928206_R_SET?$Listers$","more details on Cherokee Women's Cheesecloth Casual Blouse. .","Click on image to see all options","","","","",""
"http://www.argos.co.uk/static/Product/partNumber/4022455.htm","Cherokee Women's Fur Gilet. .","more details on Cherokee Women's Fur Gilet. .","4022455","20","","","","","","http://www.argos.co.uk/static/Product/partNumber/4022455.htm#pdpProductReviews","(9)","","http://www.argos.co.uk/wcsstore/argos/en_GB/images/rating/stars/rating-5_0.gif","","9","http://www.argos.co.uk/wcsstore/argos/en_GB/images/icon_collection_grey.png","","http://www.argos.co.uk/wcsstore/argos/en_GB/images/green_arrow.png","","http://www.argos.co.uk/wcsstore/argos/en_GB/images/icon_collection_disabled.png","","http://www.argos.co.uk/wcsstore/argos/en_GB/images/grey_arrow.gif","","http://www.argos.co.uk/wcsstore/argos/en_GB/images/icon_delivery_grey.png","","http://www.argos.co.uk/wcsstore/argos/en_GB/images/icon_delivery_disabled.png","","+ Free Delivery","http://www.argos.co.uk/webapp/wcs/stores/servlet/ArgosProductPurchaseNoJS?storeId=10151&langId=110&catalogId=25051&URL=OrderItemDisplay&errorViewName=ArgosGenericErrorView&catEntryId=1333271&partNumber=4022455&quantity=1","Add To Trolley","Buy or Reserve Cherokee Women's Fur Gilet. .","http://www.argos.co.uk/webapp/wcs/stores/servlet/ArgosProductPurchaseNoJS?storeId=10151&langId=110&catalogId=25051&URL=OrderItemDisplay&errorViewName=ArgosGenericErrorView&catEntryId=1333271&partNumber=4022455&quantity=1","Buy or Reserve","Buy or Reserve Cherokee Women's Fur Gilet. .","http://www.argos.co.uk/static/Product/partNumber/4022455.htm","","more details on Cherokee Women's Fur Gilet. .","http://argos.scene7.com/is/image/Argos/4022455_R_SET?$Listers$","more details on Cherokee Women's Fur Gilet. .","Click on image to see all options","","","","",""
"http://www.argos.co.uk/static/Product/partNumber/4539199.htm","Cherokee Girls' Palm Tree Swimsuit.","more details on Cherokee Girls' Palm Tree Swimsuit.","4539199","6","","","","","","","","","","","","http://www.argos.co.uk/wcsstore/argos/en_GB/images/icon_collection_grey.png","","http://www.argos.co.uk/wcsstore/argos/en_GB/images/green_arrow.png","","http://www.argos.co.uk/wcsstore/argos/en_GB/images/icon_collection_disabled.png","","http://www.argos.co.uk/wcsstore/argos/en_GB/images/grey_arrow.gif","","http://www.argos.co.uk/wcsstore/argos/en_GB/images/icon_delivery_grey.png","","http://www.argos.co.uk/wcsstore/argos/en_GB/images/icon_delivery_disabled.png","","","http://www.argos.co.uk/webapp/wcs/stores/servlet/ArgosProductPurchaseNoJS?storeId=10151&langId=110&catalogId=25051&URL=OrderItemDisplay&errorViewName=ArgosGenericErrorView&catEntryId=1425879&partNumber=4539199&quantity=1","Add To Trolley","Buy or Reserve Cherokee Girls' Palm Tree Swimsuit.","http://www.argos.co.uk/webapp/wcs/stores/servlet/ArgosProductPurchaseNoJS?storeId=10151&langId=110&catalogId=25051&URL=OrderItemDisplay&errorViewName=ArgosGenericErrorView&catEntryId=1425879&partNumber=4539199&quantity=1","Buy or Reserve","Buy or Reserve Cherokee Girls' Palm Tree Swimsuit.","http://www.argos.co.uk/static/Product/partNumber/4539199.htm","","more details on Cherokee Girls' Palm Tree Swimsuit.","http://argos.scene7.com/is/image/Argos/4539199_R_SET?$Listers$","more details on Cherokee Girls' Palm Tree Swimsuit.","Click on image to see all options","","","","",""
"http://www.argos.co.uk/static/Product/partNumber/4594684.htm","Cherokee Women's Waterfall Cardigan.","more details on Cherokee Women's Waterfall Cardigan.","4594684","16","","","","","","","","","","","","http://www.argos.co.uk/wcsstore/argos/en_GB/images/icon_collection_grey.png","","http://www.argos.co.uk/wcsstore/argos/en_GB/images/green_arrow.png","","http://www.argos.co.uk/wcsstore/argos/en_GB/images/icon_collection_disabled.png","","http://www.argos.co.uk/wcsstore/argos/en_GB/images/grey_arrow.gif","","http://www.argos.co.uk/wcsstore/argos/en_GB/images/icon_delivery_grey.png","","http://www.argos.co.uk/wcsstore/argos/en_GB/images/icon_delivery_disabled.png","","","http://www.argos.co.uk/webapp/wcs/stores/servlet/ArgosProductPurchaseNoJS?storeId=10151&langId=110&catalogId=25051&URL=OrderItemDisplay&errorViewName=ArgosGenericErrorView&catEntryId=1430704&partNumber=4594684&quantity=1","Add To Trolley","Buy or Reserve Cherokee Women's Waterfall Cardigan.","http://www.argos.co.uk/webapp/wcs/stores/servlet/ArgosProductPurchaseNoJS?storeId=10151&langId=110&catalogId=25051&URL=OrderItemDisplay&errorViewName=ArgosGenericErrorView&catEntryId=1430704&partNumber=4594684&quantity=1","Buy or Reserve","Buy or Reserve Cherokee Women's Waterfall Cardigan.","http://www.argos.co.uk/static/Product/partNumber/4594684.htm","","more details on Cherokee Women's Waterfall Cardigan.","http://www.argos.co.uk/wcsstore/argos/images/674-4594684-ATY876T.jpg","more details on Cherokee Women's Waterfall Cardigan.","Click on image to see all options","","","","",""
"http://www.argos.co.uk/static/Product/partNumber/4598848.htm","Cherokee Women's White Skinny Jeans.","more details on Cherokee Women's White Skinny Jeans.","4598848","20","http://www.argos.co.uk/wcsstore/argos/en_GB/siteAssets/images/fasttrack_icon.png","Fast Track","","","","","","","","","","http://www.argos.co.uk/wcsstore/argos/en_GB/images/icon_collection_grey.png","","http://www.argos.co.uk/wcsstore/argos/en_GB/images/green_arrow.png","","http://www.argos.co.uk/wcsstore/argos/en_GB/images/icon_collection_disabled.png","","http://www.argos.co.uk/wcsstore/argos/en_GB/images/grey_arrow.gif","","http://www.argos.co.uk/wcsstore/argos/en_GB/images/icon_delivery_grey.png","","http://www.argos.co.uk/wcsstore/argos/en_GB/images/icon_delivery_disabled.png","","","http://www.argos.co.uk/webapp/wcs/stores/servlet/ArgosProductPurchaseNoJS?storeId=10151&langId=110&catalogId=25051&URL=OrderItemDisplay&errorViewName=ArgosGenericErrorView&catEntryId=1425899&partNumber=4598848&quantity=1","Add To Trolley","Buy or Reserve Cherokee Women's White Skinny Jeans.","http://www.argos.co.uk/webapp/wcs/stores/servlet/ArgosProductPurchaseNoJS?storeId=10151&langId=110&catalogId=25051&URL=OrderItemDisplay&errorViewName=ArgosGenericErrorView&catEntryId=1425899&partNumber=4598848&quantity=1","Buy or Reserve","Buy or Reserve Cherokee Women's White Skinny Jeans.","http://www.argos.co.uk/static/Product/partNumber/4598848.htm","","more details on Cherokee Women's White Skinny Jeans.","http://argos.scene7.com/is/image/Argos/4598848_R_SET?$Listers$","more details on Cherokee Women's White Skinny Jeans.","Click on image to see all options","","","","",""
"http://www.argos.co.uk/static/Product/partNumber/4605913.htm","Cherokee Women's Navy Lace Cami Top.","more details on Cherokee Women's Navy Lace Cami Top.","4605913","5","","","","","","","","","","","","http://www.argos.co.uk/wcsstore/argos/en_GB/images/icon_collection_grey.png","","http://www.argos.co.uk/wcsstore/argos/en_GB/images/green_arrow.png","","http://www.argos.co.uk/wcsstore/argos/en_GB/images/icon_collection_disabled.png","","http://www.argos.co.uk/wcsstore/argos/en_GB/images/grey_arrow.gif","","http://www.argos.co.uk/wcsstore/argos/en_GB/images/icon_delivery_grey.png","","http://www.argos.co.uk/wcsstore/argos/en_GB/images/icon_delivery_disabled.png","","","http://www.argos.co.uk/webapp/wcs/stores/servlet/ArgosProductPurchaseNoJS?storeId=10151&langId=110&catalogId=25051&URL=OrderItemDisplay&errorViewName=ArgosGenericErrorView&catEntryId=1424836&partNumber=4605913&quantity=1","Add To Trolley","Buy or Reserve Cherokee Women's Navy Lace Cami Top.","http://www.argos.co.uk/webapp/wcs/stores/servlet/ArgosProductPurchaseNoJS?storeId=10151&langId=110&catalogId=25051&URL=OrderItemDisplay&errorViewName=ArgosGenericErrorView&catEntryId=1424836&partNumber=4605913&quantity=1","Buy or Reserve","Buy or Reserve Cherokee Women's Navy Lace Cami Top.","http://www.argos.co.uk/static/Product/partNumber/4605913.htm","","more details on Cherokee Women's Navy Lace Cami Top.","http://argos.scene7.com/is/image/Argos/4605913_R_SET?$Listers$","more details on Cherokee Women's Navy Lace Cami Top.","Click on image to see all options","","","","",""
"http://www.argos.co.uk/static/Product/partNumber/4609067.htm","Cherokee Women's Denim Short.","more details on Cherokee Women's Denim Short.","4609067","16","http://www.argos.co.uk/wcsstore/argos/en_GB/siteAssets/images/fasttrack_icon.png","Fast Track","","","","","","","","","","http://www.argos.co.uk/wcsstore/argos/en_GB/images/icon_collection_grey.png","","http://www.argos.co.uk/wcsstore/argos/en_GB/images/green_arrow.png","","http://www.argos.co.uk/wcsstore/argos/en_GB/images/icon_collection_disabled.png","","http://www.argos.co.uk/wcsstore/argos/en_GB/images/grey_arrow.gif","","http://www.argos.co.uk/wcsstore/argos/en_GB/images/icon_delivery_grey.png","","http://www.argos.co.uk/wcsstore/argos/en_GB/images/icon_delivery_disabled.png","","","http://www.argos.co.uk/webapp/wcs/stores/servlet/ArgosProductPurchaseNoJS?storeId=10151&langId=110&catalogId=25051&URL=OrderItemDisplay&errorViewName=ArgosGenericErrorView&catEntryId=1425948&partNumber=4609067&quantity=1","Add To Trolley","Buy or Reserve Cherokee Women's Denim Short.","http://www.argos.co.uk/webapp/wcs/stores/servlet/ArgosProductPurchaseNoJS?storeId=10151&langId=110&catalogId=25051&URL=OrderItemDisplay&errorViewName=ArgosGenericErrorView&catEntryId=1425948&partNumber=4609067&quantity=1","Buy or Reserve","Buy or Reserve Cherokee Women's Denim Short.","http://www.argos.co.uk/static/Product/partNumber/4609067.htm","","more details on Cherokee Women's Denim Short.","http://argos.scene7.com/is/image/Argos/4609067_R_SET?$Listers$","more details on Cherokee Women's Denim Short.","Click on image to see all options","","","","",""
"http://www.argos.co.uk/static/Product/partNumber/4487612.htm","Cherokee Women's Hibiscus Tankini.","more details on Cherokee Women's Hibiscus Tankini.","4487612","12","","","","","","","","","","","","http://www.argos.co.uk/wcsstore/argos/en_GB/images/icon_collection_grey.png","","http://www.argos.co.uk/wcsstore/argos/en_GB/images/green_arrow.png","","http://www.argos.co.uk/wcsstore/argos/en_GB/images/icon_collection_disabled.png","","http://www.argos.co.uk/wcsstore/argos/en_GB/images/grey_arrow.gif","","http://www.argos.co.uk/wcsstore/argos/en_GB/images/icon_delivery_grey.png","","http://www.argos.co.uk/wcsstore/argos/en_GB/images/icon_delivery_disabled.png","","","http://www.argos.co.uk/webapp/wcs/stores/servlet/ArgosProductPurchaseNoJS?storeId=10151&langId=110&catalogId=25051&URL=OrderItemDisplay&errorViewName=ArgosGenericErrorView&catEntryId=1425980&partNumber=4487612&quantity=1","Add To Trolley","Buy or Reserve Cherokee Women's Hibiscus Tankini.","http://www.argos.co.uk/webapp/wcs/stores/servlet/ArgosProductPurchaseNoJS?storeId=10151&langId=110&catalogId=25051&URL=OrderItemDisplay&errorViewName=ArgosGenericErrorView&catEntryId=1425980&partNumber=4487612&quantity=1","Buy or Reserve","Buy or Reserve Cherokee Women's Hibiscus Tankini.","http://www.argos.co.uk/static/Product/partNumber/4487612.htm","","more details on Cherokee Women's Hibiscus Tankini.","http://argos.scene7.com/is/image/Argos/4487612_R_SET?$Listers$","more details on Cherokee Women's Hibiscus Tankini.","Click on image to see all options","","","","",""
"http://www.argos.co.uk/static/Product/partNumber/4607430.htm","Cherokee Women's Hibiscus Woven Cami Top.","more details on Cherokee Women's Hibiscus Woven Cami Top.","4607430","10","","","","","","","","","","","","http://www.argos.co.uk/wcsstore/argos/en_GB/images/icon_collection_grey.png","","http://www.argos.co.uk/wcsstore/argos/en_GB/images/green_arrow.png","","http://www.argos.co.uk/wcsstore/argos/en_GB/images/icon_collection_disabled.png","","http://www.argos.co.uk/wcsstore/argos/en_GB/images/grey_arrow.gif","","http://www.argos.co.uk/wcsstore/argos/en_GB/images/icon_delivery_grey.png","","http://www.argos.co.uk/wcsstore/argos/en_GB/images/icon_delivery_disabled.png","","","http://www.argos.co.uk/webapp/wcs/stores/servlet/ArgosProductPurchaseNoJS?storeId=10151&langId=110&catalogId=25051&URL=OrderItemDisplay&errorViewName=ArgosGenericErrorView&catEntryId=1424831&partNumber=4607430&quantity=1","Add To Trolley","Buy or Reserve Cherokee Women's Hibiscus Woven Cami Top.","http://www.argos.co.uk/webapp/wcs/stores/servlet/ArgosProductPurchaseNoJS?storeId=10151&langId=110&catalogId=25051&URL=OrderItemDisplay&errorViewName=ArgosGenericErrorView&catEntryId=1424831&partNumber=4607430&quantity=1","Buy or Reserve","Buy or Reserve Cherokee Women's Hibiscus Woven Cami Top.","http://www.argos.co.uk/static/Product/partNumber/4607430.htm","","more details on Cherokee Women's Hibiscus Woven Cami Top.","http://argos.scene7.com/is/image/Argos/4607430_R_SET?$Listers$","more details on Cherokee Women's Hibiscus Woven Cami Top.","Click on image to see all options","","","","",""
"http://www.argos.co.uk/static/Product/partNumber/4606280.htm","Cherokee Women's Swimsuit.","more details on Cherokee Women's Swimsuit.","4606280","10","","","","","","","","","","","","http://www.argos.co.uk/wcsstore/argos/en_GB/images/icon_collection_grey.png","","http://www.argos.co.uk/wcsstore/argos/en_GB/images/green_arrow.png","","http://www.argos.co.uk/wcsstore/argos/en_GB/images/icon_collection_disabled.png","","http://www.argos.co.uk/wcsstore/argos/en_GB/images/grey_arrow.gif","","http://www.argos.co.uk/wcsstore/argos/en_GB/images/icon_delivery_grey.png","","http://www.argos.co.uk/wcsstore/argos/en_GB/images/icon_delivery_disabled.png","","","http://www.argos.co.uk/webapp/wcs/stores/servlet/ArgosProductPurchaseNoJS?storeId=10151&langId=110&catalogId=25051&URL=OrderItemDisplay&errorViewName=ArgosGenericErrorView&catEntryId=1432174&partNumber=4606280&quantity=1","Add To Trolley","Buy or Reserve Cherokee Women's Swimsuit.","http://www.argos.co.uk/webapp/wcs/stores/servlet/ArgosProductPurchaseNoJS?storeId=10151&langId=110&catalogId=25051&URL=OrderItemDisplay&errorViewName=ArgosGenericErrorView&catEntryId=1432174&partNumber=4606280&quantity=1","Buy or Reserve","Buy or Reserve Cherokee Women's Swimsuit.","http://www.argos.co.uk/static/Product/partNumber/4606280.htm","","more details on Cherokee Women's Swimsuit.","http://www.argos.co.uk/wcsstore/argos/images/674-4606280-AUK491T.jpg","more details on Cherokee Women's Swimsuit.","Click on image to see all options","","","","",""
"http://www.argos.co.uk/static/Product/partNumber/4607760.htm","Cherokee Women's Maxi Dress.","more details on Cherokee Women's Maxi Dress.","4607760","18","","","","","","","","","","","","http://www.argos.co.uk/wcsstore/argos/en_GB/images/icon_collection_grey.png","","http://www.argos.co.uk/wcsstore/argos/en_GB/images/green_arrow.png","","http://www.argos.co.uk/wcsstore/argos/en_GB/images/icon_collection_disabled.png","","http://www.argos.co.uk/wcsstore/argos/en_GB/images/grey_arrow.gif","","http://www.argos.co.uk/wcsstore/argos/en_GB/images/icon_delivery_grey.png","","http://www.argos.co.uk/wcsstore/argos/en_GB/images/icon_delivery_disabled.png","","","http://www.argos.co.uk/webapp/wcs/stores/servlet/ArgosProductPurchaseNoJS?storeId=10151&langId=110&catalogId=25051&URL=OrderItemDisplay&errorViewName=ArgosGenericErrorView&catEntryId=1426781&partNumber=4607760&quantity=1","Add To Trolley","Buy or Reserve Cherokee Women's Maxi Dress.","http://www.argos.co.uk/webapp/wcs/stores/servlet/ArgosProductPurchaseNoJS?storeId=10151&langId=110&catalogId=25051&URL=OrderItemDisplay&errorViewName=ArgosGenericErrorView&catEntryId=1426781&partNumber=4607760&quantity=1","Buy or Reserve","Buy or Reserve Cherokee Women's Maxi Dress.","http://www.argos.co.uk/static/Product/partNumber/4607760.htm","","more details on Cherokee Women's Maxi Dress.","http://argos.scene7.com/is/image/Argos/4607760_R_SET?$Listers$","more details on Cherokee Women's Maxi Dress.","Click on image to see all options","","","","",""
"http://www.argos.co.uk/static/Product/partNumber/3145766.htm","Trespass Women's Purple Packaway Jacket.","more details on Trespass Women's Purple Packaway Jacket.","3145766","14.99","","","Was","29.99","Half Price","http://www.argos.co.uk/static/Product/partNumber/3145766.htm#pdpProductReviews","(1)","","http://www.argos.co.uk/wcsstore/argos/en_GB/images/rating/stars/rating-5_0.gif","","1","http://www.argos.co.uk/wcsstore/argos/en_GB/images/icon_collection_grey.png","","http://www.argos.co.uk/wcsstore/argos/en_GB/images/green_arrow.png","","http://www.argos.co.uk/wcsstore/argos/en_GB/images/icon_collection_disabled.png","","http://www.argos.co.uk/wcsstore/argos/en_GB/images/grey_arrow.gif","","http://www.argos.co.uk/wcsstore/argos/en_GB/images/icon_delivery_grey.png","","http://www.argos.co.uk/wcsstore/argos/en_GB/images/icon_delivery_disabled.png","","","http://www.argos.co.uk/webapp/wcs/stores/servlet/ArgosProductPurchaseNoJS?storeId=10151&langId=110&catalogId=25051&URL=OrderItemDisplay&errorViewName=ArgosGenericErrorView&catEntryId=1238602&partNumber=3145766&quantity=1","Add To Trolley","Buy or Reserve Trespass Women's Purple Packaway Jacket.","http://www.argos.co.uk/webapp/wcs/stores/servlet/ArgosProductPurchaseNoJS?storeId=10151&langId=110&catalogId=25051&URL=OrderItemDisplay&errorViewName=ArgosGenericErrorView&catEntryId=1238602&partNumber=3145766&quantity=1","Buy or Reserve","Buy or Reserve Trespass Women's Purple Packaway Jacket.","http://www.argos.co.uk/static/Product/partNumber/3145766.htm","","more details on Trespass Women's Purple Packaway Jacket.","http://argos.scene7.com/is/image/Argos/3145766_R_SET?$Listers$","more details on Trespass Women's Purple Packaway Jacket.","Click on image to see all options","","","","",""
"http://www.argos.co.uk/static/Product/partNumber/2968511.htm","Velform Sweat Shapers - XLarge.","more details on Velform Sweat Shapers - XLarge.","2968511","39.99","","","","","","","","","","","","http://www.argos.co.uk/wcsstore/argos/en_GB/images/icon_collection_grey.png","","http://www.argos.co.uk/wcsstore/argos/en_GB/images/green_arrow.png","","http://www.argos.co.uk/wcsstore/argos/en_GB/images/icon_collection_disabled.png","","http://www.argos.co.uk/wcsstore/argos/en_GB/images/grey_arrow.gif","","http://www.argos.co.uk/wcsstore/argos/en_GB/images/icon_delivery_grey.png","","http://www.argos.co.uk/wcsstore/argos/en_GB/images/icon_delivery_disabled.png","","","http://www.argos.co.uk/webapp/wcs/stores/servlet/ArgosProductPurchaseNoJS?storeId=10151&langId=110&catalogId=25051&URL=OrderItemDisplay&errorViewName=ArgosGenericErrorView&catEntryId=1206076&partNumber=2968511&quantity=1","Add To Trolley","Buy or Reserve Velform Sweat Shapers - XLarge.","http://www.argos.co.uk/webapp/wcs/stores/servlet/ArgosProductPurchaseNoJS?storeId=10151&langId=110&catalogId=25051&URL=OrderItemDisplay&errorViewName=ArgosGenericErrorView&catEntryId=1206076&partNumber=2968511&quantity=1","Buy or Reserve","Buy or Reserve Velform Sweat Shapers - XLarge.","http://www.argos.co.uk/static/Product/partNumber/2968511.htm","","more details on Velform Sweat Shapers - XLarge.","http://argos.scene7.com/is/image/Argos/2968511_R_SET?$Listers$","more details on Velform Sweat Shapers - XLarge.","","Order now for delivery <span>within <span>2 days</span></span>","2","Reserve now for free store pick-up in 2-3 days","2; 3","Compare"
"http://www.argos.co.uk/static/Product/partNumber/3040304.htm","Velform Sweat Shapers - XXLarge.","more details on Velform Sweat Shapers - XXLarge.","3040304","39.99","","","","","","http://www.argos.co.uk/static/Product/partNumber/3040304.htm#pdpProductReviews","(1)","","http://www.argos.co.uk/wcsstore/argos/en_GB/images/rating/stars/rating-4_0.gif","","1","http://www.argos.co.uk/wcsstore/argos/en_GB/images/icon_collection_grey.png","","http://www.argos.co.uk/wcsstore/argos/en_GB/images/green_arrow.png","","http://www.argos.co.uk/wcsstore/argos/en_GB/images/icon_collection_disabled.png","","http://www.argos.co.uk/wcsstore/argos/en_GB/images/grey_arrow.gif","","http://www.argos.co.uk/wcsstore/argos/en_GB/images/icon_delivery_grey.png","","http://www.argos.co.uk/wcsstore/argos/en_GB/images/icon_delivery_disabled.png","","","http://www.argos.co.uk/webapp/wcs/stores/servlet/ArgosProductPurchaseNoJS?storeId=10151&langId=110&catalogId=25051&URL=OrderItemDisplay&errorViewName=ArgosGenericErrorView&catEntryId=1206078&partNumber=3040304&quantity=1","Add To Trolley","Buy or Reserve Velform Sweat Shapers - XXLarge.","http://www.argos.co.uk/webapp/wcs/stores/servlet/ArgosProductPurchaseNoJS?storeId=10151&langId=110&catalogId=25051&URL=OrderItemDisplay&errorViewName=ArgosGenericErrorView&catEntryId=1206078&partNumber=3040304&quantity=1","Buy or Reserve","Buy or Reserve Velform Sweat Shapers - XXLarge.","http://www.argos.co.uk/static/Product/partNumber/3040304.htm","","more details on Velform Sweat Shapers - XXLarge.","http://argos.scene7.com/is/image/Argos/3040304_R_SET?$Listers$","more details on Velform Sweat Shapers - XXLarge.","","Order now for delivery <span>within <span>2 days</span></span>","2","Reserve now for free store pick-up in 2-3 days","2; 3","Compare"
"http://www.argos.co.uk/static/Product/partNumber/2922708.htm","Velform Sweat Shapers - Large.","more details on Velform Sweat Shapers - Large.","2922708","39.99","","","","","","","","","","","","http://www.argos.co.uk/wcsstore/argos/en_GB/images/icon_collection_grey.png","","http://www.argos.co.uk/wcsstore/argos/en_GB/images/green_arrow.png","","http://www.argos.co.uk/wcsstore/argos/en_GB/images/icon_collection_disabled.png","","http://www.argos.co.uk/wcsstore/argos/en_GB/images/grey_arrow.gif","","http://www.argos.co.uk/wcsstore/argos/en_GB/images/icon_delivery_grey.png","","http://www.argos.co.uk/wcsstore/argos/en_GB/images/icon_delivery_disabled.png","","","http://www.argos.co.uk/webapp/wcs/stores/servlet/ArgosProductPurchaseNoJS?storeId=10151&langId=110&catalogId=25051&URL=OrderItemDisplay&errorViewName=ArgosGenericErrorView&catEntryId=1206080&partNumber=2922708&quantity=1","Add To Trolley","Buy or Reserve Velform Sweat Shapers - Large.","http://www.argos.co.uk/webapp/wcs/stores/servlet/ArgosProductPurchaseNoJS?storeId=10151&langId=110&catalogId=25051&URL=OrderItemDisplay&errorViewName=ArgosGenericErrorView&catEntryId=1206080&partNumber=2922708&quantity=1","Buy or Reserve","Buy or Reserve Velform Sweat Shapers - Large.","http://www.argos.co.uk/static/Product/partNumber/2922708.htm","","more details on Velform Sweat Shapers - Large.","http://argos.scene7.com/is/image/Argos/2922708_R_SET?$Listers$","more details on Velform Sweat Shapers - Large.","","Order now for delivery <span>within <span>2 days</span></span>","2","Reserve now for free store pick-up in 2-3 days","2; 3","Compare"
"http://www.argos.co.uk/static/Product/partNumber/2975047.htm","Velform Sweat Shapers - Medium.","more details on Velform Sweat Shapers - Medium.","2975047","39.99","","","","","","http://www.argos.co.uk/static/Product/partNumber/2975047.htm#pdpProductReviews","(1)","","http://www.argos.co.uk/wcsstore/argos/en_GB/images/rating/stars/rating-5_0.gif","","1","http://www.argos.co.uk/wcsstore/argos/en_GB/images/icon_collection_grey.png","","http://www.argos.co.uk/wcsstore/argos/en_GB/images/green_arrow.png","","http://www.argos.co.uk/wcsstore/argos/en_GB/images/icon_collection_disabled.png","","http://www.argos.co.uk/wcsstore/argos/en_GB/images/grey_arrow.gif","","http://www.argos.co.uk/wcsstore/argos/en_GB/images/icon_delivery_grey.png","","http://www.argos.co.uk/wcsstore/argos/en_GB/images/icon_delivery_disabled.png","","","http://www.argos.co.uk/webapp/wcs/stores/servlet/ArgosProductPurchaseNoJS?storeId=10151&langId=110&catalogId=25051&URL=OrderItemDisplay&errorViewName=ArgosGenericErrorView&catEntryId=1206082&partNumber=2975047&quantity=1","Add To Trolley","Buy or Reserve Velform Sweat Shapers - Medium.","http://www.argos.co.uk/webapp/wcs/stores/servlet/ArgosProductPurchaseNoJS?storeId=10151&langId=110&catalogId=25051&URL=OrderItemDisplay&errorViewName=ArgosGenericErrorView&catEntryId=1206082&partNumber=2975047&quantity=1","Buy or Reserve","Buy or Reserve Velform Sweat Shapers - Medium.","http://www.argos.co.uk/static/Product/partNumber/2975047.htm","","more details on Velform Sweat Shapers - Medium.","http://argos.scene7.com/is/image/Argos/2975047_R_SET?$Listers$","more details on Velform Sweat Shapers - Medium.","","Order now for delivery <span>within <span>2 days</span></span>","2","Reserve now for free store pick-up in 2-3 days","2; 3","Compare"
"http://www.argos.co.uk/static/Product/partNumber/1896921.htm","Emma Bridgewater Women's Starry Skies Raincoat.","more details on Emma Bridgewater Women's Starry Skies Raincoat.","1896921","44.99","","","","","","","","","","","","http://www.argos.co.uk/wcsstore/argos/en_GB/images/icon_collection_grey.png","","http://www.argos.co.uk/wcsstore/argos/en_GB/images/green_arrow.png","","http://www.argos.co.uk/wcsstore/argos/en_GB/images/icon_collection_disabled.png","","http://www.argos.co.uk/wcsstore/argos/en_GB/images/grey_arrow.gif","","http://www.argos.co.uk/wcsstore/argos/en_GB/images/icon_delivery_grey.png","","http://www.argos.co.uk/wcsstore/argos/en_GB/images/icon_delivery_disabled.png","","+ Free Delivery","http://www.argos.co.uk/webapp/wcs/stores/servlet/ArgosProductPurchaseNoJS?storeId=10151&langId=110&catalogId=25051&URL=OrderItemDisplay&errorViewName=ArgosGenericErrorView&catEntryId=1089556&partNumber=1896921&quantity=1","Add To Trolley","Buy or Reserve Emma Bridgewater Women's Starry Skies Raincoat.","http://www.argos.co.uk/webapp/wcs/stores/servlet/ArgosProductPurchaseNoJS?storeId=10151&langId=110&catalogId=25051&URL=OrderItemDisplay&errorViewName=ArgosGenericErrorView&catEntryId=1089556&partNumber=1896921&quantity=1","Buy or Reserve","Buy or Reserve Emma Bridgewater Women's Starry Skies Raincoat.","http://www.argos.co.uk/static/Product/partNumber/1896921.htm","","more details on Emma Bridgewater Women's Starry Skies Raincoat.","http://argos.scene7.com/is/image/Argos/1896921_R_SET?$Listers$","more details on Emma Bridgewater Women's Starry Skies Raincoat.","Click on image to see all options","","","","",""
"http://www.argos.co.uk/static/Product/partNumber/2417196.htm","Trespass Women's Purple Jacket.","more details on Trespass Women's Purple Jacket.","2417196","49.99","","","","","","http://www.argos.co.uk/static/Product/partNumber/2417196.htm#pdpProductReviews","(7)","","http://www.argos.co.uk/wcsstore/argos/en_GB/images/rating/stars/rating-4_6.gif","","7","http://www.argos.co.uk/wcsstore/argos/en_GB/images/icon_collection_grey.png","","http://www.argos.co.uk/wcsstore/argos/en_GB/images/green_arrow.png","","http://www.argos.co.uk/wcsstore/argos/en_GB/images/icon_collection_disabled.png","","http://www.argos.co.uk/wcsstore/argos/en_GB/images/grey_arrow.gif","","http://www.argos.co.uk/wcsstore/argos/en_GB/images/icon_delivery_grey.png","","http://www.argos.co.uk/wcsstore/argos/en_GB/images/icon_delivery_disabled.png","","","http://www.argos.co.uk/webapp/wcs/stores/servlet/ArgosProductPurchaseNoJS?storeId=10151&langId=110&catalogId=25051&URL=OrderItemDisplay&errorViewName=ArgosGenericErrorView&catEntryId=1159140&partNumber=2417196&quantity=1","Add To Trolley","Buy or Reserve Trespass Women's Purple Jacket.","http://www.argos.co.uk/webapp/wcs/stores/servlet/ArgosProductPurchaseNoJS?storeId=10151&langId=110&catalogId=25051&URL=OrderItemDisplay&errorViewName=ArgosGenericErrorView&catEntryId=1159140&partNumber=2417196&quantity=1","Buy or Reserve","Buy or Reserve Trespass Women's Purple Jacket.","http://www.argos.co.uk/static/Product/partNumber/2417196.htm","","more details on Trespass Women's Purple Jacket.","http://argos.scene7.com/is/image/Argos/2417196_R_SET?$Listers$","more details on Trespass Women's Purple Jacket.","Click on image to see all options","","","","",""
"http://www.argos.co.uk/static/Product/partNumber/8160636.htm","Dare 2b Women's Psychedelic Bodywarmer. .","more details on Dare 2b Women's Psychedelic Bodywarmer. .","8160636","49.99","","","","","","","","","","","","http://www.argos.co.uk/wcsstore/argos/en_GB/images/icon_collection_grey.png","","http://www.argos.co.uk/wcsstore/argos/en_GB/images/green_arrow.png","","http://www.argos.co.uk/wcsstore/argos/en_GB/images/icon_collection_disabled.png","","http://www.argos.co.uk/wcsstore/argos/en_GB/images/grey_arrow.gif","","http://www.argos.co.uk/wcsstore/argos/en_GB/images/icon_delivery_grey.png","","http://www.argos.co.uk/wcsstore/argos/en_GB/images/icon_delivery_disabled.png","","","http://www.argos.co.uk/webapp/wcs/stores/servlet/ArgosProductPurchaseNoJS?storeId=10151&langId=110&catalogId=25051&URL=OrderItemDisplay&errorViewName=ArgosGenericErrorView&catEntryId=565950&partNumber=8160636&quantity=1","Add To Trolley","Buy or Reserve Dare 2b Women's Psychedelic Bodywarmer. .","http://www.argos.co.uk/webapp/wcs/stores/servlet/ArgosProductPurchaseNoJS?storeId=10151&langId=110&catalogId=25051&URL=OrderItemDisplay&errorViewName=ArgosGenericErrorView&catEntryId=565950&partNumber=8160636&quantity=1","Buy or Reserve","Buy or Reserve Dare 2b Women's Psychedelic Bodywarmer. .","http://www.argos.co.uk/static/Product/partNumber/8160636.htm","","more details on Dare 2b Women's Psychedelic Bodywarmer. .","http://www.argos.co.uk/wcsstore/argos/images/568-8077949IEUC1038839T.jpg","more details on Dare 2b Women's Psychedelic Bodywarmer. .","Click on image to see all options","","","","",""